2205974 2579274 5489160 8788766 1899339 1478480 7768470 4382670 2696726 132175
4947348 1643089 7194952 5782411 2252324 8899801 6980671 4109051 4886656 2129091
1412245 1454118 5716701 5443329 4756200 6477409 4022177 3927062 219956 2598282
6007359 5811579 8505626 3218359 3361930 3335831 7916589 9967957 3893067 5000568
6897600 5889163 9663490 2468673 4358602 2951935 2745566 2038048 8572083 5592821
6070249 1736641 3434700 6313310 356872 4725234 9280419 7294729 4867623 9035930
535624 3859239 1532434 2766324 1692155 297891 6805033 3354129 836253 9854556
2527083 2160523 469426 697956 731393 2109733 1338403 2583505 4270595 5446075
6727522 8791403 2931598 1922836 3109985 5124339 3077339 6772787 1368575 7283120
8048241 4154773 3708293 5640978 2156643 6241183 550001 30141 4631628 9533677
2712445 7929216 1757163 8715466 1576509 8359190 7332218 30170 7663029 7508785
2374995 3404481 1139153 8350214 8055472 2615462 8962587 5109332 746763 1844255
4464175 7295457 1846930 1704471 8408751 8845950 5525278 1583503 5620817 6515000
729751 3673854 8217722 8753963 8366360 800151 9331352 2864911 3144409 9235234
3281917 5218420 4839074 1186870 3378903 7029310 9082033 4564332 2445680 4759694
3944505 3309726 5639901 8873722 4725181 7140222 375548 82575 581223 1371690
3344799 4806468 7426184 3733095 7978786 2790088 4069088 9240302 5326594 6056465
6580176 9912194 4939365 2244493 8726158 3690287 5478623 5786810 5355163 5878246
7261442 6534133 4764659 3899095 2309442 3174356 5441923 2939424 2084298 2257931
7994764 4009616 8973578 9072155 1535903 1953623 8958605 3983266 1005656 369766
1388810 1252714 9442677 9622177 8579859 4374895 2359597 210528 5856578 5901797
5995017 1982225 7485992 2748884 4254449 9435043 8387324 3239392 3898506 4645878
1633931 8839082 5271224 1324853 4870047 2496820 5088261 4197844 9556481 3455370
1005283 1988077 9791051 6946832 1271959 2106185 858219 4604866 8310330 6564741
6617712 4802408 129312 6605220 4265575 5535794 4143509 4673620 9680496 2787663
222549 2002134 1958702 1326037 1955675 9025033 2694391 8032861 5598199 5792553
781960 3356219 7548475 5107001 2715792 4412586 1987761 5191679 3227771 2700220
884423 4768508 2638347 1869320 3264879 8520777 1082732 6920578 4470791 3575762
6654658 7364279 1665802 6229863 7298851 4400658 4389660 4909832 3510903 6965407
261687 4102296 7360025 4248643 8460841 9287964 6754361 5782690 151347 8762411
7953529 8854983 1863323 8730769 8342222 259528 6795682 6207215 1898694 3353624
6879384 2177887 2541998 7136024 3534320 1824466 5153345 8325632 721537 541043
4453624 30990 463478 8990632 6877606 7924912 5018590 9816865 3191027 9096056
3063190 8684087 3889152 986880 3968777 3094998 1642134 1595906 6608106 1947649
8699782 7288428 5643396 2348761 2823237 5121840 5152489 3836449 6727133 7691927
5959404 8212627 1847866 3111490 694787 5135992 2056916 7423024 2064118 3021224
5850156 169895 9511148 3691813 5576843 4628088 9792673 3221793 293282 6119344
2311712 8109297 2506070 4237439 7210538 2582140 9533778 4785961 1905109 7147639
1945287 506857 2985512 6232496 4679756 463392 186432 1745934 5777987 2931331
6125586 1514182 2253090 5545139 7116907 7599088 8258534 6976462 3357896 5589021
2136515 7146472 1784816 6393583 7412431 1282023 8860933 2949886 2733373 2338634
8087622 5273302 3151287 4222949 6651331 6503871 3243561 2834518 1214083 3302112
1597030 3029673 9647038 7023648 7693461 1623251 5281635 4888738 3514560 6016542
5934464 5843718 2732520 1191335 2236804 6085264 6610253 9662046 1392320 4884150
5811536 3073672 251067 494785 6364010 4450682 6385549 6694002 454765 1497542
8165099 29868 6836845 7446588 700520 8105015 3399919 9747706 9351683 5004856
4942727 9029461 8876997 1062490 5758872 7101769 5159915 964387 7813131 4783082
8301657 6347302 8560497 6805855 9458585 2400897 3321499 9116600 1826536 4393815
922444 6118735 3085629 715183 9496860 5224384 8162384 7406087 912707 2028666
5693968 6223299 3783438 3036065 878413 8010619 5752117 4549943 9902723 5314964
6029481 3707944 4764461 9907220 2337365 9104932 778703 6669582 4400844 7707920
8533496 8123867 4265975 4582289 1633535 5694089 2954595 4057785 4781677 3350248
3736516 4612418 8254795 6765054 2761972 6272446 3857379 3700449 822411 687949
3174796 7300233 3614507 4936066 7428561 5674050 5908420 4397074 1624315 2795715
5507787 7168095 8520115 5980562 7412323 4349435 693424 3725459 6478061 9629470
4714191 9936003 3331833 5909930 6204419 8971621 1564884 8483854 5782113 4669338
9146568 3394909 5590833 1960928 8689788 2642361 1198041 5648092 5775262 257975
772611 656443 1685753 6076974 5272132 5615404 6887469 7164640 4795860 1796292
6642974 4860693 8770759 1969010 383683 1940667 8513843 7013333 1542075 4609465
6765236 3195921 6060473 6623273 6536024 4508358 8550695 1281517 7841208 189047
6247 5615185 8901477 9513344 4408683 4955098 1487739 3223854 799950 1690353
3118996 4066427 3974926 2241831 5830663 4828970 4837043 8387625 6641360 4574743
3726853 9925461 5497939 4678154 1746692 4174932 7176637 8786971 8695716 2197217
2126725 8849846 8237815 9077331 6810483 4463205 5725053 5837176 4377597 1828486
2282180 6504414 731933 9849013 3694785 8870406 6223540 4604439 8993823 3182761
1692311 2973586 3732159 2609418 4731088 1167713 3659613 363672 5584447 5744108
7449689 9792273 5951097 4391665 3218087 7460421 2313422 4515327 9668484 8223897
9390396 6807978 608412 4621550 673376 7371936 8313506 3655515 8879745 9768003
523080 4033234 761505 9352653 9233810 674842 6431795 2919710 9576079 5943412
80749 3281432 7704310 2611043 581465 1534830 5732094 9659916 2820398 7861110
9832449 6318395 5296379 1892601 1702338 4291529 1514973 3378613 2897761 5514639
5193456 2228525 8490344 9530577 1959589 4238862 9055464 1537742 766390 4408816
9142151 4541745 2415444 9076804 2128892 7255803 5789355 1232456 2413766 2824920
3832005 2603731 3698583 9363185 1334194 4243738 4006208 3434283 6230485 9649176
4901696 465724 2637514 7552039 3471881 9732850 5531733 3240736 8279756 1904653
2362126 1123517 6658718 3149990 5969078 4886808 2264965 4800718 2760994 3115781
3317038 9838874 8517266 9536503 812748 7011924 8390353 3463863 8531010 3689195
433519 9289323 4086887 1454541 8700432 4962402 9014227 4098042 8378369 2739974
9765677 3799003 9308085 6651213 4697768 9619182 7721882 9852138 2177646 3073280
2575989 4137142 2262757 2830733 5606603 1084457 6491099 7677622 8935749 1608295
631400 2424149 321897 3556100 7582886 5886784 6306406 4983838 5599555 5919185
5311339 2422861 3660851 5225990 4411026 2610275 740449 9521424 9924212 601099
6124073 7450604 9992256 4782738 4142715 8921562 5626909 1693842 4318963 4493611
5632143 7891706 7407649 8708008 5785237 3697819 4875956 3485182 8390003 5604872
9094615 9976896 9483516 9573793 4948613 2172839 4790639 6244115 4918672 1874509
4410137 5442802 4591332 2685344 7460941 7071653 4808668 221053 1745822 6710654
6810431 3504844 1085221 3597843 8849509 43622 6524551 8135510 99420 464413
8550344 7737335 4663727 7353780 1927214 2188444 4838258 1597867 7467408 1050650
5034423 3769159 6843486 5221345 1280912 6445998 6750137 6734338 1293881 9837660
8531600 5897368 9537542 4494856 1572709 6473086 8625406 3340122 9375028 1529453
4165399 670394 1077697 9345371 6155275 4398050 745885 6252916 2403170 834698
227967 8926438 4535080 5350177 5881183 8539225 3942402 8281132 3340612 3898834
1283840 3466998 848884 6715484 8025130 2513760 1566314 1649058 959971 8567765
2950045 7732780 6652331 3579232 5185635 4269616 7488470 3861183 3108066 4919831
7241935 4394028 857256 7333804 2667068 5208653 5689724 647381 81250 8548408
5789356 5407344 5495008 2726167 938389 2188888 760220 2120074 6028660 778704
2055130 9961693 3457427 8067595 2502508 4199727 2179512 2926070 6367821 1459282
549306 3045294 196717 9896016 8094908 1548881 4294824 5839631 9036027 4450466
1244916 8747093 197824 7865285 7761141 5001960 6914138 4476565 8656275 4225425
3905190 6578022 5768534 133733 2973808 8139073 3466256 9114709 5766104 6239299
8494853 3952314 9306162 5492351 359565 6929746 8976559 818309 4932864 4218811
1289519 7843958 4152097 4608961 5425619 1373808 3893414 9165620 7913552 148651
4932500 6191867 8477389 6753052 7629326 1379492 3356556 8555227 8963106 8160363
1653468 6897238 3547608 5251178 3688420 7257593 5415237 4284703 6254099 8281635
5747713 5090881 7197086 1095271 9658358 9487601 9680484 5259935 161496 6986646
2577231 3712710 3458691 9413969 3160903 3544746 5055036 5392488 2835926 7141390
2109994 1409858 6441120 7190487 6608902 5901087 4924834 6087172 5641483 3475573
216898 8362105 3478137 5170283 4540968 7240433 1101511 2803752 8551274 8782611
1743591 6874147 895734 9650063 662696 7878599 9674834 7734670 8073037 2819762
1882333 9805580 8732471 461720 3213795 6648971 7509597 2827811 9354907 1654876
5662681 8133260 2891417 9266867 2312584 9361535 5085999 9712660 4963970 5637206
5667442 6876513 7333929 3068611 7686445 2033549 609003 3209771 7395661 5258213
1968082 886754 3745216 6215909 2950491 7289076 7758232 9390024 4395559 3005352
4953361 3262067 4791059 9382936 4313907 3675091 8112015 2689438 7518673 6845763
8544761 3265645 5687694 5661603 3138592 6520433 3749723 3900822 4711376 1572575
8018201 8172653 3371783 1119862 754100 1696991 8808666 2339215 565737 8917646
5095095 8021400 9405832 4517846 630778 2985773 7974133 610487 1084036 7537355
2607353 6355959 1521076 3023399 3436910 4428336 551760 8841473 8321852 7240136
9050807 5716775 6919615 4036083 6208665 3333336 7844003 9445120 2508983 7268795
3588920 7008067 5154078 8756920 2987952 6124095 7914208 9133082 9978762 4196036
1260229 7332380 6588088 1693306 2459873 8879491 4037605 1734552 5069984 2957418
5928170 1662948 6885189 3282115 23439 8167319 674377 1688635 7982584 5354128
8320732 5146826 8876021 6834412 1813502 9311433 7910121 736651 7816360 5396983
7932201 792451 7826829 2637917 5915280 4761817 4785307 6637140 57836 266682
6590694 8554548 3101752 1640881 6462556 303705 4241588 3295846 6082931 2627193
42225 1149200 1417590 1978947 577648 7691365 6399750 5955472 2226059 1158933
7712630 8784561 1221669 6894522 7754339 6600962 4132700 3635571 4671145 1163336
5137204 2487283 7924942 8682706 2396471 930380 8759515 4246501 1110778 9888812
818397 2569795 7816001 930920 8755393 1358845 914217 5987333 9689770 9251909
8062644 7121261 9758710 6840898 7502040 6363690 7764896 5423347 6958211 3184914
6839175 7098519 9026617 2636323 5469857 9425159 4945023 390083 5914104 455587
4081086 2820711 1806467 154168 2293813 26602 5485329 3114301 6348133 5825083
4426602 7827744 2671350 3302801 8991715 7645845 9331303 3862880 1187417 1456910
8928673 1777131 6663694 6351630 7209168 8301083 3617728 9542733 4249051 4040777
9422018 1001507 6176820 9700380 4395542 7787022 3969007 7818709 5502611 1183343
8105114 3308647 6422001 1567337 4442428 4921981 3345108 8342640 4559700 9121596
8403880 2107976 5954981 5014140 2846436 7527637 7555693 4163754 4721152 5894807
9779399 1059231 4238889 1164525 4039542 4695912 5147883 9764446 8440124 6575561
5354875 3626710 5148945 9176910 8252822 5794158 3818480 1851879 5352062 4621473
4598392 6664192 2815213 284871 3543976 3649373 2063523 6811604 9173402 6106971
8135285 6023674 7677894 5935443 9232736 5706331 5990821 7842335 2584646 2496004
1376227 9411216 7455485 7269388 5657358 5258165 6678023 8072104 78608 4313778
6004975 1898227 7435456 7564511 6624183 8975055 5772338 34732 1581812 7311479
4055662 4973402 7793552 893565 4778082 6208474 3953822 9361027 2127645 3342992
8589885 8942580 2620862 4575653 4953904 200707 3558816 5610309 6043772 7866058
7373326 5595836 3660329 8198477 1800384 387629 570921 1956950 6330268 4886064
6965389 3694379 9607702 6600132 4724210 5505193 1707454 7460583 8260849 5731522
4505376 3919265 4664636 5522852 757490 2979560 834493 6951564 5156223 6352223
2504802 3543913 5339914 6169035 6317028 6121268 8718373 9269167 4932158 7864092
9976436 7408647 1141901 3649591 5980592 5204144 5268859 4811131 2964737 7587655
5191562 7207951 8100261 5391710 6826218 5029607 4640033 5823887 1392739 4040810
4047828 1304821 7319706 6823357 1407616 7756334 2491359 2498661 4130960 31205
2404890 4326625 6697213 1590391 3865259 3990370 954331 5542543 194009 5036463
1647478 755292 5530447 3051617 966618 8852329 1757952 3828543 875131 5996138
8173030 2872332 6740054 3668017 5634049 6337524 7777201 5101407 1863810 8612724
4174729 8196250 5370042 2002251 2374270 6123814 8718293 9139612 7872567 1603146
9458685 5951929 6693945 9565330 1223438 892910 8585137 5983500 3434620 4355037
6646069 1074492 2789647 8924714 328322 6174393 6066162 2605337 2045094 5250296
6024223 3900899 2891929 3192536 4798312 2186925 5723375 4649670 7852269 1831562
4117410 7997618 6287107 5179744 7587067 5528482 5172723 9510469 1470781 6775004
361359 1574062 7191481 5034765 5332791 4354437 3001807 6333391 9031497 1347680
674663 8800757 9764974 2182981 4765065 6344532 6820384 9799231 6701876 1041181
5565599 512681 9034638 1456286 6910072 8819455 8450342 7383531 2041777 6676296
6879630 2013588 8228572 3130388 7873220 7828419 8374826 8645126 3911827 6014111
1288377 5877015 7606004 6399088 2692880 4586546 8986961 1357290 4021951 4338447
9388941 5753419 2542700 3327391 7585706 7345691 6175269 5358197 1054330 6282540
7767523 3557229 610499 254933 8173823 1797426 2480806 5690411 9295965 2551888
9738125 1539816 8733273 602287 6637729 3347159 290283 2324957 8695584 2918330
9968312 8057058 8940043 2775884 8887637 5312544 7546683 7370417 9085590 4473808
5035087 7377773 1633139 7331706 3535912 979739 6427496 3672980 5263242 4686889
5617556 7436187 5683651 411817 9720230 364066 8003220 8681175 9562531 8117594
6631047 1240074 2151005 3064845 3095446 9356277 7214755 6949484 7288984 3008032
2380679 5448461 8550256 6939975 7883205 7113313 2409265 7629003 4001033 1409109
4220205 9030785 5209058 4026277 3066591 3799713 2465769 2925916 6627400 4742539
9466866 8793847 1555390 1519142 7583813 3248086 77509 7915718 6597675 3195888
3817715 5649129 1410096 423256 5718859 7451317 625728 535407 1731150 6283931
9473491 1810542 9862912 9566969 2400709 5812333 4025489 1273788 6444703 2311211
3750759 5856425 9131822 5351513 7259632 4148936 264277 3446791 6135321 1063251
6967260 1995845 8374543 1923010 3025475 3521083 6894758 9450240 3675187 7301458
8915298 3416929 1079294 6820614 277811 6605575 6065661 9899590 6510251 8488927
2737440 4840859 8556131 666867 1767593 2189468 1592653 7101951 2228276 2875920
418318 6879577 4647543 6154617 221702 9394632 3503038 7835181 2893424 3574151
2116074 8584353 6014043 377830 3869325 1371626 9401627 6424394 5744268 4109179
366077 1077302 3970616 4325080 4455567 3697693 3395065 5496559 6356201 8257033
6905341 5969475 769706 7521457 9630528 96810 4653138 2694554 9478876 8604184
8550953 3199579 904315 9355488 2924399 6397882 1002816 9516893 7306857 724658
3388225 2388185 7461327 8871334 5194268 8748417 531318 804947 4764413 5019802
558369 7727411 2469611 9209445 3468387 9176329 7193361 3304598 653024 6215140
1086237 826057 6212070 4960546 5168753 9690534 8629968 1696198 2820526 3431622
5528381 9033014 7723969 992817 3509046 9269412 3237118 2745212 2132997 277310
36320 4080854 9097949 9153202 2729034 144541 3672313 9919956 4772160 5587804
3040445 8987779 4240317 4834127 3846131 5563473 8614369 6434768 9390763 455504
9496576 6970695 37079 6851354 9789206 2723061 7708651 4490655 8473238 9154817
249054 5715360 1145248 6663300 6388398 6927323 2747368 5241707 5759007 9204401
1880222 6939185 140792 8570663 5854881 2950407 1363578 3164946 2227471 8775116
1224672 5753015 2132444 6528677 4472583 4277512 4295499 7431997 7834857 6985467
6277825 6308123 9883718 8370386 2888316 4766093 2145829 5117875 3590892 8236083
7918440 4013070 5061390 5928174 3617719 2649444 3928534 2949071 9387152 6555102
6925496 3455766 516343 6224556 2470772 1162635 8230420 730635 2760006 1840781
5499505 4889322 1782487 48689 5676082 4619763 3619316 1602103 560150 7595625
7980808 2074016 2579485 9925497 602986 7686537 7277915 9786814 9420398 2632949
1748462 4004279 7237074 7985904 17834 5480426 1460730 3547670 4200051 4780300
3611706 8218996 3630542 3242323 482061 480122 432561 5492371 5446384 2708415
2783482 7623022 9086418 8765926 7785430 8547492 3178426 6095675 7401983 941357
84251 8076156 8130522 1558442 2980226 7469870 8277049 4301253 3498299 5814206
5591094 7967938 7860996 5708717 8017580 8854028 6678627 8277642 1123537 787307
1130222 1031229 4257044 8148259 3239493 8841121 8002083 7780252 6833940 6958271
578266 8608212 5740169 6909346 1384646 2441825 4687316 5471750 965772 7319241
5646922 3949291 8308792 691139 2757777 3927098 8781785 3164762 9190540 8170148
9031139 9530055 291371 6785265 6028142 5896082 8980460 1068251 605331 3153239
3943881 2475296 5063011 8129531 3471251 2866915 2943299 5437616 7429867 1193324
6264889 8529915 8501202 1926028 1323208 7518789 9413469 3563208 8453168 1152568
3762169 9588783 9096749 5000485 629158 7416436 2680621 6354728 6513309 3039054
527162 2016342 7687775 7894867 2972524 4009528 7935420 4697112 1868779 6555793
5118027 1692559 8473859 481828 7740933 7246696 4098308 9267766 5190486 334443
4655334 8798159 6859140 5453758 8004948 7944546 3781322 8280255 1533198 4073548
8781740 7971199 2816750 685030 7336385 2393586 5878679 6825689 5110031 627736
6001732 272452 2814611 6809274 3581136 2502600 7384102 6136883 2293705 4965478
5000812 7554557 4104750 6398486 9594117 5522824 5916081 8529176 5549914 3651767
737788 3644596 3325804 622854 1131175 1648114 4519204 4855943 5233287 6306001
5802682 877690 5632494 6303109 4678872 9518582 8247178 5390053 8723008 9884411
6796540 9438749 1962772 3800615 7131629 4630938 2570057 1757225 8923974 7704727
3208315 5138050 4900940 1202498 2886830 2275621 6191477 7758422 7895272 4311671
2720947 2543285 5771062 4855835 4034580 2454189 4980660 7778048 3465695 6842134
2849687 7989598 7209670 8703878 4196237 5400659 6991000 4629280 9909395 6535502
5932131 3034026 1365097 565984 418202 7447781 4194970 6493956 5153707 1642880
8285738 4732677 1096283 6808963 7444827 5019768 9124906 3635136 7647162 1709925
8186673 4201431 3738191 167245 2035919 5239798 9104719 1600486 3920403 178489
8441700 1535383 5758871 5572851 2753724 1710100 4298817 2088522 4547204 3928009
2279434 6074865 3362160 1618769 7683056 9516993 9498895 4685074 4221481 1064029
2991145 2879798 8304507 3606489 8617646 3365128 1423500 717080 7267024 1910116
8513441 9153383 7533853 5566659 3522451 733690 5240406 6108518 3910438 9367327
7339259 7337175 5570283 8262163 8151775 8042308 8772028 1847697 8109301 9803357
1675973 4705624 5355318 3872081 614323 875380 8381085 3906919 3794736 9248733
1991373 79851 6989699 6474322 857181 227964 3088993 486447 4734535 3293801
8012495 6078761 1938242 9011645 3855147 6254308 137707 9368551 7400958 1374191
6561459 261189 9944857 4561989 6118435 9021905 7421627 8712379 9413635 5116425
6300452 4605442 6114521 2640741 6792433 9867269 6191144 7201825 2705424 554058
2701131 7639595 1292635 8851319 5595501 8507933 6157627 8657075 1749831 3112734
7878174 4956666 3841494 8655193 662545 9847143 790726 2032441 4717827 1481944
2800436 5680092 4217811 4053991 6822560 2718046 5961450 6589325 2529927 6732750
4990652 5169663 8977886 6292130 7619405 9897464 916678 8334677 9302106 5190940
4156977 9079288 1093713 408639 4612866 6128667 8998572 2210936 8780149 9191845
3930823 8355897 7309769 2378133 926518 6434472 6109757 3431551 7913315 1018675
8088311 3481287 8700207 734930 4724112 4339420 1177258 266688 2852980 4761158
3963708 7079186 4718680 6897613 9456685 2643455 626736 4701912 6794086 5776878
7507921 3235685 9115866 4699468 529281 1237801 2853305 1488369 2879279 5497521
6869917 5967585 3519933 768916 2867200 6866889 8253375 2797923 9997908 6872681
6433891 7806891 2887136 9042343 9188049 2972406 7146375 8756502 17784 3132219
5279199 117573 7059780 7913197 2905395 8751018 7015617 4585919 1314279 2745527
2426790 9952421 4257814 3377408 1692392 9108333 7631156 9978511 9585342 3004806
2045812 4145358 1320467 2420405 4736264 337526 9913105 9877371 8238755 6147236
332450 201935 8882923 2665121 210841 4666560 476456 3458628 1201881 272786
8091614 5049616 4789516 2775462 8838640 5305646 1789575 8416733 9708375 5678031
4253857 8402275 2334520 2634463 9532355 9308267 485395 5836919 1230420 7791522
414396 7878401 2175103 1555305 5059585 4902922 1263851 3006808 1854108 8961396
6382932 5850160 2359905 1337386 4522005 9667581 9673201 7052717 7091950 6874223
8207829 1274698 4060164 2527915 4249912 7006425 6619253 9910327 9523185 5954983
577902 3052988 1160654 8525062 2318352 438338 7871392 1446998 4869881 9792031
738906 2251317 4231164 2389511 6164311 2419989 2604148 6084918 5803510 7366470
410290 3659796 848038 1540277 972540 1094401 6309807 8416558 4921796 6749452
6828856 5728031 2910616 2168654 1257978 1260421 511326 3336926 5137759 5803338
8347856 9510987 3967527 816932 462904 450240 9576834 693262 3080740 9536859
7266951 7155669 1528078 7322873 99317 6783131 1485570 5229466 3408113 2958156
476616 7545369 7118418 2112683 2019019 5127876 8158423 6202584 2937821 9329029
244284 3069784 2856561 1418079 3763289 2153391 3943545 178382 8341482 9654120
3659471 7945924 1676539 6373152 9151074 3589026 9034102 9917910 3655227 8571437
7536675 5130168 1716710 2808229 3773378 2382933 2545800 6593586 9396037 4217634
5743095 7371947 6597295 7982365 579269 3452987 8135388 2849610 9165964 3765020
9666881 8951613 2790543 7959750 8208459 248770 5624520 8424131 3812007 7681088
3936621 6851059 6901202 1417264 9478273 5924762 3609846 1155900 8432655 2575318
2620758 9300416 1100362 9786277 1076705 223217 7986564 8890560 8176368 3003483
5794689 8000294 9279905 3304472 931206 6431964 6926174 5321056 4729992 6673166
3220845 4181432 5215812 7597840 5913721 3010856 7426440 80891 8178771 6529775
5399181 3215546 4097064 8503228 2240597 3223261 6772753 5056939 8718782 1299226
9116078 3819078 7706985 6139972 6350645 729208 3676395 2899274 8599009 1842563
6641778 7079269 151731 686849 6127992 8902265 6107758 8995379 8314056 7221262
3985912 4124370 2257949 7053967 531725 8937806 1308536 8967881 6098616 2021890
6328152 4323639 7344265 1188299 3155972 2767563 7154511 7551044 4971678 7168397
165030 6274715 8626067 829197 8072661 4020602 8995274 6099065 3197394 7943765
5923978 2545298 2724462 2206034 6876842 9675118 3098228 761781 22985 9956950
6703743 6053618 350261 2948909 4384528 5065307 1940597 9065493 9470788 9818535
6499967 9102507 6053095 498346 9211702 9123868 1000123 8809637 7288825 424235
8711435 8103356 6283724 9900192 3954077 5093952 1326641 1868815 5283737 4917939
5209197 5866355 9696740 1609030 4852517 373379 5716041 4401327 77330 3477980
1136300 4996720 1757563 5133514 2021623 3332131 389857 6180307 4871468 3815463
2638432 2849300 7996281 7449079 5767000 6319274 420111 2371219 6884899 6412544
8169767 3646012 8222479 294301 7500437 2228251 4927476 3994508 4070029 3893472
7990451 4622616 3050203 8241902 8008471 3860684 9450721 2709782 8085689 198789
5251060 4569419 3331149 6019794 145834 6519441 7251208 3338036 7214551 9721806
6205675 368180 2197628 5998553 2330593 2155491 4248260 9367642 9968433 1590610
6411192 7525384 7735258 3036963 1085557 648736 7274209 3118617 8529318 2256729
374213 9657007 8791173 3585603 5871577 4306892 8401533 7302237 9490536 5892127
5222964 8240018 2219170 2089188 2162694 5111089 4737579 8454390 3096470 6823937
4265246 4873289 4353619 1583622 9492499 2635266 8387503 828851 2233939 7002514
4518080 8984213 3277671 388924 692808 5168985 5880204 3129322 2256187 1101514
6386009 2136932 7127899 158279 5383057 2179242 5371277 3961277 5287739 6049508
8151569 7195249 874244 9575017 1558957 9869133 8808008 7555485 1647621 7802305
7300969 1843835 7496278 846162 2544741 1416950 6202526 4955646 5896040 8632038
9382750 8207881 8928378 9192298 3527829 2546409 6144922 5729984 4942831 581871
6375585 3183787 1670401 1005354 2408953 6080423 3055492 2658343 7959182 7636095
1731536 2931040 387217 2144327 5967843 6230766 7365991 9672489 5749970 1632609
2599415 4628529 7489913 8962861 6572262 6821285 649199 590497 9194093 8808747
4636662 8556954 7566261 1648303 8246962 8717412 1021430 3470776 3013419 2359903
9927771 1406857 7385671 9484014 9065262 7603910 5244857 1255226 5514726 278881
4335122 5914576 2142730 2101577 7168355 7088230 7204591 8363117 2765115 3917958
8430830 3671373 3183835 9344977 8650444 1134319 4753330 9362357 2902360 3366890
8236833 4798170 6252537 6715683 2355470 6143833 4654553 7675089 4675155 8057344
311532 6837143 8843172 9385492 7250212 1681700 7290445 9276359 3824567 9218768
4720520 7774643 4142302 9282456 4733208 7452029 903178 8405718 5673430 5002931
3566622 4921680 6534972 6794055 187752 9056752 1905245 7435771 7504030 9110538
8291154 2840720 8658216 9036146 2329581 3066772 9866461 5715260 4971137 1887890
2856061 1870954 7132140 995709 8755537 2518565 8909082 6799002 5080798 9611419
8190677 7125042 1455336 3945271 5304148 9163758 8094385 9920940 5134396 674555
9265571 7608734 3607121 9609029 3447442 9905367 8117425 4913347 5531905 7802214
3825152 8338214 7845907 1332608 6469323 2213674 1077858 803588 7348938 2658167
5394875 6106458 951973 757093 4048610 642413 3289514 7499602 8625390 9590021
5515421 6011265 9531476 4714807 3520899 1118077 7530248 1863454 4915101 1954887
8883278 8792169 6156 3280603 1222197 203689 6396192 5673263 6340478 3313575
2714334 3611189 2373386 6410225 5096126 2952400 3402208 1780663 3249709 2092657
5379937 4134166 9026313 2222312 3960547 6997837 3968796 9419523 6938989 2649700
2163635 384328 636325 3895965 3527485 6463448 9794359 5837845 5926815 957500
5087015 8157578 2368845 2044742 5082155 9372968 413882 7463037 77159 9156724
9410322 5477727 7263472 6581914 8202300 7340842 3943619 1369055 7681785 1621727
3248286 3235155 8187660 7064542 9507463 4289879 5218274 4498394 4308372 1402690
3230514 6865665 4706581 7778727 6009383 1937392 424395 525401 9910772 6846091
1172748 500652 3542178 4010911 3780513 3426949 1272996 3880030 4508223 1518681
216346 853638 6201204 4903612 8261107 6270871 9316157 5527394 6776054 9905462
1965900 3320743 9732152 3168238 1488210 8239363 4134399 6358399 4234553 7778233
461434 7362055 3776855 4787354 1159549 1233471 663817 7134134 4008798 5373631
4937811 292726 1990669 1753076 5959991 60440 6820973 9725248 2404429 3698843
9058687 845433 7978464 4387618 7963334 2332253 3676001 6421096 7353829 525872
9881758 2845529 314729 6047524 6758026 9016303 7168720 8165022 8247024 330115
1874862 6704953 4926448 3182378 9902058 1434281 2036410 661547 6063683 2561984
6747628 3959118 1702453 4496105 5526156 25802 9645963 4528636 8186192 5534097
5894153 9070968 6680112 4870553 9444281 5068656 6563939 6194057 3024538 1450392
9911561 1227221 761617 1445955 1420300 9197704 6815686 5280854 970798 377165
1007254 9402460 5576151 1479069 4790206 694890 7525562 9938874 7390785 3320539
4487656 8315753 2233304 1741439 2135818 318289 4260435 4505487 8235145 34556
5187138 8826996 5077121 6384350 7627838 726596 4539608 1050724 8589228 6995541
9522348 9407244 822778 732056 8653089 2847376 8363862 6310827 7256181 2062704
298287 8641708 5181304 487694 8094201 8659509 5577028 1823373 6072351 1606972
4095749 1191862 1775872 6402662 4444223 3442242 8280423 971635 4568861 6648660
9680110 4188469 1378202 15367 1084018 8947479 6774236 6218168 3575365 7603078
1616059 1054525 9410767 3279376 4452034 6685138 6184808 1691338 6645110 8959590
3599126 9484834 7026977 5117110 7889376 4826125 4142285 9985206 2378132 7803775
8626613 6655184 3586996 2953430 7568968 5170655 1181902 6812159 5086465 1494654
583181 1005863 4192670 2661616 2314577 7141641 3129116 9093009 2034182 6266092
4132012 6167272 2253415 2084027 2039716 7774709 6246900 5064408 7522455 1674981
7632330 1953405 3878019 2383074 8157558 5066364 5171141 2792779 4959337 7322518
3104694 2416146 5211200 5707211 4277497 8221499 6650582 5763367 5634296 6956463
4589099 8322204 4025052 1473659 3905755 8982983 4504327 9947998 9593547 5324692
5200782 4845082 2498344 2909530 4013418 4241123 7173497 399231 4438333 5224225
2300836 5035076 489729 9086817 4826199 4708760 1966123 6014805 9706626 7726144
6621986 8942455 7976651 4763046 7418319 3000357 5379141 4696658 7185233 7961779
407757 2458736 5741739 3717837 9731129 3235679 232852 9814676 4574191 6976086
83561 7134845 9062305 849022 3744827 799600 8217464 316910 5651555 1813981
58108 4776075 9946684 6582656 1122194 8849634 8559492 4985737 8441436 5073377
1438077 918502 7839001 414503 6776853 2113165 68562 4582179 6841137 6316812
2405694 6945588 175203 9533247 2513695 8974417 2318461 7541562 514988 3467570
7707071 9835327 4959047 1523956 1936404 9680426 698636 8582191 2583764 5000163
6503083 9807571 1053632 5227649 5172447 9094214 9966581 478084 9467442 4233306
9245842 920176 8573565 4085425 9371954 9421371 8657465 1473162 3697828 3351471
9431265 3833788 6147916 4061026 5145413 2305430 6131260 629354 815855 4281418
4182904 7902692 4656841 4830811 892595 557739 7352826 9382784 9777978 1157593
2164815 2704403 7984407 2363776 3586783 5383853 4530657 9959986 3135559 5069987
1575571 6171917 826195 6214975 3402991 8323524 8558692 7356327 3756815 8866147
1018931 7147905 9843201 4403703 8454278 3764911 697896 2013911 9360090 6369223
96659 300719 4466763 9207363 4846465 9800471 3503227 1720436 3449308 1370179
9623596 6267111 4162350 8382374 4531487 6761799 156096 63941 2534729 998158
5702918 5851372 4451483 1694980 4256867 4370380 3031627 4923180 640104 35163
382198 7595110 3109050 8967874 2119125 6394009 3974087 6134911 3789077 6636079
5658214 2437502 2669742 6496115 724022 932799 7647174 9679262 3552479 2912141
7372580 5443225 1204936 2770643 1594026 3005697 7274584 3218844 9007681 5612310
9602862 9647997 6898740 9471064 3806020 5414062 9448235 2395740 7533090 9964855
9090732 4849345 4798154 2478927 9296524 9031918 1557879 4749748 3402299 9808511
2497594 3511956 2693117 734303 4048754 6750329 8437309 6691571 9834853 7035073
7573802 9465216 7048402 398006 9365416 3817612 4251040 4851973 9042563 7294543
3242971 7648668 439893 2861058 596743 1692030 8965730 2787708 1537643 4286043
8567727 9717360 9221146 5179412 2467455 4365096 6342352 3900055 7506758 1943912
9588106 5108646 1481625 44622 4460443 2344321 1891447 4360561 8210751 3975889
6886327 6262377 6684310 9363671 5523260 31740 9266271 8571451 7280682 3853613
3908937 116589 4391970 2451941 2187778 4795639 5805485 3895503 7282297 5937779
6705209 1537673 2935188 4174577 6453119 747992 7355670 608904 6576521 4586165
4022556 1910639 6063033 3602195 6790117 3682907 2860821 2636282 9919781 8808144
6675059 6312797 7019929 4272475 3210535 2132830 6811019 9526886 9353798 3676959
7710218 1521673 8202359 8632258 9673670 8177335 3797168 6835799 2071486 436351
6273406 891444 7623806 3884787 1049773 4775278 2515853 94338 8366173 6911736
6092801 936516 8095176 564367 1955530 7709515 7950065 5520508 101469 1578357
712195 6488973 5329186 1184713 6739658 6512088 8946221 5547928 3820640 9438625
4154442 5976915 2208519 346891 5021646 4648606 4854652 3628180 864982 2892535
5744348 2304522 4999315 4428145 9390366 998355 213104 4010362 1264828 4670332
6780918 8481263 3607170 8970477 6444496 7175426 4580096 51189 5106886 7341055
2155571 3029936 732964 4846190 6295504 5888470 9573236 659205 8183553 6272181
5832022 7574167 2223772 7826405 7509654 687460 831089 3209632 7781032 6168160
6110499 143227 2048780 231705 7424293 8538980 735725 6588070 6074355 2389309
7317447 7160985 5219600 1206728 8502691 4351756 1986726 9830514 6573147 2908028
2648090 1730345 3851811 2876534 3151575 2071438 123606 5071446 9617340 6155348
6903447 7776450 3954211 9355600 4055624 1573065 9539218 3948242 992874 4926790
1244297 5111453 3664711 4761013 5697181 6654739 3975918 3562417 2993255 9009138
2763005 2601797 388808 6673507 4652173 8642787 2127253 486422 7019558 4796409
433277 2933992 7318478 8055876 9993730 2961969 2565760 1166848 4037885 8262978
1194495 8894666 9484623 1407712 1111354 6555844 9012174 9202058 5232354 2766661
5732157 4408413 9305114 3025455 398130 4035397 6501507 4905500 7397197 2344369
1739906 6381089 2380606 2541222 8434796 1100536 1821030 9153007 6980427 2044142
8515931 9861682 3030076 106274 5674345 2272787 6987528 8889072 4157485 6914064
9578486 6523189 8188823 7221095 4259891 4422314 3255067 6238873 1511770 4959304
4459714 5003048 2348907 2524966 1840221 1925402 7072912 4234408 3237578 4531249
828237 1191673 2246693 8775984 765606 6918286 4525033 4336913 8659549 621262
1609351 7819633 1704199 6538498 3674980 5949293 1998399 8277248 5643881 3989267
4502336 5417317 539305 1618413 8319914 1041293 15896 1588889 1442068 9371472
2392586 7088584 3898410 3687413 1807229 6054485 3425541 3678066 6523994 5160343
1628235 8817514 6449666 1119471 8403009 7292949 96419 9310373 2127599 797496
121671 2035058 165585 8307645 5560582 80902 5536067 4253091 8371409 8238668
3531683 7125053 7989587 57005 8800275 6619687 5007141 2037924 8494158 5198983
4739101 1904113 4270396 6077768 4085176 7926962 9919688 3248411 8281829 4917511
7124495 84302 4102857 6806079 552074 7904856 6565053 5110526 6115070 7885461
7692256 5856003 5921232 8868153 6541930 1795172 4093494 277193 3716911 4931272
4259973 5920395 9542829 4229220 8209592 2724715 4642245 8362446 9411123 3874603
3395916 2621082 248711 5194151 4200632 9027013 675662 4118210 373197 456809
3269491 2795176 8703537 2171215 9510868 5472380 6261007 7151861 3313426 3853325
6306601 3311645 544610 9025138 1068333 5719834 1634727 2928405 1526395 9616476
4578737 1914900 9648313 4773825 4117534 2545020 3453365 2685852 6737453 4003285
7348768 4562064 9386595 6692251 6883272 3516262 3017608 2424061 8810504 2923568
3971598 3153366 2673169 2582437 8667758 7057062 6749192 2609775 9648876 1130555
6869062 7981571 8656086 469773 2289107 3492406 5910681 4794026 4897864 8123499
2196316 2848376 326766 2549218 9787589 38577 3992066 7255294 1400540 7529320
5566855 1946874 5072078 3121959 8866844 3237813 1924703 2696052 9652969 7494972
1381609 2737111 3713923 7585751 5778799 3817287 8138043 4211344 7443104 9686287
1395155 7506095 4449699 1817659 574639 2692874 2038454 400002 2182442 1781009
147767 1890235 3074964 5936491 4406821 7503520 4084781 4933061 1200781 3847286
5326250 7216047 61911 8041153 5562450 7184191 607827 9288034 8762072 4246253
5913813 3199238 7845744 7461440 3339538 3599223 1412653 7294035 4861857 9074002
9605883 8056174 9583237 5500624 1909221 7262618 1998726 7297560 5722047 4271690
6266919 8322567 8105027 8541026 3084803 310253 5000418 182671 9352923 485224
9049417 5606527 2731017 4083798 9238050 3786428 808116 18824 8716817 8771000
7452337 6549016 9515155 8723317 112548 1836969 6997113 6134505 3709993 2173183
8275989 4601611 574342 6448508 6642050 9550459 4393571 4202301 7260281 1935336
1083220 2724490 1839592 9508247 8007107 2800924 8519376 7280326 6852129 8098305
4708097 9117161 8155069 2395305 4405635 7103381 7761149 8577541 5438671 3879342
2075588 7913399 3253515 9824486 575866 2962508 1823122 7002208 1387476 118888
7441570 629151 3880103 5367352 6710234 3037465 6170507 4681390 8387546 3006395
7752344 9757541 1838005 3718061 5416767 7156681 1057394 4040564 7746421 3095852
5845708 4001208 2476008 1966098 898167 3233114 2913765 7374730 6824561 8196528
7863196 6791226 854075 4106217 9555555 1149669 4076422 2642002 6558041 4531710
9160234 2928319 9985321 2728648 4397406 9653771 3155062 8172273 8854504 2299957
4032408 6715282 9904317 2786327 8998858 8097110 8405686 1820792 9954004 3157416
1993077 1053617 3488340 4975793 2679331 3673067 3791363 6806173 7049541 5710338
4317723 276550 748209 5940649 1959130 9269764 737551 2576222 2411043 6393196
6684143 9127566 38859 7898678 2992688 9918324 4634703 4125489 2794119 8714560
8502405 8561396 1700239 7433787 8131050 1082077 114790 8913494 8008264 4400590
9747146 7744663 1197487 6281831 8170235 6030642 3301833 2882665 3346568 1117822
2532255 6552526 9057440 3603651 4492270 3524653 9397404 1682541 5853380 6709251
7275445 2997366 4343817 658325 8435492 3835161 8404914 2009897 4841585 1566543
2420720 4826412 1535239 9090010 2079159 1428359 8572621 9681215 6606628 5137773
8024593 785889 5502356 6646530 6136417 5270894 2751414 9933641 3359087 9121156
9037126 718672 3688910 4440798 1162500 5161042 9687781 9820941 7088347 9473327
3699537 7037552 1058343 6875858 1852278 4773615 4838929 1065886 1633694 7420911
5308375 7045970 4577801 8789222 6574751 7724075 9743136 9653905 9095850 2584116
7551119 3082057 9061919 5799824 2645023 169604 5051285 861736 6135290 8245046
3138164 5437019 4326303 1441928 6635983 9106974 7155902 7347212 5021242 7191069
2412834 2817718 9907610 2522689 9290618 4940243 2964595 4674676 8648673 2557689
8461661 2992931 9587210 8717018 137908 6386122 9655118 3866570 7537428 2196906
6838626 1681882 900522 4677947 320272 6484395 7253318 8243409 7410960 826689
9517670 2205078 5818795 1325365 9266867 112600 658784 5835339 1387991 5387950
162976 2417697 7197265 2599931 2277037 643504 3579897 430169 4709808 8444518
1290431 8964254 2529184 3615535 4002210 9133030 1748136 7340013 6713245 8184165
8765910 6710433 6994936 3063659 2793002 6078803 7859368 5916360 5300224 2495790
2170357 4775931 6322128 9706128 2474765 4535145 552316 3950640 2389975 6981205
1641107 3906554 3127401 9852269 6466128 6626688 5849503 7531729 3778933 668984
1514933 835116 4130893 216554 5021051 6874144 1799679 6103179 3994029 4254362
2404316 1294556 4255821 2221911 4067174 2852243 7029048 8496743 2729630 5565599
6836978 8737800 380503 6880816 3822688 9560703 4913725 8966215 5193035 1215969
5209705 8226150 3447931 8859241 407304 2059354 2683774 3843875 8729774 5577263
6700104 9110071 3192520 3625744 2295975 6542134 3318056 6128035 2961280 2748631
8659579 6784234 4364616 5998761 9878410 3924391 8316775 3611209 6396276 8767514
4063624 2086685 1920210 3571922 4172946 9166531 646041 7464045 4203732 2795850
5047078 8887434 8636020 8897668 7910288 8201492 7250573 6766059 796614 8552359
5855493 2587759 8079223 3603952 9447438 9732034 6537859 5263747 5115489 7773085
8125112 1278939 156685 5658177 7330983 1954610 8361717 1625131 3241897 1465600
4072891 9556980 8262156 7356108 1177927 5483314 6341976 9649995 2477070 8378628
8570812 428071 4241400 8590281 1034696 7505202 1799791 5620620 1762624 4599571
8862231 6897636 8214980 2465165 698920 3760861 6068073 4793330 8815393 3574843
7711187 6660704 8571112 6853966 1086872 1112903 3310409 1767286 1527644 4278580
1047187 1009655 2812932 3790269 2254725 4868867 4656051 9891977 5979214 4113524
851347 7348940 7681751 6724857 8271901 3484044 9674565 950730 4192283 737334
8676157 6742483 5512620 7492355 7072164 3051728 6697017 2632432 6928669 5117218
6329779 3918124 4534923 2049380 6307449 6495288 5097526 2375391 5033419 2017267
2100401 4747593 1759926 1211823 6452698 5961598 4201780 6968458 4314477 6182045
6522753 4231833 3358441 2701290 8653547 8110685 789183 3714721 5226316 8303408
4624370 5167270 6363690 3341833 3887506 3751487 5038271 7639753 1691889 4290676
8260985 7826079 9989222 9456325 7849070 7013801 4339509 817296 7965140 687948
557194 5024370 2272987 1083091 8314270 4273511 5188745 9567567 5697130 4254569
1682391 3558441 9615028 9472177 6215038 8259918 5286785 5271691 7080163 2034812
3962684 6690781 9202823 1266942 5038136 1229911 6523988 7109978 9638023 4814831
6967181 2264845 5455798 5246480 7114298 3131805 7174289 119400 3547149 5790928
3449203 7285585 7808463 9831985 2039739 7880438 9429286 2395468 9245629 9884509
2855800 9650097 6532031 3837957 8042741 7876669 7204273 6230676 9596962 3178318
9552226 1334708 984045 1783390 5007110 4060540 8516648 2582434 490533 2517849
4453902 4438035 2910402 8247219 6925827 7638299 4617697 2530060 5360184 8271406
6645100 3539027 7466009 9928134 6126271 2230714 8177571 4282734 1939772 7734983
8280612 8689037 6335800 8596252 6663185 8063735 5852286 3043934 8640985 7318998
6356167 7340665 8656335 126014 7816155 789939 6461923 2105448 7124289 1430661
7179919 3375056 103577 219097 9877053 3395096 4320413 9756679 5034721 9593457
1590787 7532969 9989700 3713514 7531394 1820847 455251 1081695 4400929 3721543
9065371 6482003 2086261 4896651 3711435 9700338 7366730 5822725 8303868 6574390
9435349 7850837 7042902 2027511 5473731 1990819 846010 4973649 7794079 6053020
5573043 4942804 1941217 9725263 8341752 1404225 9779133 4808315 3889153 1855738
3789687 6796613 435399 303053 368382 3762648 2211426 8041440 8238465 3074725
8499600 1016097 7639960 5049406 1053067 1973131 3709946 2713463 9749456 3240647
6731661 8141572 7261918 5419572 9950998 8209509 6571094 8836732 8875858 1908905
6246115 6155781 3097539 6654677 9762775 9991588 3472433 9938926 4559352 5768750
2429239 6193497 4028220 5298390 5035131 4798110 8604940 2883092 3587670 9607777
8135036 381402 2657064 3304828 1712121 5018806 8906260 6729195 3617973 2237649
9439880 6687230 9854059 1785561 60995 1331097 4044571 7685930 4059459 3485763
1166160 3285217 7775545 802127 7356648 9023789 1878007 5578527 4126063 3549487
9326806 2345625 8568642 1374609 3231207 9941118 1757805 6115264 3079770 1578661
4033384 3851382 7630395 3576952 8307080 5961905 3915505 2514493 7024625 5352508
6454114 3019924 4366420 8585119 5725523 9468369 2444071 5837251 1455525 9716238
5625561 8991245 8833957 2760060 2356208 9340591 6471010 9898012 8198233 2604000
1117011 3499159 5892442 7140165 2091889 2541250 3934348 6094797 1157039 3286206
684440 4841653 3806888 5523515 5397495 2344630 1511035 3319446 7570296 1255030
4536625 3113635 7238323 4474358 9793036 2551891 9831137 6641579 3341549 7151316
949127 8712772 5364907 3301873 3739943 3928221 873744 1672231 2518514 8221206
1184629 901239 7656059 2203638 834102 876527 3381588 5042749 2901388 2706796
1353755 700770 4149836 4069680 3270521 4914437 6673856 2994522 4458143 987132
2145856 9489211 4747527 1537943 3979930 1273270 8667684 8060498 6180390 935844
496638 4473113 7341479 4284877 9311639 8968900 2579266 1565940 1241572 9291002
1402067 9122535 4827911 2986733 4444917 7233639 3358237 5245389 1477107 2443871
8499320 6279642 5002266 400927 9134104 3138574 9261700 8969892 3601523 6908197
7092776 588266 2170309 8433995 3306170 2584676 3315262 1999176 8259482 5758554
616538 4288806 1602770 7665570 7575448 4108773 4120954 6287698 2699061 9156551
2338417 6854561 9026520 41844 706381 6166308 2743386 4045430 777628 505883
3994567 565477 9572304 8215467 3592345 5203595 9587019 2622900 5939027 8918378
7009787 5562497 5114516 2190995 8883511 8069512 1847132 2728447 2206199 7478587
1301025 4584919 6662709 4813196 6675174 8291674 8184776 7048902 5489641 1321430
5971973 9987534 9720572 880575 8774978 1495087 8598215 5132623 5000779 3870260
5919726 311218 1791818 3083440 6802347 3194109 2713441 7080187 7250102 3412738
6947063 7494972 1682829 8261552 7555513 6846158 5981686 9844571 8451498 863955
9386036 6530336 8208971 5087178 427364 2542707 6496906 1863143 9680930 2813047
8284468 207592 9455897 1953378 2073259 2649546 8067546 9134019 2250943 2318090
4334736 4062849 9613066 6582022 6622622 9069982 1746566 4944659 8954099 1983114
9200535 6314736 2972091 8828287 2226305 7521936 3255348 9187894 6917860 1122052
2126498 7002738 6284298 1479849 6517143 8517861 8399115 8456535 7419310 1350266
2334005 9934776 4807863 2062801 98049 6286026 8167778 568496 7785288 4904935
8597775 865251 9761565 4890576 6448887 3649288 5452531 3722524 2779989 927247
8502520 8331812 2620923 9978379 3295118 186172 2150067 9375025 8116840 3372480
8286280 3718270 5713946 880576 1559025 7084771 4388147 1642816 5277351 3910518
8143828 5907174 4188500 1725994 9155528 4801130 2382189 5705121 6383870 9537279
3783252 8421507 6462555 4225736 2916063 4689218 6972379 5922744 6470744 3777891
6528826 1571008 373287 1742733 7777786 9439102 4213200 6685315 7661277 574149
2813101 9413484 8955493 9983148 8605735 6916085 1057434 673602 7743097 7258405
7879500 301446 3618854 2609888 6305412 1606117 9264324 5929302 5464018 4711052
9008205 5844384 425041 9659794 3576217 358472 5402542 4177506 6404422 5124076
5323661 1568844 6365576 5521035 439845 7557681 535198 8825113 6365230 3720311
2042942 4841836 5656572 7627778 9093770 7264396 7234294 788518 3911306 8877267
2427507 5764435 6499435 9841710 9644874 7330277 2591412 5899815 2961526 2096890
9843412 1942005 9186195 5778287 6895569 1588902 7385561 2966874 4883884 7598704
4073407 1875835 4921699 8532412 8444254 1691063 2390829 4768303 3849660 9335483
6702059 1229691 4306973 6393520 3535315 7090074 8698038 8110703 3196718 5044486
2161657 5384178 2972450 755582 8791492 5332408 3317958 4038407 1796091 7410384
4341917 4467793 7369705 3601780 5199125 9591989 7268130 2830350 4748347 3651984
4972469 2737812 8129782 263386 3763601 7594932 3612347 4069096 109959 1364315
63949 152297 7161922 262335 547862 436426 8786005 4927599 86450 9907211
8130964 9081881 1033997 7692196 8858943 6711376 8963271 2773793 7932983 1235516
5392509 163451 8100291 6450020 2382420 5606316 2020063 8580678 2321036 7777454
2498823 9123513 8861595 2952034 9272630 316000 8767888 8010850 3962380 8229322
2837150 9954016 9051424 192679 9618169 103694 2772677 6972463 2440946 1437925
9138411 9685086 3197074 3195630 3293883 2585698 1944598 3090909 976432 1537743
7987558 6429379 1609756 4432817 9491158 8755676 7002548 7481141 2837539 4314599
1162547 381205 5261097 9465811 9702146 2627550 5383082 4862055 3052123 7351162
5937852 9160649 7339838 1222377 7903793 2577095 8067921 7163585 2236642 6837735
524260 6153669 8715290 4244176 3912691 7056614 5241291 9743634 3385045 5242912
6512476 5171591 8106722 6119294 9210716 9791918 5562314 2095039 8136179 7616182
890375 1078754 8693717 8987432 1195256 4845199 8811671 1506257 5701425 8354327
1528616 1568928 6164544 986333 4257707 6292103 485871 7722252 9861289 7992115
2722172 3414459 4969055 1838838 4988587 6168469 724566 326528 9492022 8540145
9748431 9024147 2484251 4956178 9599976 2461169 2172315 2556840 2449689 4746051
3784495 8581077 9485376 2502939 6964577 874221 5385602 9829967 7051264 3952504
6173918 229872 9962074 8529551 8755502 9952120 3104512 8673957 1032972 7130877
7563405 2785545 160243 3706958 3395789 7574421 723059 3786889 1077509 4575007
1413942 2836495 9918879 5965771 1407529 6016882 6322021 5211656 7448084 8648130
8578239 4190604 8295902 1169724 443033 1608736 8285978 6588657 8566386 4415595
456271 9651727 2821547 7231383 6569071 7795894 6315377 2799161 4533503 4442067
4423570 4669435 4830107 1873306 6483333 4506062 663802 3543133 2333921 7087120
9735047 3446632 9813540 3611357 3814264 4245135 1645505 1749046 4337664 5558569
313108 2045807 2391455 2920622 7346499 5794883 6760729 4994029 4421539 7289077
3407210 3403460 1275873 6369280 4056126 5076206 3572203 2744179 7784301 6665381
8681015 2190220 1341138 9295259 7668245 4707147 6561558 7922924 985100 3885771
8272843 3224984 6814409 7290146 2559209 3781691 9620210 7110470 537440 1932890
1439224 5240105 6973887 4707727 4347351 1237438 5642720 3489568 4334538 6648956
4161927 7086593 6531812 8825921 7782652 2444979 4381344 7986272 7756297 8779450
2973637 3286177 6193774 4106267 9062514 9582227 2339927 1779640 1132860 2302293
9979080 1082119 8537876 7984768 1120464 5314439 5225126 2210324 3594962 1634557
940587 7916271 3450790 2517123 4628068 377849 8842289 9115242 1653147 7024476
7721159 2833087 36065 3386216 9147109 7943820 2322751 9103477 1578930 1041165
4315951 4279539 8629109 250496 9664108 4265064 5946987 3013180 9119649 1834968
9675218 4310897 6725844 652916 838365 4042963 8709607 9095387 1985426 1515844
4319126 547269 2884565 9197792 4907987 3744466 1176856 9459295 3114758 7933295
3191645 4596039 2196422 6717091 3303546 8475676 5361299 1516685 1599611 6244073
2411048 3347614 766627 2392619 1474647 228600 4057379 8800314 543017 8290212
4436545 3439981 5033124 1954990 8261357 4888410 6715266 6603558 7310508 6792591
6484455 1868479 8850842 4118706 4636188 4899911 2699607 5999269 6045630 8374403
2592327 8745576 494219 8720225 5064116 524837 9742722 1629907 5712044 4922837
4539359 9123023 8910311 3087857 38532 6624413 7666448 3815337 3488106 349230
7110401 5236281 8616649 9822070 6303710 4404771 5441838 6783655 6995620 1607314
4548561 9535055 3689846 5195481 2210762 2180899 163397 6284615 9229255 6590440
2723581 1062295 1248439 5338037 3962775 2567564 9405976 3448555 4916123 2455236
3092755 2999992 6005433 5867295 4065355 7170216 7567648 6448469 9470356 2249999
1299987 1834124 995345 6870263 9685989 5324997 7529763 108214 248253 9592103
9701016 5036404 9014334 3778967 5525167 7864763 7078473 429284 256635 9356982
9705662 6542397 5666261 2508900 1788445 6383091 4251133 8669938 8705822 9318016
2245390 3838366 2875960 8047462 9410144 8289680 487014 1800646 9907334 1818012
9455325 1969862 3562546 5695094 8204410 8934799 7163719 8743487 5311748 9083654
1118855 9492819 8322858 9451896 6125720 9709175 1570570 9545608 2764614 3048785
3196806 6926494 2221244 5768095 1457202 7099537 5431708 2854587 2090944 609822
1319670 8298140 2235769 3366072 6220418 4270065 2596743 4374937 8309127 6212262
9179801 3881586 8533602 3478349 915579 6068050 9784736 4686971 2219288 7800313
138464 7165513 5176121 565416 6573511 5563794 3588086 580591 9910040 5472618
2832166 9699196 5842773 6138332 3671064 9112214 4823103 6664007 4342547 5342949
2308304 5613972 7403513 3780468 1396370 9118603 9596647 3569208 7843057 8824149
4816731 939789 6709864 473172 3707729 943299 5137785 992559 9177290 4422134
1871948 2794936 6790781 1175068 9701990 9087110 9375972 4212188 7804984 7816484
1843260 4058579 8607925 8290521 219690 1131096 9390492 8228836 2612642 7533370
9954021 2947818 8046026 6017554 3217354 8850945 145961 6515668 3816902 5591688
169942 6249710 6605911 6311810 3834766 6494469 3615097 7976718 3157928 4168393
9012198 7832276 7764198 2978396 9962706 1398844 391190 7058940 7320499 286427
5655858 4172492 8292625 2624841 79832 200479 1682271 6791327 2044738 5656080
211131 1525304 62209 1190642 9924035 3247226 5003419 4840621 8102625 1796921
4518072 4409413 8379233 8644200 8774310 8974681 230496 618411 968408 4149592
2626226 412286 1880101 4132113 7844220 272162 9965013 1073281 2598850 665121
557665 145168 4502417 4206877 9800302 1635768 4913608 1459440 3867173 2352308
1152672 6691983 281098 6847673 2346219 1073609 4730134 4033967 1363579 4097692
6783117 3236161 6866473 7768853 3762769 9284436 8881639 42494 9200884 8963084
6413570 5107712 3499108 6406731 9727847 8356733 6978097 5899125 1223241 3239551
2810988 7814883 7603499 7553883 8614164 8183911 4360257 1192414 8646909 2258478
8697173 9781628 3573968 8401950 1627408 4974878 2794955 6784550 9934143 5199014
6139430 5784242 9846249 3972693 2672317 8666151 7467977 6104291 6733830 181270
1516014 4493631 655314 2501212 2328985 8930975 6978251 4895713 4154257 7647361
5652777 9458514 2052097 7748161 3078534 5388447 9260902 8726933 2629256 4336161
7673972 799346 5076174 1727778 5551967 8147458 8572082 2102701 3905326 2480737
532853 8571062 6961921 3234547 3859366 9952814 8348922 5103908 5285469 6673647
8630035 3969278 6494489 9433223 9173557 8310064 2774728 1615096 3992134 7895300
6148856 6697244 7325331 7488727 5895149 6615882 926519 4120952 5385154 5615852
448175 7241930 9994541 9828613 9162055 9134471 323373 4711217 1936431 7643620
4338040 4282675 5513140 4287843 7995030 7134638 7029418 6959830 574966 1699772
2664138 3897091 9425218 5539125 3927737 1761583 6310899 175672 4427204 6284885
9352050 6097326 766789 6823135 2263912 4447253 4077215 668347 7009907 7410191
617194 667574 7670319 8424781 79763 2768809 9578873 1863722 1963296 7489867
784613 1763857 8324679 8761156 348786 5893015 7671936 4064744 249512 940692
6211144 6415876 6406487 7802539 4497730 5092650 4190754 8255641 3977636 9460941
1280871 4177883 3817898 891855 5449569 4335742 5109233 3691905 4818394 2257013
7118213 5355839 2641806 6813988 9171692 6864329 8436323 580186 2124958 4198174
2441933 7783659 9093729 1417781 383918 6048153 6329384 6632455 6820000 6057107
9286200 1891719 3163704 9683340 9399514 7674517 1605276 2737177 3411827 7341393
1233524 5301187 7608384 4147396 3487754 6716100 2952549 5267547 2330621 3792198
5348734 2577996 3258882 1362048 3248901 8270883 9085727 2331720 1489530 9687728
550674 8734191 3465659 9906715 6400550 7566604 2655129 8689471 1164440 9243073
254536 889229 1469626 4858987 4737234 5672628 2697298 7012947 4274613 1404344
8096311 3835903 6506463 6572917 2527915 9392985 3850011 3893051 2114704 7946920
5099858 4609212 5681854 3448577 4056339 1795137 8226904 6876088 759282 7332995
9715920 8714385 3501432 6242514 2202873 8816567 7306366 6928280 7337522 6430767
7306272 4874195 6228477 3677289 1577004 9894406 4434444 9770942 1364754 9667429
2247452 2691498 421547 8986303 606137 3959189 1669241 8998512 4982049 8026375
3999811 7470608 4217011 7679629 1629028 5731203 3170791 9169867 8734851 6964417
2709808 3495897 3900799 5801264 9464512 4309243 3751272 9168243 5655574 3235741
8186574 1246758 2426733 4319641 9052949 7029094 6128818 5010791 1829273 5550800
4573552 5699315 6951349 6676012 4223415 6994288 7075491 8171632 4522007 7503767
6721146 4310633 2598274 6688150 9410568 2794820 7263776 6835641 8328176 2147772
2417078 8249962 4330266 4169485 9651265 8991640 8450519 7352063 6476943 2747143
4732506 1811410 1226467 3077506 2252760 9900696 3834719 6292466 1885387 1080458
857283 9977643 2888625 1513683 5689465 8479486 5581584 8570719 2632088 406460
9249603 140651 1074953 936548 7310116 55817 7514284 7632903 6188270 3835538
36082 2861184 1694935 6367923 4944766 2879662 692004 7910896 9608294 5923778
5624350 7630325 8577723 892666 8609046 775475 4181213 5683936 2211740 9656937
5032183 1539920 6435375 6222242 5099522 7457602 7088774 5078762 2968314 9814773
7930826 4887129 1525761 3976027 4800198 7050385 6006335 3844626 5243845 7081136
3869363 6542879 9481595 7799031 3146340 1771536 8032821 5441121 7293759 8545550
4040498 6370432 9790954 439909 6166125 3337973 7375658 3033267 7198459 4386167
2100948 7773730 5829702 5223713 9418582 9399596 7304473 9292980 3109455 4439955
3390438 2182628 9803109 8639147 1375783 7535709 8925844 8647778 9472141 7046472
4374879 156830 3757650 8856565 8427196 5244011 4788335 3170862 6628957 4220351
5704092 8146169 2373465 1128644 2964069 2533012 4505100 5569579 2103636 4446758
453503 9967024 9742488 2088428 6091301 1675475 1048252 3486679 5282133 1101682
4678712 5122051 6117804 6548092 3496310 2399838 2432446 1670264 56103 300952
8200071 3382875 1236846 4418561 5942320 5628073 1423144 4055434 524368 4278731
8755941 4992775 9367975 6067208 6076448 8724104 9682555 2362754 5209240 4812295
2720897 461972 7151108 5550598 2023825 6199962 5502151 3866985 3745567 7164925
4319003 3216697 8590712 3329360 9658610 5700421 2752637 2415850 2285415 4063435
1774402 9637074 9128766 5902025 1540805 5124298 9103958 1718617 4519986 3777950
767692 3352686 8837592 9612788 5276847 8191881 7258283 6426963 573275 5887218
3129164 546377 8723578 2386631 7675685 4962095 3432690 710624 1182171 2767461
6078596 8040214 4506828 3124504 1458471 5645184 1182268 7915076 5962889 6546171
9781426 5026846 5206644 5892279 7613512 5579638 7035568 6608579 1745250 1276029
2007523 3263080 3401086 3599759 8583384 3292980 981281 668729 2809272 3568031
2454769 2404256 6117009 8451825 321576 5376464 9612273 6367506 4018569 5242928
3410490 9745257 9622910 8248 1994194 5431886 6187931 5523102 999087 9243690
7452016 2747082 2145845 6586025 5606108 5677652 1182440 2400630 2564064 1164709
7471368 7963533 9404770 1735949 3163379 6802469 6079823 576849 4548410 3119431
4324620 5454835 8811400 1597115 3638605 4073634 9171036 369799 9984497 5021509
6152730 189616 2054985 2647033 5588975 9762414 4162847 8226473 6909084 9363985
7543819 5919633 5880089 703753 737907 5149944 9017733 3583773 1645388 6885733
3891958 6327150 6477329 4505450 2639042 8894312 9566748 560927 7774477 6163694
1233840 3218847 4629775 2108967 5953873 1605665 4886174 7930792 2716310 8641852
6300156 9378442 8225323 710829 3944634 6005703 92878 1521711 2705052 1902607
8318528 4473265 6543229 3913955 7816529 2093307 7831238 8409700 7922443 40571
819071 1503363 1935159 9060603 2720483 2517164 5260842 164700 572735 9642473
2464414 7653481 5021950 6554041 7838339 6868261 7031463 8650845 3504320 7550735
166843 1831304 6120215 47243 8460182 1311256 3934957 5301476 8127970 8522722
3964565 858509 9258039 6645331 8555990 378638 6786261 6374550 7281050 3316434
6974110 7451136 6403214 7115233 5480768 5573585 3499183 2043640 1881198 3937715
7546637 1076872 504987 2676253 1219897 8576039 3931139 905381 8143116 8278149
2429797 3746349 6475685 594096 9393443 778244 5054544 4193335 1143174 6247596
8349483 7995499 7848293 5771363 3073675 984751 6370530 9015033 7531466 1324781
7980990 2464778 7619689 6514305 9280117 2424036 565125 9357172 7580133 7216175
2350136 1307463 1807977 6247440 5135194 2943478 9341470 6526873 1625352 3336276
1783795 9160259 1617556 5126439 3176412 5994293 6772126 6096743 8539628 5693036
9895273 4398785 5736824 6045295 6110088 6511795 1178405 6723400 778923 4989231
9426879 5711571 9630643 63159 5636607 4825866 5002408 5844667 1195328 3918132
1780428 9440164 5907564 8992292 8262210 2456780 705131 2087025 5041531 5071642
3023631 1093743 1222101 7698050 2591319 3197861 4472834 9329052 1579918 8664836
2292070 5593841 7803553 2940909 3654487 6918948 7928333 2633722 3393729 4309277
947862 7087905 5655023 25535 6256565 8098340 7731799 7539222 5265510 6789398
8327296 2939185 6933692 6330203 4417049 3239597 5711405 2533156 8993625 5793827
7070346 3402876 3817188 8025814 8918329 8020357 2037383 8508155 5662406 7643606
5995417 41401 7878510 4545765 1422753 372565 6472992 7088513 9685730 8608481
9066230 9574142 2346154 3715995 9813948 7391696 9097011 3169019 8571806 6050478
2401470 6593995 2235525 7755884 4171696 4715638 109607 9865360 5283590 6464825
2961925 3259110 897178 1403171 3434155 2427876 2704762 6096684 137098 5088884
6506868 9242018 7050217 9933273 4162850 2021980 1895481 6173196 5807594 4750331
2335371 9459162 5634764 1110493 5765155 8709935 9594649 291374 7373939 4652785
891126 3238400 524347 1627367 6967347 1345266 3443510 3081886 5947917 6411041
6107170 4606733 2430471 208945 8963331 957480 279901 3111110 5159687 9098911
1799742 8881844 8043705 9976844 9762582 9542375 6116704 1592223 9553068 5071704
9760529 6406359 2499469 5595263 4042610 6984508 2472409 7064934 3525900 9875771
8815790 5962433 1374913 3689356 6496147 6828315 8538819 7690334 4470718 873965
1441804 2804634 5110238 6452903 6366991 2032948 1016527 4499342 5800169 2913523
6147499 3623804 4002843 1054717 5672237 9421651 7383527 3837665 7468584 6858216
8209558 7976238 5970902 6606260 5130409 4690600 5070946 7553875 625113 9173705
6096441 6450607 6899383 9540087 2571 5312403 1336855 9710602 93789 1440713
330687 3267526 3550774 4433229 3792891 9717874 8425567 9646719 9612529 5015591
5719019 6350792 4032562 1337778 2527883 5117614 4507686 2344650 6608796 4592748
6481586 2187965 5712248 5928051 3394903 9269 6636140 7772364 413332 9246396
1798576 946143 5777517 8726639 3012968 9399794 7232816 476244 9853463 7655678
7852789 3030032 5045940 2439404 971522 42198 1248225 3000281 1589626 5099916
6501154 3919706 2859029 7973602 2230597 902172 3270884 3694560 6477265 2995946
1739500 6865901 7629468 6788395 6491488 1145775 4579834 8424898 8933389 7610355
7407665 6207394 5110002 5708184 9681827 2869029 1916544 5110222 5536282 9751085
2306613 2382017 1645073 4028363 4411494 5462046 7439553 2349014 8589211 9092028
566512 9073010 1763866 1322098 1004124 4202787 1852113 2641070 9269930 1122231
5092347 8696555 6380862 2632288 3084305 7758010 7371851 1860741 8144593 8191774
7402356 3692731 9617199 9762492 2615854 65387 5940801 7081870 5928308 3562202
9620432 826499 3763098 9192954 6960136 5549688 5866541 1843940 9963805 1455847
9902088 2645651 5157060 1617115 7924737 8002558 6403345 4249595 4722118 596070
1682937 3339197 1956032 1336448 9800379 4576176 2571321 3719519 2310801 7030257
5429238 5987578 8841594 2873957 4998851 8196300 1104334 5644329 5277450 191749
1055844 3953510 5265445 3187416 187066 6181443 8692737 4617534 969282 8650935
2784957 2881832 1830328 5282190 8725570 8814896 8312899 1004634 5602376 9891374
6313839 8890746 2845247 116177 7366690 8694157 5313254 9772727 2237612 5656092
3669061 9694110 9340396 7748907 6281318 6486058 3388209 3604339 2864970 1428056
3467368 2561361 7716559 2387911 7865 7951984 3976217 7222205 1685186 6908830
5241105 1297952 133038 4212411 2953208 5241680 6274839 2683266 4580569 5839699
3189573 3443152 5973326 267338 6344991 1210793 1146474 6446214 3239934 3857141
1301877 9345520 2118968 5322642 3089049 4822378 933898 5657327 7887248 4746397
7256580 3698764 445414 9028381 7771179 8455242 3563644 3263514 6814445 871182
4050379 9860828 9255937 5751741 81165 2620559 7950411 8364300 9779349 9080483
5892899 3335081 246903 6373526 1717853 666067 1045593 1660892 3015556 923318
5797767 1782377 7303238 1488316 5372827 6980112 686080 901691 7206553 2101396
5841531 7666833 8144961 1162528 6582148 6482509 3114896 8556575 3266946 3102825
2287182 106618 8809912 5763516 8588082 2626800 185072 1494071 2469051 5679848
4463414 5133316 9106702 8221487 369467 4281431 5235695 5289066 6582553 7846305
7485226 8237091 4699499 2608829 6202790 6264842 3440929 6435207 9145542 5708790
9903536 8435568 1008122 9121720 7627720 6710872 4554803 3294217 7766555 6224073
4030366 8600711 5200792 8318623 412728 9232223 6032805 5800720 9257042 6207902
6243339 7217057 3147185 6749636 187539 9540393 9947319 7055101 7121369 4757060
6228454 5817916 4570953 2051772 9770472 2811972 509153 1241477 658653 380736
9110947 6961401 1534162 4829605 2875884 2472013 5335490 8603239 2328060 5606030
233304 56568 5478803 9090343 3925004 8197013 7014494 343788 5056118 2784793
7259479 78788 1270865 5187084 6503395 6702197 2751601 5567164 3024606 9416266
6108937 5504178 8742269 1999796 4951176 2512836 1769945 5103068 4189828 2396190
9215751 1069698 7557182 2487463 8253896 9061595 3707634 6414854 101457 8546777
1641914 9768237 8269091 9830015 1430400 5937044 4729551 4674945 8911546 526178
2234801 258491 3730633 6778891 5196645 2946751 4026756 955300 2515065 8309469
4753743 1123213 4470993 4103697 1894568 6378466 8866347 5233108 3267161 4431538
1210758 1865263 2346979 5143088 6899844 5400323 8063409 205797 8211984 9130987
4716988 754126 6350341 5174564 7581852 8347934 536461 2364783 4273656 140606
1283115 5143723 9382080 5665073 7811481 3424443 149591 9486448 8049120 1386711
6166535 5527101 8156655 6773602 9131581 9013372 2613683 4828449 8800168 2037428
7221578 7602102 535206 7064981 325724 2759580 1375706 5626833 8823107 331161
2007528 6248503 7587764 2153890 5709429 4025483 5930900 9791604 7610453 7832520
5664424 7042738 3785616 9980323 3392181 4240859 6316739 5365272 7110952 3603352
1041834 2445632 7634773 8543873 9482055 1268254 9226964 8282560 1947894 3001846
483455 7938129 7770685 7952145 533825 7117406 357733 8865669 4391332 8823653
5239533 6771551 2743663 1239821 9404858 2910359 6793308 6757632 2547404 6300836
2255461 2418095 6652832 379599 6450740 6413679 3685137 8792125 8880953 8054641
4055790 6404960 3235529 8769521 3118134 1520989 3358191 7079427 1285077 9491124
1039881 1575273 713795 9449122 7012572 7778850 2240875 1082971 9502194 3671431
4941359 3976849 7634511 4178341 5826096 2967797 6089921 9418209 9058892 8816543
5283680 1167901 9503729 7134735 4449908 8913244 9347347 5972423 4572343 824070
776246 4130225 685324 8275582 7290409 9385563 4304341 1854588 5249850 3785631
9827523 8611917 4925644 6324566 3438705 3724201 900284 8380703 2079372 7799169
5222722 1653037 9629196 4279849 270350 6017086 2473753 3786716 8708406 4046559
7432033 3629425 972512 5181280 2414096 9083126 1441002 1206512 6282296 4356493
9704412 203072 421478 7799000 6540519 8788586 7137814 8834522 3713234 3096894
6706310 5458139 1860035 2123402 6005979 6642792 9398346 8158167 6052056 6479498
200671 4660880 923480 5947623 1952435 3864080 7159978 2450084 7759407 6062426
3121030 6288725 5715668 3335610 7593900 8165284 6676933 9453524 8723371 9605985
1176193 535848 718416 3798695 5894906 6986167 8958150 8951522 7629989 6158765
239709 2442051 9483139 1859382 6005429 2622118 2409035 5811699 5572242 4619595
6996613 6535612 1798216 9630363 4444120 1326318 1869280 1881399 3874252 4354093
9204398 6841228 3568968 4129913 1976183 2792756 1772627 9318586 500949 1810654
2546916 1959499 7581847 8921728 3363000 7608844 1711018 1673983 14912 6567221
3779876 7794105 8716567 8038865 9688706 3597995 7345967 5692198 5122400 8940577
4307512 8705578 8422090 9764527 6511285 5097315 9559238 8342223 5770549 3982691
5454019 4724977 2640557 8213688 4863323 1324283 473071 7069342 5131090 4538889
4463687 1200643 4667066 695514 1839368 8347573 6315633 9907941 3013463 4303181
9379456 4928961 1171315 68147 808683 208653 5876359 6366506 9403252 6554723
5033751 2501124 9903012 8829699 666290 7105455 2748809 147356 4826723 7546153
8245029 7980390 2499635 4445030 3643304 4582441 8997251 6692860 25640 7466336
7416212 6892309 7281207 9533214 4131140 6502604 2388212 2190587 989055 2421747
4354564 9073444 2218311 1676565 273344 2893480 4419671 4177033 8814866 3009858
3348698 894341 1115658 7781260 104122 6324091 7319603 1738188 6804838 1266219
4971959 1104094 9320560 1037592 9707032 7608187 6456201 6404671 8963383 3142311
8674167 8168987 4859705 1667342 8639126 6414791 9274298 7422692 9471370 1434262
65766 7367148 579331 2109930 730082 1725683 4702766 2687353 7845781 3542686
7441315 1874763 1098038 1387943 5873651 1212827 6539869 6326725 2965850 5049167
1721752 2684924 9973254 469712 7642051 6455288 2708081 4669357 4261562 9555388
78574 2455377 509539 5706961 117690 373294 7979587 3329625 3640760 9627694
4380323 4268856 1437939 4883681 8438895 1233865 5418758 2993724 1007103 3683569
2647472 2700893 849957 9624912 6989859 6142294 9782903 8009539 3796721 9005364
192614 747622 5083738 9909411 8558080 112611 2020404 7958412 8956924 2365884
5583262 8315444 6235232 848918 300531 1590736 543605 4605732 7425219 9145411
4968741 4479444 1005756 5331949 1834705 4745152 1069369 2886750 9648850 171288
1401600 4032360 1085137 9291179 4907933 7258302 9120031 8973759 4853342 5755686
996176 9379928 3687226 668382 294034 4516838 1274840 7241771 294344 4797905
6850818 1841449 7023596 1984047 380999 475327 1545687 2748387 4625330 9787773
8022276 6062183 9273561 7484054 7565118 967907 235499 8892912 9813038 1194731
3023260 9684765 4444982 2824937 1408912 600071 4234575 4741180 6978315 7835280
7672822 3679383 4835818 6549368 41553 4022106 1737149 1614198 510448 5512326
5435694 4063746 6725377 625375 3719850 9445521 3065081 6450774 3183211 9987207
8370590 8424402 7493418 8133339 197595 1273930 2927346 1640980 7182065 1013621
2172973 7017621 4788666 5758925 7194440 9707000 9742035 3237159 14977 4333897
2627172 5624032 2125126 2927745 9085728 7530826 1632042 4898327 4551341 9173745
3579688 9295104 6233873 3034766 535259 8318347 345307 9219485 5222998 4352822
5595547 286068 6891236 139342 578956 5897094 6741153 1313131 4530375 3291927
5094684 5822633 8145951 4969757 5858970 6728684 7845356 1054692 7658384 3482456
4886313 8318661 4192279 574923 6766645 5825798 3324337 526126 7003276 81596
5362707 7059122 7799760 1471290 3635047 4724546 4569939 9968337 2919027 4237100
5738526 2810950 9098309 112277 9847006 2466968 4173384 6644589 3702932 4971513
2521171 4947708 5396582 6152623 9416057 1904630 7838743 664927 2682690 6965644
4392174 3589537 1171324 2590528 7637372 6113084 8083344 6494198 1585787 4179555
5882563 5841266 4584842 5858855 2755831 4886212 1784935 5220355 5723163 9406713
4305945 4224544 8749545 6399320 2120500 8888698 6042055 9530089 7265445 8095396
1700188 2634782 1990528 8582169 488550 4701562 7203634 8705340 6319370 991666
1320175 1713280 8830583 3922907 4759784 3211979 7705639 4210500 1105395 3813940
1730528 9098421 4556232 3971872 9887481 6380034 8430 1752926 6697139 7022111
2332353 677660 7207083 8826472 1769312 3526178 8490935 9964150 6633241 7689127
1220610 7642456 9079308 1025483 8524611 7440872 8636427 3477149 7056399 9359848
1616246 9108281 9393898 1373191 2989315 9157049 4276141 4964762 457815 5365448
2039999 4149001 9601184 9579450 8275564 6403286 2056623 338765 9217511 2880889
8753909 9560523 3390057 5412218 112260 4013929 5010941 1524368 1062823 3724353
6043725 8718295 4928245 3235910 1349852 7207845 1976629 1704163 8124047 7244059
7628052 991693 3694775 2469633 394344 2135466 8545654 7700547 5589519 1628267
6427931 3091784 3745671 7831935 4538140 496889 8664489 9649286 5288434 3677417
1348855 9489750 4739584 3327073 8909009 3166401 8089539 4094733 6054849 7006806
2758060 7156145 6051319 277179 1530429 7656443 4965198 5506971 7344422 148374
5559123 764337 6592210 4416716 3541474 1846239 7047267 9365663 9810412 1256938
3881356 4771279 2750117 1571089 8233325 5904367 9620041 2962926 6134067 9105388
1638348 4534687 5039466 7527593 6816325 5282379 709605 8815644 7627529 3711544
5243210 595985 627235 2282144 3916752 6098215 5905183 9914188 656032 8758065
1464373 1355143 5896881 6846559 1045188 4743718 3194761 9812253 3164709 4030428
854498 6999745 8766498 4239711 72651 6021927 72702 8869112 5002465 7638122
9770268 5251998 9018366 126598 1481755 6933103 2386189 6370202 5857054 3737617
1881958 3357812 7404825 9019471 272962 3094177 2998559 2367667 2567059 1290707
5557258 7457889 7480014 807271 109515 4418704 5394578 4445420 9637862 5748975
5602843 7090027 1468802 3181532 2026661 9248340 3596570 9783937 1382873 2548873
159456 5502339 4474060 239175 3543697 8345496 9156487 3797240 4679074 6388830
1964286 1167682 583416 7361788 1474216 5587075 393146 245584 1475577 516797
4094651 8526529 8370525 7176825 8163323 5079376 1050053 4681113 8384875 377722
7512853 6534645 1799655 6819686 8851098 2032049 7777965 863665 5508664 5267107
9121852 6087901 3288463 2950903 3807091 353393 9931994 8190037 7094180 9954811
4172481 2707152 5753170 8976036 8114880 5754568 4973199 1350387 9923985 2102174
175798 8030385 2790772 3742131 8835331 5219638 8248635 1633868 2179057 3587388
2939770 3354161 8125403 4406599 17321 4992061 3922290 7465410 3879723 7258236
3715565 588957 3472565 2984712 3357535 1398023 6049194 625960 9901049 1565223
4200393 9333728 5279727 4833428 4542056 173800 4339121 3058745 7243034 731558
8849615 4434821 9320400 4485109 9833922 5496513 9116677 5558173 303695 8111358
3833695 3286992 946767 6773985 2224701 3348112 2936811 1063868 1009868 9677080
6202520 1189005 8286143 1863450 6311770 6048303 9063363 1308495 8388321 2107072
105016 332487 5019721 6862160 8808720 893846 5263778 2562700 6854184 1422923
3337853 1486949 3843381 777939 2012658 5539224 3683232 539503 7104423 6813759
3944576 8974619 6308482 8223729 7538291 1231915 4756587 5553122 8865160 8522414
710565 7607276 6470706 4750812 6155257 7377964 328658 1029350 5149006 2058883
8501500 5945318 2232170 7038318 5074181 6105686 3643523 449668 4312637 4948378
6714977 2982437 8353467 7965468 3959511 8337535 5574059 5612324 7195195 9390088
8719017 764440 4133423 7379894 8338506 7444420 578655 2449553 4810413 9298681
5357011 3885922 7227789 8950162 8127307 8535232 1155484 5310586 4081316 8119631
1878334 9152674 9236124 2173448 8018744 6052021 5581465 3727782 2097075 7134212
654402 6595111 5252407 7976963 2298032 7485617 6670985 3263173 2940744 1619681
2997890 9410223 6938484 5865403 8969236 1064001 4038012 6978056 3659415 1205785
7435259 2807355 5222013 8394070 1097865 2152710 9321696 3358550 5639679 9319347
6145724 5643975 8157011 5923832 6233522 1111210 2848843 5082799 7385204 50939
3714931 4870369 817226 918239 7093332 9130025 934151 7423942 2561048 7532238
6937732 168078 1416062 1410936 9940648 748594 6542260 9401039 1503613 3229629
5907519 8777553 5085629 4571732 1314886 4709697 5553424 6070725 3591134 318696
5632549 9478215 2875972 6694057 7143898 7999392 2830060 1922535 896500 4066165
3823802 6145934 371299 2191004 2164938 420485 4434655 6444817 6722818 4312262
2260725 6391296 1822828 2668906 5818152 8153804 6637078 9104362 2498061 1130145
1693656 243000 9591845 2027206 9865100 8817807 4029328 3805494 8855560 7147722
9766990 4574390 1922789 8433657 2596789 460424 6737864 6221705 5559603 7296446
266998 7583248 8823722 3956183 448982 3737768 7235302 9290113 6906420 1080114
184499 5620753 4089152 8896850 7388870 4610866 1368725 1028811 5871628 8359593
5954623 4129071 696967 5023951 7027592 1587222 726170 1070313 7878527 5389486
6692102 2951497 6603540 2038578 4821539 3870861 1281032 814921 603289 9951632
1842125 5353828 7758574 4046386 4904445 9301448 4553788 6427129 954259 979245
1129659 974377 9084643 9773423 3715263 1385462 8147842 9303767 1468955 4821677
386193 1265932 3216400 2449727 9031314 8152856 4716885 7935229 2146829 4612832
8121051 476734 8751384 2004748 7634806 3379057 8182564 34035 2982210 2367840
1647447 2139886 2033539 1985158 2257924 6104299 3336702 7777839 3486163 7681474
52349 5356232 1982344 302619 3569531 6350502 8656112 693311 5488686 314201
3989109 2478683 2549756 1279761 9750660 3635434 6916712 5886253 3101241 7622127
6120282 5713615 9494237 5207803 345203 8273698 5619270 7673842 4040122 6531201
2254235 8143372 5528710 3338017 5544095 2785190 581535 816239 6167857 7091741
6225236 666608 4161722 449147 4190653 3418528 7428148 7231974 1463875 616779
174640 4045218 4106965 9748356 7801434 7943798 1684259 9684275 8240292 3942314
4332577 4042616 8855528 6094944 6816013 2729840 8707289 3664077 4082534 3521029
1364704 7026149 3339782 4980609 3272992 8110847 570303 6390299 4116581 8983390
1945474 5618071 8031559 3877991 9002115 4549543 2170577 5679550 3787932 8978154
799744 3311172 9904306 4189539 2611980 9175361 7619799 5251917 3448613 6209654
6867157 4629893 6944690 664064 6509964 7606177 8067604 6981973 4514587 2874536
8341868 9838679 6991095 1705563 669338 688612 5642717 1125961 9433336 6472298
3497268 9249805 4231882 1594699 8077448 3175025 9837366 6428439 8621906 5698487
6238698 9876000 9243816 2584541 4826565 3515904 8409908 5203471 7332469 1520215
5698996 3589647 4169911 6357471 5314021 1076790 2987010 2058522 1237398 9218231
3277469 6790368 1470887 7557449 9255701 4529560 6757501 3559721 874954 4913809
8499670 849231 7712954 5523539 668852 3629397 925181 6824745 7650274 8904467
1594081 3452924 8782594 3561871 56339 501136 5003549 6280089 2127787 9338222
5106890 2589413 3243513 5333563 6260332 711434 7211422 2637580 947479 6346938
8634977 1923829 164377 5511458 5244686 2642211 3425756 1575809 8486566 407919
163846 8159969 2177272 5240428 2933575 8667879 7769127 6965097 8656719 5216589
9314688 4021856 2098644 8517777 8892292 1981142 8083254 2806360 8072152 9338777
6266018 7905239 613810 1098068 6139329 2073956 234213 777658 6195612 9648756
6702852 1310434 1946527 7520010 4697638 4702559 3608957 9625717 3583996 4171549
7581764 5180643 7758209 6073596 2118969 192256 791990 7374129 800263 2975031
8743089 5038958 6759682 5377041 5393153 5204828 5533869 698826 1249476 7501737
3501573 1812943 2193283 5854623 2507595 8651915 6497801 8812090 68785 1653675
9565202 7010600 6643468 5956908 5917215 4383000 140222 6798032 3153125 6600997
5464806 2290305 6181132 2801635 4350478 3666510 4750113 7987355 783576 6108983
2705764 1360485 8929017 5064895 8630994 2826128 5841814 5414983 2680801 7150931
7297555 5266265 5715161 904807 3969394 4905561 4056286 1413463 1174767 2786028
2667537 3030635 4419928 5828773 4628894 4642472 59544 1827321 7041425 1069642
6365453 9116753 4676359 4203182 4447655 6416120 2980636 961698 9755264 2028511
2986405 9176017 4409427 2421254 1178311 267126 5588850 9945948 1001635 7323776
9322685 775956 6972817 5820832 876885 7963682 5005081 6440689 725047 4267486
7078598 8541283 4997391 3069630 6631827 1019086 3722068 749173 7666039 3449411
2723592 4322959 8871735 6212520 4374702 7449432 7958802 2425805 2422840 7638353
7277985 3668652 6462743 8960115 431291 635637 6858781 1145914 7023395 3181430
7426122 896839 6942098 7821104 2293270 792556 2573911 3285435 7215735 8815839
1975447 2951402 8190727 7921888 9243109 1172380 7023027 6709790 1404097 6964210
1074631 1875285 9081372 725272 8161810 9234853 3355525 1164981 2657055 3586180
60929 1726670 1653809 355989 5579685 5971127 314019 9827529 5164119 1599483
4876775 2054884 2422965 9616963 885816 7552321 7461512 510212 4546162 6171806
4574360 7997293 9331225 742545 1440850 3899189 7813903 6336279 5209963 8194883
2075266 2032655 7309628 728824 9813331 7044863 2934334 2292268 886435 4795130
4683524 8631117 5472742 8743537 1128211 635 53714 3408931 9677019 9197306
3750662 9134963 7511850 6354871 5733404 7849831 7243068 4889419 2295805 441239
3415607 5545679 7974669 4716537 2277698 5046888 5951701 6747708 7713716 5255382
5758603 7326839 7118714 5133701 1993641 3995437 1164578 9355803 3047782 1704576
3878053 479988 2132673 8583547 3979176 8323115 2080539 1029160 1665697 7024086
5494170 2836020 6043382 444753 145796 2864374 7611906 3867256 1958390 2962966
7183198 7545892 4720363 871057 3987258 1856494 8141267 8384894 6466114 2729881
7580191 9283029 4832105 3703039 9074503 2190298 1447427 407592 2611369 6090571
8086131 8630403 5053054 8779902 7211980 7914740 7732429 7038922 7675203 9544628
9248626 1923819 6571134 4317635 5135715 1238461 3287029 2113182 9448465 3652412
3752693 539838 2393407 8575373 48707 6329966 1165145 5008026 5675348 2078207
5489062 4290962 4984475 7652003 1945012 6321398 4235591 2614387 758519 1815869
9965763 7768191 9514576 2915749 501821 2534033 5891437 6443300 873307 5292742
7536797 9795471 113811 8246509 6761767 534322 6947019 354429 661805 5795726
7140666 5872391 1616661 1152342 1789493 7148858 9996920 822064 6006092 1259422
9691868 6291132 7129013 7661511 1898802 5625653 3127043 2789689 8325022 5719373
2790376 9432146 1718937 8131009 4621414 3212943 6282616 1998517 7839312 4881595
7412765 310394 6448917 4006493 2262502 8658323 7389226 5358237 3195396 2112464
8873619 3675950 8964463 2592944 6030470 9568583 1446243 9413638 7747717 7413070
6855563 6424190 1496315 5637369 9436124 7941522 6077796 6344898 3264801 4498565
2768665 2194154 4901728 5409319 1729877 4497083 7017789 5837849 2743121 2064770
7462652 4858074 1175066 8717917 5911761 9575493 5320840 5070056 4465630 2763479
242948 557264 4893881 3949318 9000743 3343639 841907 4078977 8611033 8093446
1310491 7451034 7756122 8246348 5729963 3698538 1146459 3304545 5382213 9914036
5603914 743960 6970506 5546362 1854220 5031442 702538 1027308 8768178 9589014
6639160 6416390 5281821 5073757 9496649 675310 133014 175409 1408191 4894240
2120634 5650916 9113698 6117152 3565790 1093618 5076164 61908 3276136 1981103
8690523 792365 3377194 6111098 184815 3350200 726314 7303483 2040526 5982989
8539359 8105612 8516289 6413614 9140074 8448482 5480306 6733200 8349416 1626375
1518890 1840256 3976536 3062389 8707747 8548401 4807483 7529565 8898797 9448689
2510517 6995752 7646503 4225654 1003179 758255 5083832 8369955 4487187 6680248
5577261 8077982 5234899 7788837 2913591 1293012 3324853 9538215 9508721 4028380
6949672 3672208 104225 9080153 1481310 298783 3034670 2164961 2197761 476022
2100565 7988153 4183036 5451181 4781321 4530078 1044677 5522295 1702560 9186315
2710303 1609581 880934 6231405 6957708 5371191 7912785 2351298 1958797 5146155
6718386 4963379 9858288 3591032 6119590 2953700 6370203 2205985 2359231 2552633
9137604 3005480 7029788 9954036 319678 2799700 7354457 5562910 4660784 7770453
8219490 6306560 6495076 3339571 9847649 583036 3790178 3793611 6757645 1622834
7804324 6843895 5293168 6050603 8134681 819114 463948 5542112 5812668 476231
8889828 3675270 5944981 7744191 5481746 5088434 3913826 4349041 1110645 9476625
9753695 7378734 6312531 7738176 4120799 5421084 7369067 2985707 8849256 8766466
4023947 7069046 7615603 3573620 5659355 2893341 8381522 5379232 1667751 6808610
2100182 9385967 7078969 2746329 2290733 5164303 2251763 289599 2519042 5508259
1353233 4605409 1939967 511006 2447959 721782 6452681 8580644 9350346 4281848
6313766 7199983 4344000 5838403 6870218 8733333 9906215 2888345 4477187 2432050
5989763 5437122 5721192 9759614 861761 8177973 9220761 9645747 6294459 6243506
7995636 5478352 2212824 8181201 3697389 7961940 5093695 836430 9728424 3275405
3577158 2195312 7700122 6157486 9908372 1964516 5939317 7393103 847251 6718094
2076062 5464512 551586 1893937 3905333 826591 8118233 1799530 5490770 1980987
9372341 5268394 8545247 4745644 5322616 6400187 7853719 2798061 2033298 919948
3939114 7849485 2350040 3994333 9011447 367821 979360 3577484 9219843 9496069
3332887 9881208 7816882 8749290 9844871 1299274 7197912 8489523 7701082 4836197
466805 5989629 6946746 7550597 119918 7882637 1573476 5783552 9282625 5566799
2032714 4552295 1472764 597005 1148637 8408614 7644411 602727 8521090 5438103
3386697 5760448 3006122 7883827 2197690 5028499 4991754 639289 8009269 45963
4197759 9104556 1726621 4953740 3882382 391974 8069768 7233069 3938055 7553148
6260347 7545128 3191127 2177396 8728433 4247890 2047292 4603095 4360670 8694807
6056719 4094937 9871308 8678820 2363078 2651271 4530303 2724811 7322187 1424379
8211157 1089092 5710687 3787455 9485155 7129308 444597 6440430 9530134 185949
3431401 9377806 6285797 119040 4452752 1990131 506239 3806150 192509 6273607
2197344 791244 8725808 2896592 9027 1589935 1085598 22997 5635181 7715524
8511072 3187169 8405431 1439375 4150697 7135455 1682112 337385 3040397 7637941
2856931 9957684 7940171 6666871 1190199 8810269 3349752 2256725 5859214 7556433
6898132 1166208 4888038 8668508 8383118 6544522 4722475 4374927 7926219 4967351
4212522 6054305 4586256 7642941 8629901 4788271 5664445 9145564 4188154 6920974
2177489 3197420 8916209 5848888 1910858 7782522 5100704 6404495 5630932 2201580
2370649 641556 2529019 693844 8331542 8744421 3764072 5704032 4106121 4752573
4076993 1561611 8896198 3676699 9205805 6787264 5263676 1800469 5026722 347398
7166324 6406380 7370296 2870719 3013304 2309414 3137800 6435474 8810694 1181866
7760862 3743177 5753683 4466199 704611 2971429 1246531 9950844 5346808 2561042
6711840 7220052 1010697 5660772 8075596 8031826 3260856 6834086 7445357 1167054
7694825 8375367 2672876 9073425 1886274 2018962 4076044 8817175 1075966 6907111
8303242 7691606 7475873 1798986 3123808 6692423 7539895 6313957 9257271 2456749
1389184 2672225 1151437 775573 1215021 8046743 2656900 46121 8599122 200845
6983780 1893472 8805628 170277 1939085 1772769 6699209 5151145 5335203 5250428
737313 777996 5776141 2499788 1952321 3541507 9691744 16591 518214 6654795
6614980 5313297 8897964 8825564 3087609 2154188 7909919 4264234 9167757 3059152
824447 7792863 6502559 6869188 1008708 1498986 4027012 6796281 4110044 3576025
4521488 5630475 6936467 7153705 9593460 969625 877745 1614325 4955539 8475311
567622 8000432 147875 3506140 8866396 2968253 5141828 132860 178297 9374265
2097754 9872215 8980217 3985473 8274830 4627845 7125747 5598268 9195574 3160990
1730320 9510782 2997579 6054139 6318164 6576480 9853642 2917061 8619882 117241
2123051 5639663 5702113 8190396 487797 975413 5874452 9518467 4705262 8690105
7067299 9844982 7728568 4400117 1204554 729253 5095894 1402056 3973661 6489969
4105827 1095239 6469039 4986843 9014389 7239812 2670184 854442 4178105 7259234
6153257 2532262 1622145 390263 6657508 9484171 3151759 2593290 9035966 2795385
2969264 6852380 2110063 4614882 9162929 7595005 8926410 8983386 8335348 9584760
2817738 5931928 170030 6768408 9942254 8262356 7655005 5927531 849590 1344945
8613201 6996217 3862566 8165212 4522269 5060590 5363605 9434513 5492465 4076365
7487235 6361631 1452048 1833609 8785284 4014130 3396166 7591401 1412194 3141025
6469222 5298982 7605034 7924679 4013409 7216200 403383 2883040 3264734 2802686
718810 4546945 373980 126637 128924 4085610 6728719 4614560 9015199 4648215
2227932 2458022 3486730 8373271 9287434 7109126 320701 1916363 2794449 5175144
8621140 6759921 3891807 573329 1295631 761521 2553543 1001310 4122054 1806420
8606436 9974072 5354062 2726837 985997 6855707 746130 8804821 3849705 2920173
3605022 1798557 3413773 4210095 3348298 211495 8240652 4971751 3950376 1967050
8398926 4550494 7154886 5608602 994977 8414154 9944689 6713521 6791616 1243516
7198624 4210903 3713618 9884443 6218810 4809419 6792193 4233676 7750120 695926
9799453 7387618 7720694 6221888 1225403 2087084 5891992 6192955 5717268 1429041
3594300 9762756 8096812 644233 5704871 9853014 5443962 8117900 5259499 7102358
3598356 7106027 850738 5030670 708446 7583604 541565 8557759 375925 6728768
1575334 7343488 636607 3365522 4796322 181422 9221993 6040449 830728 5298735
7128050 6618132 8247945 6708477 888984 3373188 4620485 4034348 4120573 4506286
8719287 8245597 3589542 3577377 5986759 6122275 9455851 7252079 1214411 2795876
8150642 1311687 3126509 3806461 711215 1276453 1368936 7877292 2862733 5432786
3948427 7908234 1414801 5845147 3064597 1223373 1136161 6230245 8363724 1027656
8633369 964979 4692698 9600340 5484789 3180854 9636788 9677989 4448792 5943779
781257 7893469 7446941 8425115 4531593 6873181 567928 425215 9511590 1965748
4325390 9438699 4938760 9368928 7367233 8319850 3699615 6408755 4505407 6149862
3672333 7771364 1704661 4317864 5529209 3927182 9839496 4468910 7101422 8465069
3073770 6790926 7387508 8130694 2164945 7632170 6671732 124666 7835170 3488969
7972993 7038039 5346789 4900769 2516581 1459673 8408147 9938888 2325530 1382625
7429716 5567908 1859186 8510092 305761 8189405 1482132 6150665 1519512 4090548
4167889 6440326 2561226 9104520 4927051 890270 4978374 3418331 120775 1198762
2500799 5927329 8513041 2471718 5642981 356195 8630566 2169916 8918855 6929962
5314406 719408 9764137 6586509 518982 4633443 3875900 8920256 8287497 9225076
2469150 4951575 653169 6650954 1392905 3358475 2045802 1035967 5753558 9499063
5982254 5926874 5701866 4080811 8566137 14685 2758801 737569 7717082 2387909
3191357 5729335 5654262 2139706 8692973 2385104 485414 6971581 5507507 243881
9165265 9891291 5196042 4857807 5707521 166066 7083745 3187245 5951522 6857940
5797400 4308665 2308284 2510445 6437449 3214276 7943017 2095689 8092258 7666386
63694 7368624 4732160 7062899 2563144 7679848 7321446 1503153 4098340 2886544
3150843 9687155 9462176 5495816 1561792 1905606 8585926 6746708 699327 8074440
3022585 6369421 2224705 5679444 9817350 7430375 1646339 924902 8967609 8311550
6509779 9946195 7752141 4830898 2942737 5577960 3783605 4540667 1758070 6354771
4345138 3412766 579202 7704290 2963004 212069 6286305 1085264 7515919 1337285
5802565 7287549 2512328 1988327 4671887 7335538 5123742 7539215 6762334 4939933
1335445 5007449 5735867 9526362 6374386 6221830 4838006 2259327 8067927 7274083
8443629 4894096 4889501 1765750 3701474 4369824 9799066 2958799 6215850 7408691
6083888 2074276 7233635 146720 5918030 3306856 4722410 7618949 4068688 3011481
9069649 2959959 6906948 1620955 9128477 6982746 2924349 1246801 5140826 4231555
5787188 1263187 455177 8070924 5842833 593254 3918695 1459874 5427577 2621152
3927136 1482531 9437261 3653447 2123642 2996414 77422 6922110 7809946 169969
8145077 4891341 1428669 4213529 231242 4151669 3474550 7019019 4404318 6253964
1876728 6805325 954260 9331358 6062270 7488720 2539496 5244685 1154050 3457103
1717744 9383652 5796685 5427668 3341439 441320 7012078 9733157 6997579 786769
5604186 2722332 3314171 9440619 7129804 4909773 1180808 1996960 973089 4256328
6017294 7641176 5681235 3485150 2148257 5960716 9721374 5944413 3417364 4857594
4686321 9246762 3963800 4757518 8071407 270256 647523 390345 3148389 6706685
4201435 3492338 2833289 1270036 5274859 274304 4289897 8515348 8931980 2684196
2174709 2573321 3571489 5171642 7838343 5450179 2457143 7742741 184429 2570789
7391333 2155686 7765692 9890203 7198219 4584603 408674 197199 2519993 4201029
3246425 33560 3223800 1034137 3005555 6338474 5133488 1099901 8659618 7835309
3449871 8811467 1760042 9535869 6777062 2290405 1890787 779016 5113925 9192702
5980921 872535 9508311 4501343 64919 6039828 9723113 342811 1451427 6256927
7195593 9154029 5282389 4118608 4348918 7476080 1942515 693513 5259417 7845979
7365438 1140231 117166 7191576 9558072 3845435 4794405 9504912 8783784 1225212
3005565 3497958 9781164 1364474 8327732 4937713 1977421 2013034 8306827 8916159
7815745 5210892 1122299 846884 8777763 3559484 753750 6304597 272566 1242176
2463062 9001533 5849045 579955 3644251 4582251 7270802 1281496 9423379 7563337
5138145 8385693 1485068 2774118 8245244 6655553 4145306 6513128 6674600 4836099
5815788 8414627 9206508 3007300 9179048 925368 9658843 6453083 6449540 5700041
8789612 2018264 3775587 565219 6803130 6404027 9941159 2736415 3606472 2397689
5231299 9411518 9747998 9517727 6467049 4530741 504512 3911016 2913220 8900266
3253004 5120503 2322686 6691215 139118 5216149 6877607 8438406 5681509 9966937
9796586 7952771 4687860 9653604 5303022 2757910 4712868 9980905 6681241 5916530
1600369 5866331 8226767 463811 6829913 939258 7780876 4754442 1280998 8195544
6051105 3882158 8817131 2123207 2575936 4593391 8802338 9370610 2659609 4814046
1295775 3174872 4764476 2094131 2238786 3302114 5821184 6069863 5446180 5109428
2093868 2159421 6428116 6904148 2616839 5666241 3374539 8538203 6309636 2086265
975951 2182928 9208389 7571533 1214921 7250852 4548591 1115882 6143022 185581
7235144 3194376 2976085 6418161 2412714 8987070 5116420 7148682 6604283 6274300
5725389 6682875 324558 9203771 9254133 2345837 2424471 9861518 5793792 6463180
5573672 355955 1950912 7201095 2475254 6538927 18686 88319 3566737 7914257
3071531 5242970 6766258 1078287 4042498 3573295 3882284 2367229 2539999 5557880
5404353 6885197 2172968 5415030 9940981 3543570 2590065 1999670 4608668 7990429
1613722 3035755 9512239 1517823 1446944 1579527 3076465 8953174 9377618 7598894
9175697 690778 7380354 5000613 2193293 7553432 521413 8948702 7571940 9152126
2078501 1215373 8939591 9556155 7735845 5998543 7437474 2984695 5414379 16358
2464322 5968656 5286078 1443771 1664308 8611820 6005682 8249317 5683090 8751079
9925241 3103751 4901278 9201435 9601432 3347020 8304031 3523440 3441959 6067489
9441563 9564070 3831957 6668626 1217822 794056 5540438 1905832 5862695 1837540
8763871 238506 1206445 2580731 2109115 8458200 6193631 5934155 4926450 8918840
828544 8944815 7044007 1780015 4399464 6151315 2460217 5617422 5476893 3945648
5405373 5645231 2396142 5415771 494045 3153302 5772716 1101532 6698088 5523816
9413060 3284919 8247633 7478155 1564729 2610073 7333817 2428330 52987 815082
2777583 8517945 6314229 8698537 633038 2739114 3527892 5231905 7044864 599175
3959604 5635094 6352017 2145269 7216687 5464683 4225191 6191365 7152925 5825033
8768166 4453081 6053143 125417 2279328 3860930 8685431 8789155 720747 3172005
4694589 2734939 3613760 5591879 2796712 1464169 899593 9230234 1311008 9437485
8072713 5911264 3216976 5349632 2437653 1714272 3686126 8149175 785147 7624972
3960164 2163650 3494034 1225056 4935278 711826 4904464 1085539 9826852 2332802
2014228 7102214 8453822 9430315 4816967 119038 506564 9408680 1443259 6799119
4459637 9423057 7158978 7819761 6715897 4240566 1550075 1726993 5050353 5294021
7376130 4651888 2401532 4377414 7601109 2158249 4849080 6666394 4438369 3954008
8819095 7570301 3315188 8576891 2438077 4028774 6717004 649021 7691640 3707094
7000911 4319810 2128888 5962119 9996012 9020798 1691705 4593265 6445515 9009681
8556634 4136024 5283932 5892967 5629688 5669692 3789996 553977 2506407 580620
2124991 9991789 5442626 154436 3336449 3892694 9009504 9567379 8204987 5181141
1411921 4679651 9858322 8782284 5667520 373437 1019575 6629688 457454 3765565
4041806 5759617 7848100 3244090 4642558 7227541 9336990 2932531 5968656 5245861
6028636 858949 4971846 7559391 4198795 4503353 3750043 3450313 3380446 4253998
2905129 1700361 7232962 9279116 6178882 8100863 463587 3271430 6039747 1731890
8655964 6811228 5438661 1094313 9452097 561822 4541824 3789246 1218250 4303491
7114484 5159779 9242929 4927868 4441796 9095951 8916722 8056852 6619443 2773591
7050778 7258022 4117234 1151781 5076410 9656704 32376 3751613 714664 5575651
4319834 6657848 4929481 7725085 805578 2381901 7735539 9323171 711319 3849378
8699039 417836 7187534 315747 829235 9952276 138803 273395 2440088 5291398
1668110 1035251 9822499 4905985 6289508 3848106 945368 5226254 5169424 394676
9274527 5549131 2149119 2041764 8669583 1943857 3851356 3864749 9546791 1360083
8770930 8755877 8501707 5260588 8725673 7483343 7271254 3828983 6758679 2632719
7661957 5400142 350958 2385681 8080922 142642 3568642 1584097 809575 4118841
1538537 571990 6574601 7408014 9536714 5073312 9667916 1845732 8136791 9178640
7785801 1172326 7007846 443565 9950699 663972 3311210 1865303 9751391 7645687
5208082 4304635 3354036 6279094 5467109 7695977 9864259 9643154 4541149 4464716
210444 2372702 5167566 720559 4364319 7715018 6579019 2233139 1598944 7475450
6129346 4966144 3624067 8889507 1599382 2344568 1079769 993272 2962548 9108827
1151716 5780911 8176294 6821734 8274858 7201639 9139461 8914405 6159193 1122743
6505209 9978789 3663523 9236074 6915968 4558585 7121774 1477801 415650 3498490
5394397 5750093 461096 2735748 1174296 5753074 9849618 4305910 4090836 1931587
1506621 1100177 3410720 5423179 6826569 8166670 9975464 2182131 1957861 6207399
9025433 1643812 235834 2785534 2576376 1215894 7671957 5795057 9912776 8217975
1121486 2754978 1091578 4276862 248672 1858728 211909 433406 4784855 346894
3367650 2276882 7313812 7088 2645020 4331590 5571558 902565 7346060 3396529
8336638 7694163 1893238 6021363 3205529 2123424 260101 7144026 3143268 8469008
2907761 3429112 2219278 2142660 9652391 1128976 705168 2600219 9916052 2360187
6826359 8823835 4872084 1154024 4215977 5532025 6576428 3020246 5201603 1026217
1172274 1952186 7148245 8811411 5941549 207003 8703168 9947763 9774902 9472081
3714383 8830040 6746448 8717302 8060757 1845096 782998 5193655 4920839 4086224
5235964 2568911 5700388 623980 4792249 407890 5782577 5475926 8363206 7879839
2443863 5250132 4534208 1942024 9277809 175808 3216074 6002545 8363567 8176284
1958814 4866879 2873122 1008118 2223156 4758884 1852347 7696976 7656490 6360306
6362346 6566339 8840718 4467328 2206287 4370381 4845542 1828809 5310013 165492
8081066 5561136 1743688 2662893 1338309 8632195 5708845 1961401 7414051 2822914
4409188 9837748 176136 9614068 4870079 8507628 1108876 2262534 58434 1435561
4527013 3493334 670586 7474973 3008481 9684507 1596731 7915843 1288333 5769772
3333552 4641706 801698 2633969 1800732 5655435 2572995 4601901 2372769 746032
7102284 7243827 5150577 3371301 9777332 9775151 1171939 4967598 2901804 2930602
6722294 2740057 8950787 1589231 4336456 685214 3024576 1692595 3394271 5373785
5557239 9158934 1017140 7297669 2579480 649085 7231419 3921121 7851760 1843345
5937462 9198764 543561 4276901 1065057 6796401 6908143 9450436 6465768 3353976
7534767 5750053 518482 104315 3107754 6913001 1093286 4205213 3142598 8029797
1568603 6196195 4098188 6701266 6804057 8025664 3514070 4463157 9917861 3660153
1110882 9278963 9007567 8214627 228489 216301 1330073 5517289 4929685 2616599
8148196 9897147 6509814 4086674 6079142 3724462 1783892 1279773 1494231 7157158
8902555 447849 4235816 9876257 9999745 6825234 7299627 1184493 8745938 1116408
809966 9409293 5942933 3007149 9634462 1576775 8725636 3514510 4501661 4837076
4277547 4055842 5500925 9693877 1845309 1139278 2218589 6583498 5210745 7193043
5660477 8265770 2379581 4562259 5821840 4799907 8449784 8787015 7399117 4941479
7004518 129686 1330373 8923533 399275 8321051 3229953 2408407 8524731 1100698
1067262 2458470 8591280 4276478 7197810 4592416 9107429 3099127 9261715 8114013
4029418 2058282 9905901 7739142 8138069 5074881 5174797 4287816 115203 5511844
5389608 1491632 9733951 9413322 8049960 3503973 719816 8340336 4839879 5861680
3973450 3686795 2147065 8949912 8095998 3143485 2365569 5008072 7623248 7800563
3738078 9235809 2069907 1396083 5461758 6846103 1903728 5485259 1013082 4638145
7511833 3016116 4736507 2133782 3270838 1201832 5670268 5201651 4590333 6114332
1335240 2752607 8633576 9883668 4830205 2371115 2905226 9511819 8593972 5955598
3714878 7673594 8555165 883117 9906393 8067337 2610956 4688006 8576423 2929812
9212857 4895087 8835720 697589 5499593 5394133 3756888 7732327 57793 3987732
6618638 4996503 6753426 4568929 5534429 4562993 9736909 4868727 2424875 1720826
248280 7370039 880714 8797208 772761 3658165 4408692 699972 4711 778904
6071425 5587220 3500803 8891439 8492492 3427976 9287536 9625024 4197906 8552101
5785577 4341613 6888531 455090 6317758 4146636 9279436 6793643 137957 1293328
8094888 770472 2320924 2377789 1734848 3199012 3292834 1200608 4316402 7416805
8843622 9412785 6930379 4323776 5803003 5133990 5404317 94636 5132348 5972559
5680047 883522 9391364 4189675 6473263 522951 8604826 7256522 1095231 7778789
2724561 1717357 8633607 4689517 5740333 4369363 6736852 7077426 3064079 8973242
2042458 4081001 1265981 620957 7168950 9651669 50872 6564165 8917273 7797378
3550776 2765949 5065421 138709 4663508 6056546 6067307 6031600 130597 3650090
5488590 2673125 3781327 543044 3733450 4646781 7028665 8501129 1506115 9081555
524282 7472699 6246864 6709870 2928545 9943390 857990 6041371 2250516 4555994
4813881 1945782 1688195 613486 1710880 7209635 2133240 417938 8719298 2060213
7076302 6138699 8834246 9222458 8340641 3789088 7342800 3291660 863236 2247417
9590402 3468252 5786411 9761398 7864631 8663106 585732 63361 2654586 2202685
3462854 9552840 7549643 1666818 2089874 6842804 2755654 4587514 6897662 9367048
1183953 1626267 7386917 3656204 598747 265247 8484922 4978714 6236164 3295034
1222832 5885084 4659836 4217865 9583433 3306893 3153309 6641201 9390959 3348105
2899889 3842280 2106286 8631929 3516407 11623 2516583 9446817 4253663 5611095
2315042 6027142 8325117 8965266 9673141 1868911 463875 4014203 2308531 2516611
4105324 7742786 5399432 8683202 6699713 1531254 7471809 4166846 2362349 3425593
3158882 7023168 3718255 8834876 6306299 2160764 2899809 7826136 1180991 8589683
4255331 3553062 5470126 3632307 3689048 1916017 1618933 147330 8457036 1825853
6821533 6228017 9518748 8153978 6153422 323269 7346371 8884198 8539509 4837450
9181142 67573 3417868 9381045 8615821 4414864 9643539 8751547 9807978 7928940
1539650 5637172 4572243 4038903 3272053 8321298 1030090 441276 7111473 5937178
8190769 7240866 6547612 7474293 7094980 4831507 1539781 9715817 9291398 9268862
6841356 7998955 7637693 6285189 7661896 7048036 7183462 7229244 8665236 3619543
6830446 7349331 5783808 5179167 7811228 3358768 7059499 2834050 6887243 6546048
3247586 8696991 8816210 6928024 1524783 9398123 3252106 3126541 8718274 6734155
8192516 3402353 8281121 6623511 8424937 8746628 9401897 165282 3956000 621301
976937 4703759 1091891 7514639 5046944 7025166 5222995 1715923 2148062 3549018
836392 3105251 571696 2202150 7002655 7380096 1331007 9122455 8713987 3305693
3925743 7586663 3210989 6168906 9550338 2381369 5503943 7932493 2585804 7775164
3300729 3645761 4548163 3337307 8053797 6431843 4225541 5660595 5260508 225771
5692953 3830114 6189212 4886298 4179549 7085701 3380488 1312594 6395257 9905728
8613838 6114696 7419215 9381912 7969198 2142568 3927982 9351212 9942748 2651714
4598912 9807309 9295658 7797787 3944589 4923820 1479754 827061 5297929 2587892
383284 3620500 2426730 3556684 8842316 7126982 5791235 5669483 945048 5911565
8268521 5227363 8124944 8783202 3133834 4048915 4643989 3922682 3635629 6229505
7503261 5011543 3855347 1454155 516362 3839284 4000214 2766874 8549927 6613030
5991932 4921957 2745293 7183927 983276 2022228 6777122 8854665 8909925 2212009
1981681 797654 8632456 9762019 3629697 7625919 4820915 7456695 856157 9855387
7684097 2000056 687550 1791982 826537 9628853 2240355 7114790 1773357 128962
3827025 9249823 8015537 655696 38894 4743649 8582347 1928658 3691670 7774016
9584506 7871303 2790275 5399034 3806057 1840572 4839987 6953590 170634 6659365
4741544 2141786 1746910 6705051 2363549 6794010 2854052 6045213 9469798 3198680
7502031 1084841 7596878 7418454 292497 1836029 3584340 1796748 8725622 9607646
7569026 7089703 5942810 8186900 3851835 1791298 890038 5816213 5496285 5579497
4938242 1771777 9619414 4021652 580204 4990400 8148251 1241670 2064973 7946242
9035769 3030522 9140128 4463029 5627394 7707055 2462759 579478 6823608 8818624
764808 9379206 3033170 1742443 5336650 7641972 702233 1308048 4846361 209330
2941573 6996426 3206780 4300651 6559154 8610576 3711615 2900300 5265764 633532
7176518 4978857 8945277 6995179 7241230 5061066 2413595 4866782 4067597 9349012
5446103 4065497 6578403 1034747 4615243 4537434 9734863 194358 4545646 5195712
1761312 2880041 3323797 4237199 7360378 1497575 265791 8149417 1001783 4822717
2191937 1870066 1498186 2847734 4006219 8958358 1830156 9871748 1378853 2799897
1576743 9899386 6364766 2330905 2296313 7790163 9376339 4554856 3907477 3630791
5013925 4767347 3683340 819682 7813160 5749813 6524636 8373284 3653389 5101755
5233185 2146848 7268541 2582045 2852523 7951398 5508446 8314553 7286535 2869559
8440476 8087899 275637 5391235 1854886 4357137 5789392 6685948 4911525 9296050
8606597 1719389 1027881 9672074 2807085 324956 4011790 9287275 1060507 1815912
4050682 5141145 6231956 5815370 2480815 27872 4874456 4427540 7713712 225486
8369700 438991 7305720 4025197 9949821 4484596 8815211 9850091 492590 1895466
1760584 168533 4133995 218431 4517161 9015021 9521819 5770881 6793106 5730002
4407078 505017 5879273 6971719 4991699 9813329 4173935 5956925 2526774 8197863
7709324 85067 3000982 3391515 6868471 1316993 1393500 2646988 4439105 9193026
8238451 5479075 817719 1669956 9837298 7813575 8755469 7793912 355711 2185588
6536474 1030909 7607811 6384692 7633096 7838288 2421350 2043052 7768023 8218018
2182322 3362709 8752595 8631725 5880033 9487106 6337831 3787640 1577913 2194085
3622045 4188338 8356196 7124742 3361865 5790072 4204090 9060158 7343848 6749577
3562835 1424469 2078777 1619592 5134139 2869138 9481880 1139307 7052886 6732105
9910889 6664425 8888806 3868759 4465627 9668349 6316721 9414060 1719481 6576276
2207832 1149149 9819391 5988231 2884781 1554405 7696718 4510571 1139712 9304017
7497812 9769504 3820833 7349913 5255688 6640096 3507437 1321202 1630434 3909066
7356170 5950315 7767985 2154983 4909184 6069353 1337076 5957907 6401486 9573333
7237624 2064986 9475172 2387215 3350603 9091602 9330138 6609629 5294624 2878336
172595 6420796 3405554 4700238 6320410 3600152 1699964 8881180 4558433 6146281
3204617 3319594 8330635 6721351 1220225 961573 9626051 6343218 9251804 9092570
1729503 8392462 2677645 9142646 2610680 5231755 9245522 4551224 2164344 355321
1987940 3003377 1908257 3214794 5700693 8917983 3943074 5841145 7643118 5383867
6042818 4017792 4325749 3561682 7003285 1330099 7734381 4212411 4086398 8857801
1617876 2706002 1561775 9613195 3134447 9953043 1159759 2491615 9681561 3788220
4953985 8738799 5174930 7023849 7832120 8551152 6011890 3758178 7633706 4924068
5324143 561389 568516 7913534 7122123 1720534 5974347 1371809 5250652 1825623
1707911 8757303 6598837 3676814 6185866 782427 555501 6891696 8502742 7915776
13716 379773 2036112 1641875 6882068 1754314 8048673 9566752 7963484 6278428
1886358 6678491 5536158 8665724 1718594 5385277 3085203 3011729 5827390 5167788
9822544 6234161 8638235 4538432 7614102 3914044 6215618 4470647 3614751 2517901
4166606 6647547 5578023 3005243 534811 542761 7244005 8119669 566028 9855254
9135151 5328448 6396385 3029531 3171121 7018421 1268366 3818605 7400141 340767
1948548 6983127 8823492 4303966 10317 6479571 5291013 9595502 6461193 7487831
3271766 5033599 2993069 246567 2710878 7307181 6387727 7273020 3631845 2460236
5943968 1861833 1848017 5646897 7897796 1549731 4646486 3700422 9808185 3947781
6854279 9079763 5200208 9406899 8416774 8301191 561480 6375847 7923238 2021777
8561580 9701400 5137436 5976569 2667236 8871039 8170038 2873784 8112818 9953058
2454790 7263811 7348826 1433370 6541186 7998547 1418453 2480533 4729969 7273724
2367232 1216507 4053122 4716752 8766941 5966887 1080115 8566832 38925 7427413
308620 6786167 286428 8407121 3366543 233327 1142696 1742367 7218249 6795686
6286458 2192811 6829685 1656128 8705200 872624 5073250 7141440 5093704 5702509
5520269 793344 2574868 4592006 2310673 92530 9476513 7096179 2160693 1788866
3910658 9745103 3890576 7323517 7305031 2050919 9251169 6709124 4644894 4875210
8298631 1799100 3184769 1658647 3741105 5735794 3383176 5170659 1199087 5950491
8009951 2947170 1926855 1774297 8635246 5778165 779169 5993238 6255426 4308360
9464927 296500 9590828 5208274 317182 7567860 5997897 3112699 5622608 3585469
6981168 7684266 2343520 419873 8283039 3865991 4353070 2116193 4282392 9540935
6488588 3854970 7330800 9449520 8404867 7293224 7195390 6258434 9019065 9984915
7172535 896173 6313535 5705837 925536 6643380 7129362 6379223 1581383 1190275
2329802 1450792 1563002 7624667 6534004 1507940 9504847 6359812 2602072 6508303
2013173 9838732 828543 9552553 8540998 7359119 770410 273350 1207326 2875265
5296181 5948220 1477848 3473817 5673467 1061307 3273588 2699858 1225897 2861153
3365981 6291607 2060155 6486940 8545760 5793690 9339545 5564313 6135042 8534426
537773 8768704 5337275 1584000 9931589 9512499 4801129 2074799 1362659 7805549
5777247 3411563 3215299 7564747 5232280 5973805 6154476 1620311 4848148 9073682
2222239 9069197 8792570 9146466 568376 9082283 5397668 9909684 8380622 6007317
3063292 9699484 8261222 6780966 6049695 1367917 4827369 6523404 4133108 5740837
1283621 6685607 8643153 7421627 5543567 2449082 5816337 4673425 2502879 1947194
3212265 2275490 146328 8953111 2305180 1843716 9752651 1120721 9739786 1565949
4522338 2159304 2944059 5673312 1452643 8688334 4267812 5750126 3400033 2073162
17291 8199062 2402712 9478791 3255167 1019185 8129913 3106014 1160493 9376532
2802516 7574558 2926514 6454649 4390965 6267432 9204330 7577591 3970233 7759953
5099483 9843892 7650637 2122060 3729931 3735906 3799492 7935501 1639119 8501746
8415621 3257702 5665346 3119357 1370235 9576766 2643881 7419904 721932 301205
4699010 4949556 7622437 3563632 5119367 618196 1485392 7190523 6234365 6241434
579251 5591205 863456 305055 5936827 2861755 6937402 5958589 6227368 8567198
742830 7348771 9637526 4624813 1941186 1502577 8350194 6762732 5834451 9181951
7423880 8610054 1515816 5767935 7172519 6000604 3754512 7201292 5911539 505533
9014735 1681089 7873871 937180 174068 2033238 7864874 1620872 8467390 1932462
9903249 9164554 2706763 4873842 2816605 6925376 7618613 68670 8624664 8001354
8926154 4363705 253764 6191335 9811662 5640963 4933542 8578152 8176374 3396353
900797 12101 9032539 4480228 3090345 2637224 2917367 9237297 5760018 4167836
6564643 5627776 3660150 4542465 418467 8446418 1507645 8595 9171807 4676492
7290363 9316622 2108963 6722164 4408862 3979258 6358103 2422469 267280 6496689
6791151 7362833 8860110 1511879 7693013 7749493 6142848 4937880 424714 1979150
7332835 3855504 3728602 9055149 5981092 7790530 7023768 384018 1094694 9859078
9519826 9928475 7165840 9795983 4124781 5856762 8772346 6053396 4748267 9946521
9715232 9476588 9123755 6874116 3946335 3002709 5336791 7870278 6528370 6594441
8393586 1059989 8139939 5597946 3564647 5592656 1080038 4766771 3633920 1320362
7016858 7830197 2019332 3470932 128004 6559615 4187962 9472657 9002529 2736235
6116496 34081 2587339 346666 2535573 1097616 7963754 5867982 4766252 2307128
5615739 7479389 4383742 8571355 8347723 8639031 4887887 7381182 5448394 5673319
8317219 8693796 9371567 5312396 2847291 3500456 7723833 127587 2150745 7253846
8635198 5535100 3359558 4175762 9685431 638072 9298430 4290402 9719319 3698396
6424424 5174622 9913401 5607423 2303394 5265363 6770210 8549142 2625800 4409736
2767024 1680788 5721219 1141437 3243124 5987352 8810204 4919656 9117941 4205777
5742145 4515361 2279971 9637234 6266828 783587 1275635 2900155 4105126 7474679
4151090 3956632 1065654 7959713 9242420 4529881 9434116 8646577 2294963 3417777
1138026 1544195 2948369 6731454 6180412 9582812 2146065 4064337 3608391 4113453
9099659 6553804 8258496 8285099 4018244 8817014 4833349 3768444 9491287 8456162
1963494 4879401 611602 7955611 4571155 7649402 2221201 2049894 9051081 5090503
5897427 7532121 9998662 7059662 4257717 8651102 7160849 2157804 6780958 2443704
8515549 9712224 2054309 7083936 9712592 1276856 6524996 147308 6270204 9696416
8503561 561523 972505 7737820 7121858 3505824 8744996 7284362 3691176 6029102
7552383 1972504 1138625 8460492 3243314 514224 9628382 2415270 3095831 3630891
9945579 3606832 2306716 5169053 9209740 4442647 4137868 6668943 3154963 411562
3833964 2625098 4584667 2436640 3477912 4376570 5606491 2811089 9505559 5239346
1285140 7918237 934828 6084305 4043028 4169628 5370729 5598447 1254028 9443263
8419286 4268543 4812898 5010987 4843953 658018 4747658 6554012 2531627 9765332
7814577 7090384 307968 264078 8606390 2833265 3849999 6316239 7730343 8217055
2628427 1617867 418780 5834698 8400333 9781803 8773505 2104593 4329740 1751390
9392094 2975159 2899902 3080817 194178 2324532 3943807 5497462 6610562 71725
6020870 6667471 6921398 5353272 8909499 8734618 5623863 7239833 1694723 5814893
1019525 8934685 7617104 3286786 5967957 679786 3497700 771212 6797555 8695859
5706018 4462892 367772 3679483 5199933 5330762 4887816 4049128 1734674 2174397
4109872 1221688 8035409 6830181 3028210 2246821 8688755 9171159 3095846 9055276
8305328 8898747 63131 1514055 8880441 1939294 3389809 9264174 9815600 8060078
5700301 9813351 1251868 2694172 8796839 6080254 3951676 9315168 887001 8348101
8757541 8589704 9301409 5662928 8013227 1790857 3157329 6734112 2514801 7523290
5936725 6495359 5003279 9573362 4421403 6666417 9376450 9070277 1249983 5765714
8023430 7809953 2038822 9906078 9739681 6377214 3734529 6008336 14297 5635897
1898812 5690699 567779 1137055 9576577 6381886 6713609 4298 8762774 351992
5577810 690457 3663601 9779980 1046740 9431475 9571052 2666342 7726593 2545829
1900151 9842401 9354123 5573426 3562765 305015 2685210 423478 3435148 6167381
3426563 3840746 5902686 8409591 8453351 52602 3136052 1120770 2731097 5005880
2458561 9931059 2367296 8535118 248340 3052766 1393953 1337997 5358194 7055527
9221475 5866713 9778205 6471701 3722695 2025906 2882518 9283036 9134323 5168173
4406096 4251486 8287352 9011941 969722 2656065 7938684 5898634 7301630 3643689
6935132 622527 7207464 4533651 5628757 5688826 4189924 9407020 535877 8394820
8240429 3663192 1317026 2895062 6213612 427551 801372 295075 1532029 6107707
2773662 9998486 3802707 8921028 5236701 7165121 9012449 7188865 7510224 5292903
1386937 5790904 2103710 5344043 5195928 5620593 7986974 6944202 7460557 9453811
5237351 9869222 7214006 5360303 2383418 1160675 1241612 8731412 7380625 3385233
2799417 8941294 7994354 770668 9074469 560460 5198966 1644022 5371956 800691
4059036 119706 3146558 7857636 5021155 3238061 322892 6312247 6553959 1132568
46310 5296981 4643960 689243 3901614 4389806 4209600 5224559 7880663 4242919
1040368 5713467 5299898 1101322 8171549 9386490 6845523 6245567 4503764 999963
1812241 9873062 215718 3941464 7232284 4615718 4543384 1814277 1582916 3979267
8289886 8269386 4691950 8109233 9975525 9513027 5136037 372167 3811078 965410
9160382 3380958 5278047 2636332 6067121 5432364 5954340 4273416 1334212 2820752
4390065 490284 146511 7621895 7318948 8353660 8717807 1435816 7937035 9302151
4487762 882103 3377877 6761201 7093219 4787422 9748616 1062510 1420191 4296516
2463040 6877700 5811160 4109149 896831 5735571 6229168 1092020 5201203 8517258
5600109 9589258 4313427 4001831 7172883 6877762 9394495 8938605 1688572 3933748
8027229 2409353 3494604 6447836 2766401 2665047 1722178 4443545 8580039 5962778
1163401 8756279 7073590 7335321 5977507 4718874 1759460 4547509 7353893 8451971
8295846 8143544 8004050 9219435 3731920 9593548 7393272 5581667 4457819 2010701
1622270 9498470 9268782 5394187 5202738 9369714 1188861 9654540 5636275 4766263
5033563 9816556 8897731 3812755 1974211 1432630 6210843 9486317 4582310 1280963
6872400 411158 1015961 3472450 8184847 416460 5507035 8478006 6878163 3274993
4967273 7195093 9848867 1162398 7439973 5664540 6360217 895769 8781607 9884421
1510182 4232345 7827627 392486 5205949 1599288 5412313 8793924 7493181 968866
9905507 4450943 5382254 5191051 3731954 9614777 1135008 702222 2174176 504119
4907265 8197407 1390607 3575413 3577922 6102445 3153306 8690081 2346914 1767778
3953190 5234640 8601292 4275122 3722179 4641983 4625002 4682240 9997884 1740006
5236982 395114 525467 8870007 7527824 7493737 634752 5922481 1702006 2414581
4695146 7060829 5369008 9347383 9937634 8615886 1341625 5772861 7100608 7137635
9529831 8867900 8197000 8410389 2108573 8967655 7782398 9610214 2691417 623683
3784883 6055908 3774001 2454938 2597941 6963647 9509165 1429517 67584 4939391
1388818 8847647 9919056 2411632 6311919 6279338 5301283 2977663 7941429 958545
4905623 3771060 9171593 3666651 4045314 8953174 4159381 1747182 603290 210039
4228971 3893660 1952124 591787 2144476 9956475 8017884 9150683 6910955 9903007
381986 4633144 9896202 6151525 1250295 4733733 6954702 7664280 7593530 485972
3210302 758552 9724636 969073 3453514 4172263 9137642 2444633 4233944 9205874
1570831 3695662 2894336 7603546 5676786 1153166 2708507 5835513 7362444 5672820
4913716 1895079 2150134 2423447 4361903 4249762 395017 3921685 7009290 8964928
4878103 2959675 7602429 6875687 740846 2282591 3304916 8530806 3782746 8627136
1869688 5206222 8234838 918070 5406271 6830735 3438250 2652809 7450760 9243167
1323833 4332726 6523457 7511606 5141147 4754706 9297532 8284814 6288675 9678213
6640074 6232432 8001180 2372428 4970761 2163871 3175113 8450171 4576092 5004340
3497878 2805862 4994568 9126761 7209350 6554881 4149291 9057168 5142964 5660640
3238518 1638327 5041483 8629269 2493432 5624108 4002899 2634283 541479 5841185
2743985 1955502 9700681 1700888 4787192 7496546 6012454 1842241 4835676 6955286
9615275 2040985 8516022 8348392 1389821 8737425 6767744 4707786 4942560 5586661
1472329 9794819 2149373 8251323 4105052 7977990 3772704 7166977 975136 4339866
2895927 3315859 9577285 5365325 1722013 4098935 1003896 2078494 8859168 612178
3453721 4900801 6272006 1128580 1887341 8124121 3477406 9193278 8586467 1751142
5484523 8737785 8685612 5372143 3507015 7689763 1247147 4306764 7578322 1756103
3505506 6527737 7683216 1216907 2562467 3977406 7513939 4886776 1371417 631622
4238101 6310330 7484198 8740733 2861122 2121665 7799070 1504540 8582782 3380539
4726742 4161777 793709 4096739 4053302 1949546 822749 2561444 9823557 1593831
5058338 4147626 4542518 7389540 2320299 9196808 4059693 7666496 775219 5087488
9510955 9471138 4092485 6534361 7554038 4163796 6498705 5864136 9916678 7807314
9535541 4499464 3235685 3303759 5742839 834450 8262284 3603580 6295568 2624520
581368 8358636 8841675 3479573 7391864 9661087 7393775 3756545 6823077 8594400
5828348 8481520 6827714 5264369 2430669 7913124 9616821 8358183 7902556 1890015
1271743 9753380 8962833 5260424 4613086 8424079 7863804 1430693 3332850 141998
9728055 433442 9849409 9811283 5952551 9507409 2403559 3164706 1119147 2053982
9162499 1101507 8985353 3181053 9363245 1654551 6807072 7644147 935154 5288173
5232518 2427258 501795 9448706 1192481 8963141 6614299 8915630 178336 6439481
4218411 1968478 4078613 9221832 1491688 9664693 1710777 3983458 5465372 3094402
4246187 9258611 4705821 5682470 6379197 6704466 2716944 3405028 2433918 4674390
6747874 3834661 5319675 6527800 9822129 6163446 7114158 5122142 5786974 7079596
1372295 7684966 3311892 7804047 4686122 6777566 8359234 7997180 8956506 3446293
9983013 3220175 4587650 1903821 7620693 9675392 4818500 6136452 2710222 6804079
1256379 306771 1801184 1495291 9304984 987410 5303898 4873880 535764 6415861
859824 4904672 5996573 7443802 1881275 5012465 5233855 6585752 1492035 2923520
8265763 9145749 6219124 5784623 1730550 1150399 1446009 2017719 2156984 6788916
477162 299177 2264562 6004759 7941955 9962235 3381768 9995429 4600724 8841854
54491 7013272 6255288 5940645 7711363 4343757 2943123 2310233 1973503 2971087
2083287 5321612 3350084 9980336 8977745 5985866 3841030 9596243 1167883 2852775
1966888 2218721 6081541 2846342 66184 4954292 4872992 5159749 5473382 3753075
4149545 5768644 9351135 8305166 3174060 9260713 1887052 3112438 9100869 5270424
798012 398829 5369426 3149043 8211703 2918713 9703632 8647383 6203858 8054562
9230553 7841924 9354698 3799830 7342853 3550244 3246797 2737239 7126029 6205903
4216902 4877164 8039999 6259065 4063382 2591109 2909671 2492552 272877 8771437
3974400 3170355 7920196 3770078 7515683 8385027 7597326 1362121 5271259 575096
1115416 4056512 2886891 4929149 8557954 6413974 4527044 3210422 803759 6515779
4237781 8133966 1658778 8290876 1250694 6484077 6192177 9903303 4820091 4063632
7844 8356517 1816616 7321926 1521049 9900519 3576361 6527406 7418227 8395669
2369457 5622816 5377698 2021633 433272 1170911 6568921 7006249 7580931 8745649
8041983 278487 4642017 5964769 8135817 4245552 6556671 8034757 1388025 3041087
8058616 724561 8698642 9248020 8294533 8245022 2430338 2026254 5559983 4661220
9573668 6870506 8099578 5764990 1460031 1613647 4483496 7534116 5039471 4590703
333255 934780 8465661 9977165 3449379 8135165 2307901 9608669 1966375 480119
2159699 8239557 6391982 2093507 3973118 4968946 3548209 75599 4692522 7343820
448542 5336343 1579127 2283777 3597172 2786791 5967987 252136 5032931 7084903
4924472 3798691 4828706 5975528 9742167 4356093 4751202 1778681 4183105 8187813
7614348 5271028 9409841 9149454 8887572 1676417 5972753 3045796 8529003 3169316
7682534 8350378 8480510 2341172 999341 2675669 6211896 8496037 8187193 6362066
9097002 4479984 5286427 3463591 6824013 3071485 5467479 294423 7586688 9971706
1139188 4387976 521204 7738711 2860385 2672840 6273940 2413405 5513934 4178991
5301537 325181 9829671 8585880 1364354 9295439 8083983 1264687 4075420 3512707
6223216 2589474 9792514 8548334 7693114 7649118 5031438 3717238 7668129 6179067
4909935 821748 78873 3001544 7368898 8937741 248602 5601973 5069862 2830641
3596511 5609074 7866948 3776999 2810615 2630917 5103456 9143127 3972542 8943607
7947329 8934845 5265889 4716971 1599147 9424078 9293540 2831304 6253892 4918180
3606979 2073304 5137219 7365257 3417162 4703016 9219439 8897077 7823327 7391548
8977127 7060590 4839659 5484502 5055654 2547009 1353380 9070148 7315929 6697415
1962168 814974 9319450 4966773 613121 5969944 5733281 4416228 2381939 3106387
9176382 7206502 6504752 98681 5563395 3489662 1392518 6727333 5617579 2631553
4445221 9658542 3109957 3692013 2151696 3698203 8844560 3302367 2160793 3181366
1317774 1229378 2789256 9835389 3291432 2154881 9235156 4379431 172672 9831863
3913869 7206475 1906955 4636396 4080755 1432007 4486292 5113302 4822890 6468827
3618566 1945323 2303997 8544954 3354762 2941176 8505554 3752119 6535858 5378439
9720166 2329585 9917966 6463197 7678203 7829105 5691278 1150154 1069838 7209998
2622155 6807133 2219782 3576019 6141748 2279618 3067622 2402030 9309342 1194115
9113556 137740 7556335 2216009 1052776 2910165 444679 8802524 2366866 5571668
5763040 6801932 812170 4452618 1220650 9480947 1859189 38095 8968866 17945
1954166 6280254 6081686 5126074 6394815 4941790 4654268 3726119 7122256 3704388
3800530 8783909 1176040 9492953 9338774 8877420 7263658 4167997 8447568 8927027
4345776 3231449 2571462 8246585 6114937 2569439 1936195 8964234 7561641 7963483
1728278 8707361 9977224 6013881 1863943 9172459 4733119 5345798 3422532 6896772
2575551 2163605 2218919 5005121 5807253 6850358 7441937 1300916 989474 2030324
802929 9299634 9658659 5756923 2092237 9953270 1543045 9331870 3237534 6246526
8321235 3142266 9814231 7675614 3447319 3414270 1923834 9165720 9438205 4193734
6698875 1914504 6622575 4622234 1092913 6548338 569734 390408 4884750 8962433
1148880 5951183 8854065 6279085 9178514 4214435 455817 370390 1681242 259602
5235393 5466499 3351951 2530851 6374317 6487456 9842486 8859394 3437178 6147168
8854119 4784963 5167393 388613 6962385 5915099 2973706 4964324 6893752 8030114
6223687 4582799 1392532 5666359 6408543 2347157 4027441 4687767 6779810 5324929
3270145 8267448 4558542 856072 5198745 6847685 1923477 8618899 7856028 337685
2349779 6546240 5646766 7491983 3502263 4743226 9110664 7820086 2355511 3855761
7810613 2663284 3831007 3146636 8007953 2522015 9502146 1790608 8191256 2416015
1046818 8868684 9991107 9707704 7744916 3004703 3082364 9081245 8743776 6318726
2138250 5274090 4605223 2428295 8949112 1154399 4749190 4019857 9499531 6940682
9240526 4331688 475618 6869368 3478578 5757223 7369932 6509754 4465839 2440413
2376712 6685348 654610 772741 8580282 7970544 2852056 8523907 891071 7673803
2533043 5820473 381289 132826 1824430 4463183 2962627 1114305 6622654 1285539
7457701 9456819 8152733 7102890 5255536 9072039 9556781 8915268 9452215 5320018
9014763 2751259 9540900 4466274 1585927 1817233 397096 3864807 7653623 699629
6558225 149239 7370732 7444738 7711101 4937629 833328 5445529 6331321 4371505
1585405 6947101 6489484 1525516 5405611 9075498 5457219 866049 1207218 8645177
7812643 3172876 2417105 8834525 1314739 6726499 1660856 4508930 1491287 9525039
2847206 701413 305066 7751880 5518962 3802068 5129599 4565294 4504894 1792283
7725312 9707132 7340808 3600389 3201439 4292498 9390681 3999986 9139621 1642289
443561 9809578 9206827 1019823 8572184 3861820 8132959 2304183 9572773 2928008
5393435 2392039 235409 9362997 3561537 2188137 3944725 6003806 3880489 3316228
2605937 1974405 4013482 3120872 5623863 4390178 3483885 2078151 5233299 669760
8234842 2594035 7846814 470509 7081831 1293866 4779492 8916793 8057001 8846101
8382416 7136392 2760764 6479967 193281 2721267 9643794 8887193 2497598 2828684
6291212 5131814 1288313 5000609 9184496 6573596 4105546 3414483 7823623 8540953
5908013 4448531 1805149 8403824 6616082 1679145 5476338 8400305 4467257 1832682
6735091 7247557 960209 8552894 1875118 5433850 3025496 8603062 6107318 6329812
2307936 104267 6058634 1672285 7585241 2567388 1383479 6386827 7340310 9802550
2285008 1861136 2327547 6600160 2241512 9884945 8152746 3620322 5400894 8121179
5464911 662607 8676159 6104319 8667453 6476356 8754460 8967010 1306453 1638209
7082778 8492217 2330385 7775411 4646680 7673144 7511770 2207152 2573850 8749726
8584700 4482518 6503979 9146778 1971186 2440904 9078153 8211247 7367227 4550502
6076398 4580391 4181325 7086169 9060726 9196463 1391664 1150072 8531781 9788424
6924675 2513952 6092356 2277800 5104381 7061820 1695595 6634649 5920953 6978366
7569132 1257311 433955 1041012 3273962 1684057 2586976 1738521 2940658 8255098
6528701 9017408 4259558 2479098 5441159 1420498 7556350 437031 9936429 4337819
2300836 1565006 3309123 7269066 3025025 695562 7839364 8306041 4551309 1820299
8090963 6309329 8767261 252490 3004172 9739460 1257153 292680 3931050 1896880
8260545 7036973 3650259 5118113 7841308 7243393 3650065 1865942 9793966 2797477
7493449 625815 7097899 3382848 8732082 5285114 1141846 6571522 3259851 8532461
7255609 2685820 5042486 2148304 8843440 4311598 4791151 3685688 3331727 2489782
9245544 9112964 9784230 2035345 3087603 1680422 1834098 1700338 1882294 9403837
2600014 3178569 8669813 4490513 9672690 5887318 5473072 8203702 5634241 6512964
2456668 118218 2550723 4751729 2586022 5027256 5471099 8886008 9358473 7019596
8633801 1999035 824335 3658135 2383779 5196185 3805372 4538869 6916971 831065
3008122 8871320 3534061 2776086 3871614 4705731 7729708 6592476 6361503 5072377
3381925 9644350 1774998 5363333 1284778 8759694 9148391 3897714 3188221 2154999
4645157 7401046 7876135 5216494 5784270 5833729 5025536 4351211 5403024 2074575
1343804 8297898 5625378 1494262 4704992 9366968 2082767 5166336 6189296 8351652
9424395 7521913 1361624 602711 823078 4962768 2170047 9386062 2648060 8753995
5221817 2530549 7384566 7581069 6395853 4438361 8441687 67755 6184191 6891850
3283990 3182201 9251119 2809669 7627286 4492347 9833540 1543397 2388661 4561954
8214766 4523767 9998697 7354526 7407039 7563897 9118727 6169793 8381978 1013287
8030368 3642358 9404564 6870952 3693053 861035 3853511 255619 3588563 8088866
598164 5649422 5452609 6800251 9430499 2414721 1359070 7583996 8003441 7045730
720036 9175907 6974364 1210856 2988558 1348683 9857028 6202418 7169542 6115210
9136063 7678346 8268155 3273543 5212143 8176522 4333296 7906067 6439675 1350424
7548693 9725503 6995086 1154027 5890072 487652 5575464 6480383 624488 7766223
7270082 436674 5081478 2974446 7722692 6701842 4120106 2629720 6183716 4320937
7699985 9625487 7937563 6691126 989 1347762 5971513 9698297 9667880 6561488
6479614 6779929 120798 7318887 9555975 4762959 4816166 5908106 4020033 7944250
7879067 977737 176778 4281650 4216763 4076960 8279230 4314121 7472400 9183949
2840961 5484337 2462941 2951321 6303391 2490121 8946001 5209371 3036836 918127
3315275 7509972 2500786 5503503 6843273 9954322 4076759 5970597 1603763 7567936
8614655 2568632 2455778 1356651 278666 9769001 3015624 5801183 7174114 9575383
6739352 4910508 4599703 7483467 921452 8235391 7500327 1701276 7728230 5411873
9751750 4545935 1393179 4597175 830753 1630033 1448485 3629589 3049607 7762623
8752484 2325827 6457889 9749986 9779684 621726 1656582 8460567 1824092 9677150
3962721 9658091 1894088 3012110 2663341 3145564 4585433 1718143 5682107 1364711
1379040 1548055 5441134 2615596 7304931 9455362 4346149 4731342 9102666 3295312
6118251 2819817 3951886 4033197 5180435 507538 3924993 9390382 6483096 592836
531447 6037498 2115696 7718610 4341925 4703066 5317261 6130014 9757094 476246
732881 9082707 413221 3419593 6275185 1439774 5338074 704175 8998338 43053
9660903 2554587 6350974 7140416 976677 6936919 4767403 4763377 8940446 2448025
611428 9840697 4530377 1385019 4100050 4471675 9291387 1178146 4620224 8496010
5881327 5979907 7614162 1923442 6000855 4853283 7068542 8335455 4520284 9246264
2305636 1244949 5639008 1261497 2882176 5791963 7697637 2397307 4963818 2962670
8333013 6339516 532901 1946249 6273551 7403399 3771140 7126953 989411 8637686
3209639 7472057 4416117 3853031 9968081 157902 9376010 1268549 6838846 897916
4280503 3677936 4003929 5406286 2632109 8740531 9324268 1467592 3297650 8365258
8129198 882772 4865176 6868253 3807696 8417703 6014905 7729151 9137454 5600174
7145193 3081471 5964464 4747305 5627696 6333480 3399224 5170681 4305319 3838036
709836 6503973 3556966 2169413 1216667 9646558 2323971 7079298 3175929 9120955
4766876 7574489 1882374 5608574 1986012 8047810 6671901 5932441 1132753 7941290
8199506 9236919 4267158 5209907 3361227 5463243 551607 6144017 5368858 1927712
6388602 3419484 9212461 8551578 3347211 4505960 6659645 8249102 9063598 1615273
6188370 789830 2791744 2190525 2459932 2844058 7032622 354392 5402428 9571284
2026996 9124084 7551624 5604149 3456975 8243994 5133241 3360427 7364343 9402584
5946663 7949566 9034429 5649343 541254 4041628 7601989 6337536 9470520 4988567
8067593 6076686 7439606 8504100 8199857 9681361 7358093 8924611 3145200 2484273
3625719 2228430 4911646 1082345 4017363 5310802 3153751 1839123 7909467 477304
5690697 1660293 5322592 5664382 3541287 8948312 6550345 7251057 7101064 3041194
3585929 1024779 6826794 7572112 6738916 8628428 1289623 4130788 1820690 9775188
1814557 2478710 7901850 5642950 166963 477684 2339637 9103214 9889715 9835329
3759221 3900277 8750320 6609769 2105864 1438774 1044428 2818934 6608399 1618028
5558593 2704225 5093674 599435 6178050 3028944 3068098 969915 2184431 4065407
6074138 2350609 2208707 9802898 6504694 7912233 2597618 1940665 330251 5380979
3121671 4915693 5389991 1985754 1158481 3644778 3367252 9871060 1044170 6893417
8006303 8718108 9079879 5010555 8882392 326669 3899643 8651401 4672432 6678816
2837492 4322051 2162747 9565888 2132678 694750 6328034 6743347 3870640 4333661
8146819 9740664 6587128 9280703 9874218 6435209 9179431 5348380 9558764 3239527
5984026 5355500 4623667 7610448 3933526 4082460 9122262 8343092 5855869 1206248
431216 7336166 9315484 6629595 1750411 1361385 4944932 3536029 3526753 1678424
3037594 2965202 9979853 7631960 1699895 8308838 251460 6655162 46343 5029231
7319910 9930337 3821555 8314611 6819743 160818 3749885 5312160 7276504 6425098
5863465 3008962 9506729 2777359 9596328 8966001 4222643 2402659 6148395 3771292
3218790 1736329 1513330 6972926 1468746 5996496 2571513 1123048 2336413 3076652
175499 3725444 9419655 5403227 8226136 5253411 8111207 8884617 6103481 5381659
8268470 1787371 7166777 3089245 5085564 6645608 3123437 4354050 5667150 2918795
1969182 6250963 9550855 7303901 3674219 598082 7742416 388601 8340815 3021341
7225711 4245993 6485216 7198285 818510 739359 1212349 6350290 4541560 6868808
837639 7240702 9361996 2319643 533707 1217381 8372924 4868316 2248564 906514
4751991 202882 9354191 7301060 8837519 5674620 6212841 5455223 3875853 8937655
6174686 8688879 146135 9346917 8374270 6832524 6172617 2260319 9954304 9184313
1160056 444669 6954280 5805409 4013487 9797609 6487332 5414689 8782990 4942149
2187676 3000698 3862912 984628 5289960 5203383 7287968 2018230 4971794 7448553
2130023 3574921 5238774 3470489 6515856 7449104 2361716 8832203 6089265 9017108
378505 237743 5084912 4618152 2660871 6264522 5722119 6316195 4875511 7763954
7086379 2089651 7601200 5870016 9681951 5641314 6323585 697558 9597929 8308154
6606695 3575194 6311458 377284 3769855 5613071 3797737 6195535 2265976 1733549
8887680 2148043 2844124 2624281 4744554 3689612 6971300 6335561 2323522 4630061
2299298 7076015 9311074 3966954 7076469 6612572 2057145 1845303 7039582 2907491
5091928 5599640 8876105 2742776 709482 4575492 4588930 7799087 3286047 2608206
1548763 8693493 828922 3894139 542735 8813774 4775644 2039197 5226058 3226745
1324823 9617089 8165354 3829798 6271334 3267018 4880735 5528240 4941905 9920201
7200260 7871583 1603320 8293325 6059150 3430521 3716534 7486225 5858424 5917045
5417725 1886419 1296906 5527348 5927754 3230703 7963826 1654367 9771850 6120616
5572385 8468097 5779189 8914314 8198835 7661063 725834 1500805 5515884 834485
9174403 8124232 6410386 102905 1241242 2401236 7625999 9549875 5269069 3488808
8389450 2091092 3818966 2277932 9879958 2474328 2498175 483118 757674 8410441
9663906 1020986 3028653 9461828 5488512 2143077 5047476 9402270 6177409 6285066
2148592 732262 4114256 2201035 9052183 9171364 9372511 4102661 5178605 5421709
610210 1473595 2912153 7534436 9261841 1422143 618705 5645641 3530200 6993847
9552884 770188 3988425 3923571 2648159 8944096 4448675 9446006 2665411 1157153
6806397 702306 7370191 8452067 6738771 1553216 4949892 2507265 6396493 8132819
9036731 1176692 7170273 1735777 8077160 4861126 6288898 4730861 9406801 3131396
4094663 3245864 3058370 7810737 4930157 1443444 4022943 5285931 2530927 2102727
8310213 8481172 1349662 7017785 5844804 8464914 6232127 5058545 1878843 3376610
4915444 6663010 7658296 3318941 4303312 2069087 6390807 6501387 9410991 3997594
1804825 9383738 4728316 4294578 9915255 4804959 6619930 8344370 1679360 5047128
8334647 6103667 9231068 5775631 6673805 7539798 3802671 1384593 3917031 6649497
1482339 9006053 5471231 2102003 3595629 180865 1471451 7434201 9789833 292717
7241536 3627472 2652352 6552281 9733750 233712 8869172 1054814 9490631 7085616
8439833 596095 9541334 546921 1461827 3507925 7437263 923322 1029837 5840427
4514202 3489111 8369820 189829 4777110 8206455 4636077 5926369 2237145 1287828
4549790 595795 3422330 5885060 2212348 7586621 7924500 1740067 5094837 6581910
27268 1204245 4879916 6999018 9619247 4291823 7996142 5370120 4184849 362086
1509183 6375521 8230666 1719236 3771220 5029752 5986018 527934 8495967 2276004
6959764 3485786 3845548 4364031 9627394 5198461 1246524 5147234 4205419 1270057
1138381 6663082 3787967 3443167 1015781 2482422 1646120 1717365 2177940 8544548
4177762 9314517 252389 2539886 8125672 9990099 9330209 6050516 8683500 7258433
721367 150400 9791918 3545891 3316268 4999451 7840829 5193140 4686819 4842121
1372122 9859255 5156761 1990363 6766146 9650357 1467999 4102610 7517386 3515234
2947790 3079089 2456798 8766615 9568058 6403517 2883870 4288932 1978535 3881787
1612619 1487507 381092 4044006 7295185 4247081 2524618 9205939 1826395 5756422
5500325 6056836 9517225 5307113 6940745 9636411 8331939 8113831 802676 3044322
4741396 8101524 5484055 5701695 3658872 8676338 6226563 7946361 4113653 9929774
6626979 6844228 8999745 9271245 9241519 8298043 4212044 5178562 4352559 6486169
3527451 4789422 8863830 5620703 4623057 7330514 9705161 7557540 3242129 6404787
3080474 2856320 6588088 6798935 2317896 708921 8216186 6998288 9430002 5510752
1775784 4775758 4840572 9036010 387486 6730314 5481314 5013254 4969938 9168969
8793786 4148389 5709467 6314684 2070285 11750 5589802 6753265 2125545 3629074
6528990 4608901 8941397 9256273 6985729 6243707 7726605 1586782 6421459 2682094
5688604 8456001 1362599 9953242 4641996 2514427 1482984 5786252 9358480 57376
4847590 7745642 9246606 8738963 3674246 6177015 72518 866492 9559422 8298399
7434890 3757482 3159376 7251024 8845823 2289658 3062587 3538455 4632394 1549026
1110713 2124590 7786520 6467178 4090413 9375151 1892466 9563960 8623528 915144
6672148 6722445 9113247 7029786 1826723 5536740 1178298 6066279 7677129 7486754
7521265 6507902 7314540 2066016 5517069 9447120 9668311 7493824 3544591 3013596
9241604 995709 5605648 2714640 9156600 701690 6793216 721296 8453183 8573255
6699332 9586676 6111055 841477 4691173 9943499 3119703 2600515 7274121 500096
4754808 9304643 3053936 9737115 6130410 5899017 5754740 8465759 2789440 9233539
8414614 4690594 3692218 4165342 7243563 7708435 7477466 398017 6827799 3970182
1315872 4968320 940768 7175834 1265206 6779785 9257957 2426404 865266 5403048
9768404 4612137 8287040 2429957 7202527 8030693 186902 7751725 6502135 8776587
7125973 6418418 4203866 8268330 3181650 7547198 4179248 433757 8394294 4296186
222910 6726632 2965123 4142066 9198740 153542 9473351 2837100 2910557 4770900
2545731 2370829 8565423 6294603 303577 1236873 5296786 1228689 1831468 2263707
5780989 8719722 9625476 5944573 3152647 6659519 1341262 3210826 4673805 317266
498606 2865433 5331909 6939492 1585775 5725187 1889058 307026 2514929 1218371
4283204 7290805 7852398 565017 5839526 4286006 6164397 233431 4705589 3515370
6000928 3998819 407584 7129822 5771316 3165647 4096767 993697 4448690 8544006
7431839 6653814 2915809 273100 9324430 6871148 2200551 3093038 6157483 7341387
6660702 4675490 127552 8468568 6100653 5167710 2580659 925632 3615191 6591107
8086404 1711509 2602248 9520897 8581879 1263932 9506272 8397245 3519466 9733929
2529633 9489615 4929935 7327762 5444175 5304689 8763296 3747878 7224172 5885144
389093 6642065 1520146 3050708 9767115 7177704 9822689 1734502 3856055 3875985
9790743 9641081 9834397 1155074 6898596 9206333 1479636 9633076 1429270 9241134
72771 1292432 1131231 1542573 8241169 4803507 7412953 8756846 4777576 6032397
1868941 5459171 3262040 6282804 830852 6575634 1402373 7467425 7054177 143911
5326673 3790320 9107568 477187 910782 3041561 7594502 9187744 868363 7825288
8925165 7482944 2280037 8743142 4295461 7668507 5583867 6615768 159727 4658862
5243601 4854247 9721394 144613 4012485 9756600 7317900 4950532 8280721 7912000
2975019 4398654 9822793 9952524 8635002 5426982 1321248 2916003 517356 8949850
1256012 1108527 321232 8366787 3497813 7151623 6806320 8023795 9181093 3299233
1430533 2279551 2440947 6048842 4676047 6698822 7978781 1341741 6682763 5186777
7879793 4674025 1471126 9446019 5279179 4657097 8061238 1324649 6438691 7630958
3643848 2122377 3378774 7735974 4435105 9830730 5558961 7768975 2252564 7529058
3377333 2183803 9822429 5902988 4337123 1884799 9955594 4031910 7585341 8958489
8025916 3942350 9340198 1600000 5462817 643694 1675582 6322301 4813734 6973015
6272735 3163674 4708849 1011280 3417147 209265 9422862 8459094 171143 1076189
6559323 8350593 7806398 8059411 3077436 4908381 3671505 807100 2310025 7366932
7936727 8988268 3522632 2040432 4529199 138713 9043366 8564053 9030909 5278374
7279351 8916662 9082975 9456155 7176872 3783564 3609489 4322827 1473720 4428122
2630090 1671320 2558171 5344912 7775171 3988198 8123267 9315560 4370318 7526348
5772180 8366993 319182 3252909 8904373 3054023 504719 291298 379479 5286160
5816144 8147172 9729023 3481360 8626928 7693572 9791799 1649794 2736272 8232883
9226316 7616879 6892580 6471427 95204 3076162 6815899 4318022 8851411 2521864
6291121 9360486 2573739 2748828 8789569 3399012 2488256 5757547 4382838 6912712
9624322 8011167 2146668 4338230 5404651 5231036 1141654 1245735 6068925 8658952
2328372 5600611 6388663 9129272 6973345 7087963 1459671 9921223 1340167 4121356
336918 4574275 6529828 9359061 7315636 5690646 8918609 7380014 3206381 9194150
4856585 9841419 5353824 6077105 7728648 1688623 4541647 1500170 5394403 4319094
7638737 7655612 8685425 5026641 683076 8000245 2021269 174152 6904255 1544276
6960026 9264531 6030552 3645303 2141040 3354602 369966 3740994 8343110 3176985
3932335 8165570 4553070 1678158 1037203 1822488 7727607 7644724 2398837 2764175
9174178 6467429 1683022 2779204 1402233 9893814 1208105 6661466 2827923 9523011
5895359 9537326 4808286 26230 5594420 3229713 1499883 9498408 342004 3724275
5947026 9337297 1261334 6851932 3255925 3378021 3721784 2229048 4142813 8405740
7754699 2302822 692282 6552468 566702 9212847 8011174 7293015 9216887 4199613
6256865 200828 4161548 8744338 5974788 9361960 6374197 8760752 2591880 2486577
4770575 7927796 3945153 8035940 2243898 7307996 3980157 1432749 2337148 2773894
8255928 8241306 8083159 2185630 7616381 1427640 6226703 7173401 8729122 3820091
5720761 3658514 781513 978823 1966969 8933158 6110784 4026365 4501268 5589180
424818 5987610 2086737 4863448 2336072 188283 862218 8287471 3486175 7006254
9859725 3885467 1656915 980982 911805 4540654 5876346 5839867 2472892 1881399
2459167 3312897 2517765 4340835 809273 8183877 9544466 881355 3021491 2593230
2943524 9272944 8429975 1728282 9495585 6219252 3145512 4813194 8653737 2150096
2456949 5243707 967075 5627093 3745716 4204648 2181595 2086185 8568422 3840704
2486222 6790130 2440179 8704938 6482021 8529727 8373216 4050367 9130976 1942718
6375285 9440325 2169707 8704255 102092 1097002 1920798 204106 2378458 750069
9693200 7830500 2285993 9796230 331302 8983797 7350823 7876678 7519719 8723695
4506000 4015452 3833531 1281386 4972924 1800996 3308057 6341225 1618954 8961455
2652390 5272162 9509926 2082880 1071873 6231815 1454445 3005089 4789841 7841013
7263956 557890 1723901 9049347 751753 7907207 5146807 9451817 6483631 6434588
9470404 5107267 3869596 5708815 4090493 4826983 6711904 768573 2854028 4791720
7922532 3432241 1860243 6261309 2654696 5029181 7942530 2520957 353593 5951969
9057913 1427978 3358482 9736109 3906012 4256821 4148598 5217000 6232065 3795842
801128 1254740 1165206 4938776 9645361 2935183 5297156 1085821 3677970 1486479
9033958 7298505 8140415 2476282 8699191 2373472 6299642 2935184 7999762 1002582
7656123 1262010 2556483 2529804 7899848 2699206 3817751 1896282 6520705 6539760
7048974 8785804 6290544 872827 9738910 6371900 5985086 6515383 3541514 7450920
5914452 2540514 5822981 5111768 9266019 8137403 752868 695691 3504924 6456415
3986769 7052409 1117394 2837309 8018993 5480675 4490933 3346162 3546442 3181965
2417828 8819795 9380125 6509710 7671991 2270794 7948139 2177613 5824111 9044694
4335857 4004725 6380633 2493966 6405414 5607263 7164752 7066021 4301187 9707530
5440366 5193927 9958629 7811775 1482918 5213800 2696447 379219 1015379 7457985
8504595 4704329 7141605 6899015 2758249 6744919 1223348 3254723 6848275 357935
6917434 4570696 9332019 6301793 2442806 1987177 6418969 6345598 9851945 265327
4478693 3552839 7194559 9919430 7221953 3950958 485386 4914294 8514070 5936122
866221 147594 1324195 3020538 2210796 6682643 9709961 9962766 2289837 3543453
8719746 2489468 47096 4670296 2403821 3739810 948168 9365159 4144844 7759418
7316 5502551 3341866 9400794 809041 1000472 8936923 8987433 7582532 7593291
7976291 2666416 7545568 2644873 4525336 209482 1480194 7998615 4546294 7727759
6607161 716924 1760779 912223 3516618 36698 4788596 6532453 423457 1212119
9303396 9609897 2013179 1265265 2895422 334564 2746968 2665742 5957520 8811388
9584283 4290095 9835486 1844917 3452869 6783304 8296056 7058535 7596540 4259317
9150656 1830979 3057552 3063611 7683437 8681543 3016332 5518821 7004852 984705
4076010 6029956 1729356 3628134 5354224 274257 5797435 1376185 1510096 7804764
1821968 1870337 7964322 5885440 3484873 5349777 2946153 4752596 3532117 8522826
9445656 8458988 9950042 9484478 7536580 3725742 6237 8437870 5457557 4967514
8716643 3222533 754049 4662473 7260259 4629320 9496155 6744009 6874064 3128109
7068386 4318656 4210037 2954185 4545545 3021201 5555155 2686943 2498923 5694046
5860875 252730 8357475 5092070 3719436 248961 9017020 7500535 2381463 6463481
374434 6122244 908250 185375 4915972 7771090 1352056 3976160 9741718 753608
2700970 3691761 2739405 1132624 4436689 3348573 9167591 3215850 7445096 1116008
7257249 7371038 4478855 4585453 9547718 2337642 8784543 5985402 5579478 3879114
6655437 779702 767445 3273650 8523446 2024116 4581973 7122974 1276318 3879258
8711415 3510695 5073655 7330647 4666305 408736 4468181 6863613 1430424 807221
5587625 292559 4176615 4665274 5033986 9283166 9092721 7971324 178411 4090726
7543507 8467744 2214892 7352030 3195769 9668624 5484642 9935651 3957306 4452710
2369784 7939865 91854 5183104 9547472 2959135 8109444 4799904 2514198 8033494
8774434 3304451 165396 1222104 3457789 7957484 9338894 3356527 3474926 784809
1417479 6176947 6278452 5122928 5980421 6765335 587105 366902 4707563 1074091
7758523 6201344 3822878 4549628 7081239 8767595 3725710 493129 9600706 1907576
7061895 425669 748257 2553079 2617672 5088511 2149117 606106 7245286 6805776
5287612 690517 301 811348 483706 4050530 1640703 6548337 8634866 9395682
3488155 2082740 8894010 6925180 117054 8001089 5545863 35164 5442436 2338916
7670986 4647389 5140765 439216 3319658 4287552 2323063 1867686 4431683 6894418
7874805 1650457 402764 1196441 8341900 3610548 7262168 7954689 8231495 6608873
8740762 5697022 9803825 7904834 9086645 1381023 3509969 193471 2471520 7811992
9447033 8348690 8058858 502499 107741 5736044 2017602 2868618 7222282 8039741
2015091 8457228 6292157 671344 7051597 7023496 1498549 9974480 8229989 2211077
2384363 7534960 205709 4705314 8005054 2138442 7488187 1549648 6384268 7201693
2162474 8512149 938531 6682019 7421960 2278691 9220415 2577835 1943216 7505
6617980 1759190 1876519 3055248 680898 5689747 5067691 296583 581989 777315
8959428 6411040 718041 2062338 4110438 593565 6098466 2927588 9463720 6994209
6763510 8054843 5034332 9439788 5682767 7368148 2873455 2628500 8437533 9663614
182945 2796532 7829595 9344263 2700800 2926050 7229841 4530605 3624431 4852656
619697 1904628 2072477 2816633 1446473 8524794 4826342 2659441 178429 8745064
9360444 524858 787278 2108984 9478896 3099325 4121779 2912797 8383658 1517837
767931 7937228 3488012 4039131 2076045 2388923 812022 4043587 5392455 1704004
6986708 1764596 3963375 52098 8511430 6999775 8057569 56193 2223109 8274303
3927773 4200907 2935242 8311307 4601186 9727774 2383390 2489288 1463051 4999690
3070034 4349516 9608911 8745184 3576496 8376364 126584 7014668 2565673 1072317
5774059 43889 3068114 1524139 8041398 5382632 3704250 6270313 5266799 4506719
2853406 951575 7898154 7583272 3205263 596591 6127012 1262390 4998302 7323108
5606371 2589079 4634780 3524368 1897712 5364602 6710881 561263 8384479 5465870
9645558 7900793 5991004 15689 6921463 1529883 4019367 8418925 6159229 2416026
2443699 4528899 9625615 3746770 7530129 3615000 1549107 2140855 6176857 3975451
5146817 1310888 4839645 6841981 3548353 4756763 5438157 6789542 5308872 7760517
6243748 8020984 483965 7611672 4315603 9918945 9249978 1400836 5165570 4566341
5705636 3517513 9635812 5564654 3406778 929548 1403875 5516622 7220846 5518753
5665147 5981964 3316937 1571617 1995775 8929269 6743296 1584525 3454078 6078887
3510659 3174259 8654420 2460846 6694334 9323923 5751037 4650961 2028325 2884493
7636742 7696222 1481906 4702958 6338024 7332875 1376293 4265118 8194064 937785
4999728 8039611 220771 3249395 6151970 421324 3189299 4969301 1874782 979929
5048185 5204139 1750333 3352513 3679181 4883103 599412 9926794 8466215 3808566
6772395 9181832 1296830 7846222 9520559 9581413 5697536 9910977 3629774 3595867
3556609 8253894 4336688 4658929 4475817 8886894 9101032 6153191 4829089 6465811
3738009 2062534 3861389 1166058 8140572 6798438 8082130 2387560 5363541 4794473
5777096 2303358 5357680 9669221 9454508 760651 8462196 4139616 3743013 1391611
7540342 3135920 1329514 7046784 2948764 5260592 6727267 4260180 9200413 6878371
6173597 6998778 312082 3154149 4154648 2580432 823784 1329463 1430314 446657
326572 5054163 8106178 9823312 3583530 3724373 3619526 3076575 184953 3621078
4269611 3314232 6596722 9977945 9045825 6109412 2784787 2993697 1955956 3384122
4412109 6089995 9769484 5580434 9310089 9082545 9076151 3738741 2866873 4535694
6029889 2106752 6413192 771622 75123 2101338 9593640 5817720 6395177 2202321
2643729 4154875 6179210 7435376 8405478 9469802 2060689 9724310 2135550 3746601
252365 5919319 4259180 7399496 1516178 5781992 8673574 8849273 433096 4124320
5480688 9327537 6393775 6479544 229737 2352593 6908910 866825 6781913 6263379
3839617 5357450 7075029 75818 9953184 4937359 7894202 6722761 3092197 9535542
7356129 2077073 9788218 1929286 567621 9017316 7003527 4752137 8593767 2656982
8698926 9885712 6001167 7505073 2695128 908123 1674016 9539128 5480724 6160210
2865504 5399016 4372258 7353729 8740693 2725798 381594 2621675 3722950 4929950
9729285 640902 2904958 3312722 5403350 9741583 3819484 5755405 5279577 7658187
8338469 104906 5360956 8602608 7283800 3275668 9244990 6949809 1379177 3408628
1260709 996614 9329227 948466 7591113 338028 6271076 625958 7746982 1631034
5034951 4461006 7012192 1289876 3502574 8462666 2781577 3868940 6245436 9383639
1704987 9380947 5971605 4530369 1632805 6232365 7001178 3988203 2428047 4700647
4611158 5479152 2978471 4552626 6813688 6642971 5324107 4372263 9695710 8279976
6918315 7489617 6435309 3940091 486348 8817318 7815373 7694027 6513593 5945995
6717834 2143657 5164547 3640766 5541012 2527302 8959196 6974850 5550772 658148
3589378 5197664 1174520 6571675 841481 285186 90728 8350669 7645505 19363
100755 2259083 991540 5095001 2002987 2957838 4300341 6075070 5887722 2565222
9369594 7181171 4559207 7069098 3206115 3085518 7029194 7826391 6980216 1786165
9122879 297005 7318319 8968756 1040137 1225439 5152430 2733675 7336137 4216092
1335113 641967 7466877 357573 2243007 2217372 9276713 5615728 7707010 7160747
6978273 7504817 8483528 8490396 8944649 9490543 5246197 3306388 2793678 7604570
2838834 7739140 7010670 8077261 8302499 6285525 8546059 689114 3007479 1442393
1398373 6412996 8417858 9233886 7129822 8804872 9059992 2511931 3403210 1641655
8641868 8723598 4652679 4389503 7011317 7020952 3810100 5513775 2410434 614489
2707693 6530623 7470619 2071219 2892766 3784472 2132497 6974157 4755231 2807914
5253352 2474852 9157006 5131703 5961518 153387 1029605 2250704 5518402 3789393
5072376 2634926 2171187 8515723 3356891 1788356 460988 5373278 6832931 1997095
1366995 725267 2512468 6826901 1654811 743997 2333208 5128200 4679484 4314381
511457 6395697 337429 5256751 8341343 7959332 8527575 7315332 3086273 1759396
4070805 4875133 3522471 1713667 1198542 4478716 8471800 4632647 8017881 9226856
4000152 6668902 52978 5867400 7052616 3969416 5096775 5078304 1711806 1016564
3838510 6351663 4328308 7899327 3489923 5680571 3948369 2275076 1673627 5589925
6111996 4816189 8259770 9135999 368030 5612998 159198 7780728 7261773 7923262
5318648 9003022 3511680 8223 1096874 3158922 8482949 3866034 7959003 6483361
9101785 8993888 693200 9566218 2210330 5326757 1250703 9915522 8518219 4125122
6899628 1105771 5705798 7672722 7547039 5905973 4167831 6746447 6346766 2491001
149669 9973653 127221 1474152 7927516 1871796 865479 1694106 6627267 85906
2930321 9202249 4184308 6053325 5429113 619411 2071344 6652515 3376465 1757561
9081767 5569330 1317096 8816212 8950186 2960617 8567009 8958285 8149228 799855
322810 7529567 9309150 580272 7978611 7478422 7613299 1530302 6452418 6442697
5285877 8512645 129619 8630404 9725678 3633272 5762358 3764734 7116926 1982397
912702 15146 1654359 9342407 3274217 8606189 7506686 3391147 8810564 2372061
6632595 1731948 4464817 2780163 7575451 6362883 9842318 8959331 9056426 9892651
265584 3171718 3655175 9731506 8384019 7557294 7856172 7315243 8709652 9966040
6236447 4018881 4186912 1882330 1257253 379538 7961880 9936134 3151383 6313024
5282928 4277630 6541311 2947806 7494774 6387115 7667999 7148761 7430809 9510297
5262714 953119 2012768 9364618 5846842 4882957 4582257 1298724 1166859 9915871
611074 9118826 2316517 4261688 5943683 8265293 3063741 7637061 373964 8024886
2654337 7357017 2895338 2252841 526943 31092 7240829 3331619 8383684 5012913
6008517 5531733 2150314 8553386 9394138 3360336 6055226 1380536 5934196 187171
3802614 1948262 3840966 9085132 6141194 3696269 7503333 7665405 5141783 3620112
9023076 5910034 4770725 1361281 3526074 960329 296934 6338939 6014220 5634598
15760 5729399 2895500 7356703 8633043 3577519 5102772 3747880 2084491 8494115
9702814 1343708 7513024 9774283 8083038 1453239 2013054 6308621 5715176 89758
7119473 9407414 6568194 5698756 6983432 3146593 4931363 1724601 3228692 1563092
9819714 304425 9599647 9553267 792857 1715936 9559672 6463792 4129864 5959565
9365952 5370103 6662198 9667876 2743810 4160697 3415523 9580919 9287741 9435173
543967 3700799 8176616 3846835 6792465 3607885 4745681 9447483 4331267 4557686
4539970 5468888 1978308 2560362 9586259 2226307 9177879 9380278 4578137 8116904
4532542 4688503 7573214 8380075 2793941 5691344 4532272 3005393 1260444 6443414
8319825 9236121 2447449 3133454 5974729 5384064 8680464 1713697 103748 7044120
5858118 7903328 2157980 7420081 4580717 8274392 9958580 6042360 4368130 9439613
7244820 2588433 281765 8658319 1049138 6702566 8897670 5885080 6619814 3328170
2284565 2968392 4144417 9010997 548048 3898560 470366 6556301 2915221 9332846
1520828 5894877 3701660 5799358 1502042 5175718 5477762 2079314 1873067 5617354
4065929 8793223 4515123 434564 8486251 1188427 7247411 9057733 9908704 617142
4997441 9894711 4463779 7678709 8445945 5421223 1813432 3305282 3943220 1677264
9597684 8743270 7592367 6849840 2716033 7844965 2586810 4377257 9652640 6614421
256586 1698371 5698778 8363733 6496308 1391523 7480305 6726422 8557112 1912363
5934949 8879085 8422885 7694935 8831673 504206 5514521 7074826 98005 4601107
5070078 867556 6765544 9635129 4896534 4427995 9664102 8303190 8158802 7492745
6078865 5450815 7454249 1278103 1408300 6254962 3581130 2629079 9818692 7647793
5336096 2841111 2347636 867275 8572594 8598502 116417 7934858 6481100 1593326
6563035 9554022 7904982 9334789 9029246 819269 5310038 2338467 8984490 3124339
4984400 21098 4911137 8784787 2450654 1026678 5298806 8130014 164533 8855815
2732827 7444842 3079943 4235022 425954 7053184 4037616 1362305 2324035 7578933
3933750 3048375 9579752 8241188 1901761 2024019 205733 5768942 2692653 6562991
7919832 581285 6546301 3784840 3337751 407435 4599252 1879063 2093812 8870605
3766841 2342595 2914806 5320345 6732955 2057182 8256306 3332027 9445621 6555862
563598 3784119 8281078 804974 2956201 4327946 1298396 6409184 4176102 5464771
2895854 3985867 6891434 2287036 7638440 907841 4488961 4924591 8057418 1551895
7116110 9036656 2357573 5621289 6719628 5937116 2855764 3471138 5263392 9738238
5547449 7849344 4676691 9771871 396826 2995528 6087452 352099 1952675 3724118
8319278 2168121 9367569 8285280 3825863 8936138 5304904 947817 985970 9727687
5986606 2284190 6051614 2202091 9874590 7659441 9899939 3645903 1107864 9447580
8562725 8946431 2595856 1683282 5563605 6727769 4495545 6193766 6736311 4202581
9463870 1316764 8346981 2972861 3130570 800192 1012379 9444302 6143474 6068596
79162 8489982 2511739 1029060 4822142 5619055 6171585 3733218 2011301 8754976
5091502 1217787 4505968 4717651 3030302 423213 94034 2112460 4658944 482099
9122901 9680710 3599066 3503743 9726537 7269669 7474717 9149691 5418364 5395099
1413039 1722542 2631782 6014773 2915016 5301784 8555509 2863707 7930303 6451085
1069817 5730387 974319 7790183 7223260 220115 7742166 163820 2685279 6687163
4557264 1405548 6730124 4873599 9096129 1487708 2459005 1698908 8696128 1324210
9948750 8798731 8963749 1553604 2278723 5149021 5058156 9755267 9277362 2412507
6403336 9239055 4021527 6353232 2592465 7795846 949558 7422928 9920170 2303791
3257052 973338 4312043 683752 9056114 9359644 184139 8059665 5882262 5525655
1401373 6158523 7881173 5242635 7039283 8650997 355758 271253 8759839 9439607
2617854 7859276 4207843 3999774 5068934 8108850 6172776 1673252 6183749 6257894
1817402 6299382 6799492 4386325 9349560 6037915 4166877 5528865 3997552 4840353
1376968 4995336 5823359 696530 1044738 5389689 2200410 4959193 6779807 1386360
6810641 3843353 8735383 6780405 5152947 5039993 399468 1483998 8208392 6604978
889348 9804389 5510084 7057554 7290722 9535889 2765644 2736199 7952519 5525023
4425020 4342279 597538 2134309 5394270 1757179 9005727 693178 6086828 9778262
8585598 5620000 5710359 8318878 4804925 2592029 4984492 8665007 3667978 9006846
5645278 8483398 6015816 8250239 8266596 2018790 477964 6018872 4426995 3488484
3206851 4869562 4881020 65304 1141009 1517538 943385 6482663 3666018 8001261
9873622 3040292 4130068 7885318 9007113 2727870 8346094 2145443 3650877 1132374
1116247 2124151 9268859 1836584 2413190 4163406 6113665 2321719 5587172 7865377
8146050 8932933 6252118 6857769 1952453 1974765 2002622 8260553 5033654 7588790
6847737 1255789 2551414 4284035 2233258 7391211 3731939 8390320 1546294 3342316
5347968 8453898 1286363 526039 636802 5058128 7637412 2536735 7228722 183683
2510512 218777 2907529 2719758 1491057 7535371 7674595 2032080 5728229 2659149
8006470 1688325 1832167 6585866 6767830 4935606 6208278 7533403 5109941 6404235
5058530 4753626 2600232 7657537 9034898 6532536 9083434 3927528 5352214 8990938
295583 5466394 1180691 5089617 9998035 1081986 5879625 4066090 6688887 8131848
7950103 8004218 8657319 5725866 33794 22185 18644 6159093 8933568 3528921
4269926 2133017 7448691 4725116 808824 3852103 9585442 3177716 5124125 8465704
1814591 3912907 5647426 1826774 7374873 7984461 7995772 3577818 9564039 3781872
3680441 5301596 466870 1891192 73508 154278 1769414 8678780 1264378 1070482
9803296 1846270 4835964 4465943 6759188 9740305 3780839 9900747 7566960 4455587
574063 3705452 3748163 4443373 1335234 9057350 377533 3471182 1113216 7619284
3787096 989471 1582981 5941442 3899606 6235159 1068505 113413 4931848 3376883
5666217 6972683 4692770 6972731 2255702 1290151 2425668 9472968 2062311 9472691
2750962 7842559 7987122 8648990 5049283 6495437 853306 5107558 6992036 1625987
3468456 1743102 1280158 8124906 6181082 5204462 2683775 6097171 2231299 8875891
5833558 5536303 6285830 5428053 3355616 5025719 3443095 2417547 9190551 7486448
1880521 5250827 9684518 8563879 7007096 782733 2414467 99919 5147971 4120088
867936 1816553 511947 2943936 8925588 371129 8068578 1883413 4373160 5693606
8736394 1529322 386876 93028 2407687 1951846 1947279 1100311 9270314 6034776
2935092 7939877 8293092 3665959 6735176 4564817 1767584 9107809 7665650 8221478
742943 3081869 2711067 5804641 8748303 4901201 112535 3483240 6159818 224072
2645823 4684207 6919206 6398600 4515696 7341162 7909539 6563905 5632902 5417987
6524287 7363375 2889880 7549988 6117113 3561359 6581249 7179949 6327618 7888823
221124 3639748 2186673 326871 9185071 4716360 6338055 242533 2850884 2966163
2486030 2919727 2128109 4325377 7953237 9582846 6045809 9353060 1543408 4908118
7770601 5276937 517963 2090108 9958814 2653645 6818979 7847053 8854465 7091158
1801554 6383199 9434008 5382894 8714728 8035416 1265533 5578651 6687081 6450590
1187275 9363219 8763266 5048619 2281439 8206692 6646937 8735965 1250557 4464585
8136609 235224 5999438 3183578 4096194 7533640 6237455 956732 5702761 5901956
6822629 1747241 7622081 3612977 6481034 6773812 3744581 4664790 2343257 1397932
4783328 1814484 9510947 1400514 9756354 2100267 3072265 9157118 3236667 6552303
3100872 2634724 7551811 6589903 9468699 6978606 3781009 5548443 4427375 7455268
5773388 5251114 6913674 9273744 4555145 6777405 970527 8099540 4684912 3434889
8685386 1623817 7612068 386508 1591042 7839462 8444242 6270767 668631 3253624
3529682 3215995 9991566 1709499 5623469 7572725 8596279 1468842 8988944 9889149
9258039 8662965 1116119 9975519 6001620 1453810 9406971 2001779 9216404 7036036
847474 9810136 4937796 8514181 2552378 5955968 4154267 4012807 3046767 3240567
2932622 7795054 5121144 3021507 1092675 5275391 6204490 2175441 2132356 4028954
1063765 7591957 9057451 5518664 2848313 5310470 604341 5971938 9765284 4819777
8294469 7568658 2384473 3631686 7728347 6912470 7188814 9081453 8002307 3633578
696902 2572250 9901879 8997677 2784898 4550448 4099102 2352578 8937031 363620
4504293 2724892 876683 4360962 8671034 5648093 176059 928589 812160 1546475
2454763 7373515 8496569 5466703 7798881 486487 3429822 2346607 883916 8559627
9341546 2787356 4951381 5649890 2381932 7682098 805413 1270656 3463734 4595998
9513100 5850984 1465825 5500870 7976109 5059669 2518401 3932753 701066 5806283
9560605 7456643 9161247 8775180 183790 6382357 7401073 98465 2640500 5810573
5956825 9591949 5281562 2603145 7233084 6416333 7350952 7153255 5594856 5308168
3040359 9775083 9542970 5762249 8268653 7093977 396645 891053 7264952 7031157
6766683 9145442 5137720 3476303 4292942 9337669 8369246 1824332 9648621 8148713
1286566 1029178 9082727 5936070 3794742 1344644 4845418 4084377 8354465 9209702
5266327 9264756 8532262 3362076 4144733 5608917 336687 1624322 7908538 214759
8901611 2528891 6483334 3180824 5913621 1373587 5875554 9694241 2460924 6803985
741144 3763426 6027336 824699 3470162 6687211 4647872 3395005 6391676 3390224
8241184 3762377 3887592 7149087 5056312 5541054 3333652 4332184 6083139 4218196
2477440 9444377 3292128 5496688 4833568 5596365 1097614 2394854 2502799 1863270
5344872 7410803 4158198 3162072 1319963 7775647 964322 8675530 3458563 3127937
1493143 5972797 3415084 1527907 729120 7410282 2900529 8183367 9174896 8572036
4774952 1794314 664289 2096800 96190 2657090 4646333 7597717 7098602 6600056
7710712 6076438 6777730 2635818 3282340 4973992 7830482 5988439 4698766 4449395
2753253 8567117 910666 187739 4264900 7063584 5200666 3570526 3445134 5417681
406199 4508693 9926735 6264135 1104050 2223386 5452673 1657944 637914 3108513
2432350 2282368 3010336 57276 9377868 2167129 3363951 7970816 1651820 5137056
7546460 1050729 6480439 5028137 1241253 9479977 9376488 3840947 4185732 2440458
9725563 961910 3366754 6775649 5615525 6188080 9788953 3214738 1328881 479930
5803867 7759558 2814906 8222705 7796944 1615223 4923883 2972335 5584895 5484459
797070 3309270 9283969 4596119 5241616 9947871 63080 8243417 4766321 3881978
9659785 3458441 9250662 7442397 4032643 6308174 532378 4123081 7156935 430103
5573426 9791752 2666831 9384592 5513995 8241409 668499 5433181 2308716 1653741
5886894 1271025 757870 4716119 1138130 6578622 9310966 9900679 2839276 5091743
733597 1488913 5624194 1932735 6963064 5349674 3299574 5701779 3318693 4587163
7040103 3878321 2866473 495143 845103 2505635 1850492 247756 5274188 7702383
7141752 9347669 7158388 1311309 5884291 8553422 3656593 9098175 956255 886350
8412503 5064580 355538 6296441 9815257 6878728 6136385 348978 1460961 8834190
5844112 7873067 3685785 6284543 9564669 5276264 3172656 8788656 6879624 4224988
1999350 4603178 6482921 3369921 7494793 792441 9006343 699061 6554572 4898442
129838 4739835 6567328 5747916 3103963 6312840 5709145 4111860 7962961 5691182
8941361 7502902 5002535 3435032 737326 3355986 8729632 4104317 8698418 8176492
2708067 6069239 9458455 980414 4860964 6281887 2737386 3351886 5716155 8954391
2314059 3451127 3358048 5885102 9454653 4119548 5792187 9545545 2558413 2481491
3598627 259158 5614066 6472408 1788532 5236043 6068983 6668596 1810524 4633905
4163526 2340816 7030667 6474462 5228256 9329097 9141884 8623910 4944706 8571741
2508197 531438 4313214 3909782 2304005 3481655 5062988 7135393 3577809 8186183
5975554 7337212 9161887 889973 268625 1851203 7406716 422736 5327165 5063521
8717839 7443961 5880918 3372434 3947214 4483245 5030820 423604 869195 8619702
9274908 2692542 9612492 3727364 5963355 4487974 9366949 7842097 975374 6139169
870863 4661689 8339085 7350086 88228 8436866 7803624 9283243 5526118 6764108
5684913 2301283 1554373 4698342 6904640 4054361 543589 7968903 5470417 6252845
9463753 6814787 7340954 2040899 8476503 9784014 3161169 3108279 1805174 3554565
9275929 2564355 3053691 2211989 325071 1526473 1960490 8917239 8693345 3749380
601622 6516630 5057880 8811120 2653504 5262719 6192795 9234416 6807802 6271910
6200408 7827167 6785580 9335480 788667 55973 9654478 3679474 5375630 7276715
4981208 6492916 954712 301421 9644463 5688864 503795 6794682 333899 6265060
3295726 2604421 9471322 7313792 9556555 2004946 2814837 4796960 1347508 4621517
1479335 3858504 5260995 3016930 2302038 8343447 8356603 7856640 8155934 6936760
6817002 1744860 9759377 7608271 5809432 2126503 8794859 4371167 7066437 6105411
1452468 6212280 5592416 4521182 2378772 1373101 2515676 1006499 794207 9053671
7012291 2946144 8928569 4214807 2851158 2873899 208127 8509644 7619937 9110700
4949601 8948942 2111790 5085045 7661447 1127675 8688085 4994784 1236622 1845277
9244628 4232094 9650983 147749 9654663 7645283 8109206 1245051 6218075 5771279
3884352 2817955 9344959 748294 3559784 6978477 8257217 5110743 9190077 572008
7792857 1066144 1247836 6422948 9486481 9008582 8554835 5709241 6238998 9632999
7613007 8956570 5274928 8824615 1376769 3070374 8716810 6422722 2895046 2463202
477200 3896735 621628 5556898 2970983 7841401 7629933 8388765 8321937 8808144
6755503 9205328 5189827 3423661 342762 6381694 8372998 8322342 3638107 6507076
1530075 5503308 8082553 6626643 2030835 5414534 3118728 8793960 3179602 2029408
384575 292507 7356140 7717633 9513551 9473332 6937263 5374116 1001471 1406953
6567223 8363510 6712559 2563107 1670618 950987 5432196 5929835 3247833 5089493
6768590 3739076 9451038 7372891 8523785 8858354 6375867 5032132 6072147 3974041
433723 820602 1791455 142239 1905204 6310374 6367846 1062686 8313272 564422
2841236 2357769 781002 6332462 2327795 6660098 5739492 7079056 570206 8660217
944797 5479257 5654408 697002 7467749 7608602 3777578 6089494 6494860 1307428
6341350 1292836 498277 1732078 204753 1568879 1066531 1968949 7093198 7661963
3759907 1921078 1927628 5746680 9548439 1686505 9050276 1849830 1103859 3672494
6342318 5074545 2873584 7034054 5837752 1968413 2902785 3449275 9030309 1805203
4245324 9036346 9737866 7860419 7607266 5326325 1818630 3477461 9974055 636667
143071 8617962 6970401 6494559 1499124 7148234 9233648 6766326 9771578 1919480
8320594 8542096 1918155 9296379 6415413 3520849 2910658 9860419 7828483 2810946
5041185 9289170 6206376 4424272 8202294 2108466 3039537 5440553 6248661 8117696
4234571 3426934 5216412 5637070 9480328 6604169 4888144 5808302 6231236 6371041
5297959 5863865 5855120 2019321 7558004 6908198 2622463 4304519 1040664 9103135
5254632 948663 8648651 9104693 2558608 5378318 7796321 7369386 1413826 3000946
7440232 1408197 694064 1893240 6058777 349999 7409313 2461840 4993385 5923215
5765757 4726651 6354159 8703478 2488124 516773 8071653 7044309 9398760 9493236
1346756 4469392 7782879 8278508 8910315 7003529 5379213 1697826 8170394 994105
2281542 9643072 4453349 1958251 2425142 5887773 8522523 5727839 4458677 4300585
880004 4985716 2244920 7456961 6205982 9072230 1752759 4084199 4147967 7785576
3758048 3500604 6153760 8975439 1022345 1377793 3428133 4730970 1543773 9174767
9575663 739983 4251321 8418399 7693667 7667748 6397059 2778022 5595040 6879762
4225678 855702 7557490 5184176 4612750 5133350 2966908 1546589 987268 6115177
2513215 1523265 9275928 3012597 8309062 4818126 3404849 6913356 4434250 492700
8398639 6764991 256080 624535 9323361 2723238 3761864 6474270 4400554 7503990
3733533 8439338 4195372 2902049 1561744 8083988 373894 4267909 7688809 2657646
3267133 1897707 7331942 133067 7680426 7004291 5048976 2297585 3476991 9606237
4867238 6838172 3868234 3006614 7508257 2923533 7532088 3087958 7092652 4286200
8113214 8402703 86529 1463108 5719884 427560 8450675 7743529 8847882 565944
7614289 5060528 8852003 4891292 9964088 264662 4323558 5291493 8025454 6296626
3715418 6464232 6593694 9743337 805204 6703223 5634360 5996226 8047703 2017906
7019182 1354366 3312752 2441480 7539692 8979931 5225699 6769277 7500302 8933171
4206698 287290 6219373 7900015 1611387 9337062 1482688 5763550 5094738 1343469
5317386 3427933 2369609 8546583 7551358 5745244 1108231 9531475 794743 3603978
4178245 7968087 6628347 2933477 2624466 820144 3155897 3069838 3000868 2217919
7332818 872185 6267602 1294739 4953696 6333150 3857849 3613938 815377 4081376
4902553 6690887 8461640 7901135 1024983 8845764 9066571 6327072 3320028 9613226
8857849 1650034 7277547 1930255 7200496 2046291 1352400 3261042 9982395 7388348
5925357 6616225 3930493 9687008 9988152 5315473 9998720 4720555 3237628 747362
3174665 9830941 4998343 9925914 3337148 6928802 9046991 5615357 776965 7090191
5250315 7753698 7509310 8446705 2027879 7571509 2691319 843685 3428695 3670565
8926640 364980 322073 1495973 1703803 4570901 3249944 8470805 9084380 5255306
4417726 3689390 8159658 2846801 3131978 96070 4068761 563730 3632267 9456701
1353866 5059698 6574111 232861 7616289 4413250 3330363 4690745 4961385 3540554
4685108 1489838 6968001 9384705 1290693 8659660 9237404 1769147 8843150 3656124
6230075 2665458 3752636 574231 1041820 5777657 3566109 2592925 4599617 4713578
5247592 4583035 4807731 8466864 674127 6194483 540851 4530267 7504552 1982312
8145066 859516 2999153 4982684 9714962 4313595 7721270 7736070 6601077 879173
4237112 1584900 9160100 2118110 7207679 8417245 6789072 9458496 9548314 4367363
7026336 4053417 6315267 2968383 7444008 5309296 1287532 8606845 4567128 1278113
2513974 720343 5438193 5163072 4096835 9373249 662142 2238649 8749000 4639099
8204114 1106381 3146289 1645796 2167826 8683160 7040170 6861512 4131194 2405498
3060299 3683239 4396096 1576222 9110205 596892 725399 8502627 1879073 4665035
7824415 1525015 9562983 7102196 6996517 5648670 2464183 1707838 2487593 5419991
4039789 8721017 2286020 9950169 5501625 8469309 5659921 3939367 6812939 2160043
8070793 662140 9028609 2773583 4003739 958676 5778975 4017635 6390542 8985179
7724715 6263221 1894732 3676899 7769144 1505102 6846063 9993541 7689327 2645798
5621666 8232933 5689861 1732392 317381 9716792 9761715 3657132 7430644 838714
6948721 9014016 1415656 8185044 971775 5955801 6055594 9507576 984720 5686174
8960200 1992693 5930901 4993381 1133633 5508994 7585757 9439117 6497200 5720433
1090263 5978593 6307723 8375601 7861196 5626994 2350350 1046892 8226871 1078272
3267034 3074554 7537899 6609148 8953139 8859683 1229825 2961012 2945875 605443
5920161 4801914 1858597 2659497 9503241 8622497 4265537 2181382 6622696 5795226
3504697 5153483 3909564 4907011 5948915 5514973 943221 5483204 6538824 7715531
9434830 9674070 9057543 7079725 5997711 4392407 297051 5236407 703150 8060317
8634046 9996122 3436491 6466797 4239986 9334111 9452147 2149217 2070929 1892068
4703128 7840657 6459005 3820589 849216 6788170 7681803 2749352 6823584 4852064
1528206 3881934 3927955 1601391 2354032 2656136 3882319 6187059 3795579 2347794
1398538 4183890 8310351 7570201 7230658 2228079 9760643 1527332 4495465 439918
311667 428016 246648 4872023 8979396 9319622 5113283 7355877 5412490 6730667
514916 690503 8520072 3856914 4514695 5683700 182699 7017623 5361371 7160105
8609064 8625779 180912 4584526 1280375 3470933 4116584 9958385 943624 7133454
6877293 9837573 5240471 5820835 9994840 9887235 278707 2730699 3356737 1443087
2486944 8236689 3763734 482698 4297982 5312781 1876767 5632232 7609131 6256907
4938080 2467689 9838897 93178 3554098 9608852 4895502 3903557 4511151 5256054
6433999 6614785 9476960 6037723 1398345 6363091 3003883 291891 4680133 7141496
5495110 9268329 8688787 7362157 3521746 1913575 6506661 1988318 7630238 3266737
7030513 9390990 4583726 8281793 353581 3962781 1386820 3573908 3928111 7014331
6265392 2569521 6715067 824534 9205991 2997133 5686090 2289523 1703578 7943191
6101314 8795163 6636407 2155611 9530563 9578851 2271516 8959747 8969757 267382
4122081 5941070 1963200 1663803 3186930 3378128 5660200 4947596 3173545 2600878
2147448 5013068 5421434 6501789 639385 3804200 1025691 3512972 9675770 6665901
2168725 3592424 5163976 3353636 476385 593714 5899622 113142 2259076 4448609
1314496 9950402 2683111 3143538 3310053 1602440 8284318 5654638 6414857 9516875
4913766 4906200 3585130 5363690 1668732 8229357 7963472 5878184 1630675 9884251
1672632 1329773 5101572 7210979 9049013 778537 7324019 3758594 8468822 7388597
9362660 4150994 9607932 2063214 4233080 9736660 3928702 4871642 7819013 1173245
4682793 2924991 4005757 3710257 7897212 9161293 6949944 3446568 6127970 7269638
4339639 1307992 5705617 2155917 9105852 1612576 6665233 7937351 578059 3741033
8436196 7170119 7323046 1326894 3358585 3245635 3500209 3010970 676591 6795201
555823 6985211 6007275 8719213 2866642 8307957 1867775 575352 999993 1882479
8163960 7092778 8645357 65479 1098059 7264452 1767223 331652 5383668 5183450
4798348 3326260 6645742 433567 9592874 9863658 104110 7259364 6282930 462320
8901072 9884572 7694742 4687286 2453360 4475567 8813162 432209 6225986 8843965
5109404 4590544 5792867 7796647 7794023 9249827 9329800 6013477 3254582 7782938
7311959 9607327 4212523 8035764 464804 8669893 5091737 7315786 7487233 8564469
9607112 7453244 2305976 1150891 8354513 5428776 3801789 2290885 9306736 3405006
9838461 893414 7615030 1001642 2848807 7702241 8765904 2366748 1140406 6690916
1819641 3660617 7070765 8802168 7086153 2116693 6848497 4176700 6274735 7459078
7050965 7999972 5654987 2990760 8979657 3506859 314350 1662162 7523519 3667457
2280163 3180518 6689928 4947168 9395328 1638502 8569268 5629014 9192197 3994782
4190941 8074941 9282112 9831778 3103340 4465957 8350441 7017693 7026302 3165444
2942102 9846340 5558447 2033797 8903069 3958777 5748326 1640933 9533146 4152344
2516498 4954052 8318237 1726426 3753402 1313131 53844 9380106 1073109 9726129
6316402 4802043 9516921 7923972 9788416 8508823 2534243 8684256 6691000 7856514
694356 6624429 3327146 4462427 3687110 7548973 258227 4239078 3493884 4952183
1920848 386886 569481 7758130 2959422 7170696 58166 6985367 1612185 9179984
8096973 9344289 4257659 2204004 6482879 5556387 3345197 577229 6581124 8370213
3684244 1915716 2143028 5581581 5111023 5630434 885696 7285769 7258190 7802364
6765849 8389211 2283172 4228201 5675769 7178672 3089829 1087801 4355815 343569
954247 6002096 161098 5797361 5241080 4466210 8208384 525192 5617677 1708282
3326066 4078812 7974613 6681809 9510812 8928477 1007446 4889959 5733256 8646335
3437134 2527610 934395 6795820 7039227 319610 8158766 6395788 453660 9280306
9314719 8184216 190759 7322688 2509218 6270468 7421123 1286035 8007699 5386072
5951567 8092111 8512492 5867184 592407 1240427 5770930 7218901 4095816 5155851
5657900 1029041 6235688 5000214 1072477 5374551 4119660 39498 7208353 5634255
955419 3930282 7600395 8935020 7405669 2044430 694614 36636 3261065 3241042
6262901 9648917 2005144 7344053 6221261 8297185 520803 2078532 523150 3930590
3180073 3931375 7316724 2253940 7215083 5901525 1270000 5393166 2553718 5445909
1560937 787530 7141613 2447057 8534132 6296313 8414160 9138625 844198 4639754
3411028 7988996 8341368 9395115 5904967 3383468 9518514 4265094 6167110 8280422
1621026 1621451 8746261 4077533 9494519 8013924 3217244 9407945 3746718 2470125
7019727 2182221 2130300 9978084 1076126 4857219 2440343 5353466 8016076 6668630
7172203 6612034 8874972 5346106 8620599 1211245 7636005 4281825 4918428 4502813
3619185 1356389 6506686 5286630 7441266 3560068 5582438 2189704 2578710 4129043
935472 6340957 2046494 5338616 767514 3851734 7623408 908778 1747136 512597
6364579 7625594 8610572 3594838 286879 9533315 832748 3058360 1879766 6335424
3723553 2436881 525089 6693344 5409029 2449331 8281565 825300 3863463 2834396
8849634 3247177 4571967 8536887 2598677 910723 9239347 654433 6722289 5243165
1043251 9991845 1906065 1966141 7874921 5580462 8989454 4379168 2363270 117690
9382995 2364901 7804215 7355108 6888767 400007 1303756 3018371 7293115 5075929
8126973 1405447 1824446 5265256 9221715 4594248 8939860 6064628 1710598 809562
3195882 3535051 4905020 5731496 1766828 8821891 9747730 7168617 7102297 6000332
8595428 4127662 1540611 8091496 9001528 5763572 2983331 8748643 9849345 5780659
5721118 4941181 1505570 1093771 1205489 5680823 6656010 8110000 6852426 2145332
7801862 8727330 2907582 5315494 642687 7694855 5227571 2415850 7439473 9775683
2984717 9170737 5833627 754146 9972496 7548345 759597 4400491 7003374 5429987
1136976 3307667 1045478 1599375 6570797 1567553 1682651 6962585 11828 8933331
5013452 9952815 3709087 4159266 3268570 9056953 9436964 9483801 4784352 6194175
770658 6024955 4976833 4368307 664298 8957599 349257 5040245 4900126 6525816
8257341 7644357 5936695 2950061 1947405 480518 938723 459419 4648817 5928267
5981938 1532770 2767660 6567065 692621 6854958 8527209 3234189 682708 7888729
6236128 9591099 1502836 1232657 5867758 7861286 4139491 8567006 1072760 817855
4096539 6777596 4932452 5366417 9330045 6005846 2697524 9872058 3979813 1517037
287991 2576753 3644884 628800 6272127 3413906 7322620 6917908 2306054 8602218
7304784 2825836 6742295 55326 3243404 8188274 109684 6159695 4441904 6561311
7109069 7591442 9266869 4236205 1421177 3684171 2996815 786558 1874595 1228565
6600456 256903 1394739 9848416 6405537 809720 6052024 4299649 9089475 5394597
819766 7204914 2351175 6699616 6086732 2955901 2495918 5062070 1242813 2026563
9324408 7047066 7936337 8779731 1911980 5232573 9540768 5995967 649066 6438828
9713538 3652970 1146974 6798487 1315066 618828 2103053 227951 5802988 5256533
8651814 5418852 5929276 1087939 3797011 6140718 479898 4582202 6657828 4543732
3459927 1677525 7116497 2904182 5124148 1974144 4134639 5567443 8117368 2458994
8962273 3366326 31701 983630 2666755 1565307 1729958 6153115 6616989 1568072
7456469 1235606 3873326 6240996 1603214 1342649 5509974 624007 4208860 8830826
8442007 6723393 4028764 2097132 5904309 1596349 5859248 9840890 6270351 6403486
4098303 7640193 5583127 6461479 9567329 6030651 2998782 85576 889734 9257762
82304 9636336 4688372 2748199 7163068 8488670 441732 820764 5524586 899597
7465542 5805473 7442742 5872027 9320070 670199 9441738 5622120 1948778 6115632
8974451 5950170 6195687 2446992 6110938 3582430 9665309 7815721 837173 3073611
5910119 742635 3254604 5109934 7969855 75487 2036968 989018 3518199 638613
9455617 9886860 5283837 8546878 4528111 3210678 4321920 5063261 9821692 6490578
6392574 9136441 1311014 1653938 9727431 1900713 844233 8997385 7079841 200776
8982345 2254150 6155014 6329689 3274663 5274887 7567855 4621899 9109308 1531804
4724301 6851379 5252770 8169980 1631081 5582314 1662011 5123205 7164688 7726197
1852830 2603877 7629036 9153771 5202128 9678511 2538753 6814605 5051204 1455629
8456002 5965108 6100145 4821266 7753583 9868679 2203113 7127896 7648612 1799661
2384891 8579744 3223250 3022783 2250319 4737266 4556740 2681664 450016 224381
4544930 5608402 8621685 7282442 8089203 5082486 5194186 3822406 4120976 9556458
8581279 9892895 2641696 5654486 169824 682589 7896911 1444609 1009425 8346614
6338877 1029434 2123392 5160865 8210773 4775491 1614758 8742537 9216240 8124743
2351899 1990067 9432377 6307082 5343546 8806888 9140688 2745024 4367696 8783416
915587 7184193 6553359 6366008 90504 1926585 6959277 7284868 8880884 689932
5254504 3478559 794606 1802436 4370149 2027401 3153334 6283163 1661674 832061
3340312 5537777 8031671 2871594 3656333 9059262 6566680 6878676 7557846 4716073
8197735 2512840 6439474 2980883 7730339 7128092 1068329 1436900 1630228 8115216
1165889 5286406 8977166 6006189 2251075 3162616 8791093 482986 8103854 4269062
4201117 6791306 5826996 3140121 8260138 9167978 357733 8516523 7732086 5630134
2211341 9121928 7354192 4318771 9058222 151579 4167343 2902713 1555242 4044710
8590160 5685335 3431725 4024798 1367436 281331 6540702 2196719 5211195 3614085
7393180 7152287 4443232 7614936 6661994 4686187 676011 3956385 9283980 376863
1675038 3068174 7778133 510725 3627008 4024798 6086352 3911858 3103161 6724222
3055914 4734861 9797418 9928397 7727354 2601408 7708105 7428570 6684682 2287822
6633432 6000487 6147435 2456843 860256 652695 292995 2552720 689193 6956721
5455203 2205578 1457205 7551678 6479105 4369534 908305 1899195 647856 5372700
203448 9278212 54418 5277991 8685649 6861742 2144823 3527055 431647 8381923
5652063 645488 8478098 2247552 9095596 4301874 6798892 7529295 5158801 2206440
129896 8408703 5855082 6364930 9780505 7507962 1190646 4424589 5941970 4942877
6768681 999113 227351 1474375 69109 3123275 3790133 2829668 4777795 2578851
2049494 7886997 4335212 50586 4448289 9164484 1474497 2360806 8950115 420587
7648233 2905063 7088872 7016557 4743278 4225062 6896060 1181745 7837560 6943938
4368315 8507649 9594940 4287889 4612179 1229957 3798286 1586068 3628073 6860660
4669151 6484694 8723447 2801105 7367371 3960975 5756088 4083047 4845173 3857087
5614082 3152169 2512975 3221710 5134802 3223244 6921400 8973029 561349 4746678
721200 2876336 34224 1299699 1337594 4490586 3254284 2852846 2861394 321019
9278459 9111258 9435144 8531936 5151593 789217 9430025 7908545 7650802 8157425
6990478 6561364 1106597 4108491 3139377 4044506 1995184 4398360 7334754 3822198
3862412 1748863 3880614 1702304 324133 4199428 8617186 4476955 4573520 4736395
6588483 5024190 3727701 7522935 4581817 5800697 563326 6015740 4500057 3265963
141758 8364494 3589177 3710250 3794593 2137343 877000 7146147 4675354 5253897
6932422 4692730 6915159 4096245 3815247 1516457 8508983 6742346 693131 4335081
4739667 9139649 7491302 8037224 5469922 6102428 4523307 299677 3382725 7650910
9303923 1752291 1005357 3921416 7778328 3252921 1402871 122739 537467 445632
5021479 8163108 5542191 7816388 3323092 7460081 3968495 341978 7101638 3133031
3448928 7654074 5400847 382742 2806985 2240337 7361311 1488808 8615732 4013287
9921710 6948305 4161585 5592073 5406944 7679495 9802764 9528413 261609 7384191
7377779 8285736 785333 4194752 121737 8443901 1704698 8449976 5019863 2630518
166183 6247530 5196974 6052808 9550850 4903994 4827411 8211806 7490133 1434385
3050832 5774928 9386773 3886497 3121788 4550200 9330691 1509068 9229674 9557671
6136554 1541331 9627042 782155 81322 4251703 196328 238172 3713450 2231033
7158476 6960655 525456 8116001 6990596 6069956 2557545 1168353 835264 5164750
8986984 4349767 9634534 6483902 1150858 1012464 7551745 4217041 4775990 9954178
3135872 3099961 2247501 2390759 3287065 2265202 1278341 7120915 7111924 4816624
4715355 2096063 2004843 7829062 9408771 1867616 9849468 1679632 406602 8848815
5986941 9487576 6878569 9777515 2312525 1131499 1883388 5976009 835739 216303
9294869 9917341 5325296 9970941 5792927 9620378 9763525 8952803 2300691 8564434
9554367 3501800 5167679 1907819 4404997 3294248 7553385 1869825 657616 8149591
6718375 9331485 9767420 5497587 9348141 1460301 4844723 9585451 1175998 6138464
7694622 8854141 3449954 5266506 1340297 5242909 354832 8639588 8940716 7582115
9931382 8600365 4920303 4754513 101246 5209437 4508876 1789529 3256544 238918
9885139 4060739 6155169 263784 6795649 7595899 6809045 2754847 140750 9871405
9888780 3608052 3206323 9063988 6544834 9191889 8952534 3087665 3974358 5766820
52978 1768473 9674308 8972081 2733238 9173583 4749630 9376901 7672678 2789563
2841106 4040189 200678 7582005 103097 3896667 453335 631117 4123289 3598434
2186053 248815 9868178 4749472 5139971 8466985 5074645 6914691 7489144 6238529
4831558 3006351 4233742 2326745 2867215 7882160 13914 1696845 1562209 7233440
6397260 2511972 1156309 5940493 1321374 5147608 8536720 7399144 1875308 5254162
979178 9985580 7504225 8188130 319123 1684640 2415892 9984379 7209719 5585236
6906239 434476 5569830 115651 5836169 8120237 1368585 6400087 1694648 2620681
2055991 4496862 4524056 886841 2414213 9164494 840353 8293342 9735676 3776652
9599666 7168982 5466642 2461400 3720794 763912 1690765 4184725 3946189 115155
869071 9384131 3696556 9574583 4668249 6226923 1779625 4929884 6804707 268284
2427583 6816235 6673960 5825842 5469422 294633 3568098 5033803 7471802 9564276
2784891 2349139 253948 1044783 934972 9114192 1241283 1576938 6496916 2019292
1075519 3706184 798839 5693646 6465646 2782771 7737235 6228515 3410447 821796
2833234 3820703 476294 3827200 7066396 3665915 1544639 1183940 2901944 5340573
4213535 9213848 3423827 3002636 2554940 5364286 9003677 5620035 9632895 9404458
8168354 5517568 7620974 3385922 3638788 4235093 9747737 3603374 1649197 2868758
1849549 8080294 2866226 5051515 3935535 5710965 3504729 8018025 6085747 8421568
8972806 1756227 1467640 802959 2018513 2012137 9176410 4047753 8243052 4113992
2225985 9123460 8335746 4747946 4280390 6176667 7168465 8379534 8438841 1707976
8399892 7817990 5416570 2103596 738915 8640288 508309 5286026 2844382 576108
6606502 1559261 2108256 5785414 6848553 4128405 518273 1869660 4380658 8256661
2551951 2212445 6074831 4233746 7017505 3211587 9293416 9752702 1487121 48059
2945272 8363655 2684935 807870 8074479 5812650 4806251 6573155 5466285 7806021
3616564 4039779 9901258 401603 6512148 8180141 8644779 2441430 3169729 6469064
9099880 4630511 7062169 8964614 6508882 7337322 957001 1748253 9600953 5171367
6399579 2804630 6314959 3057486 3128612 5602286 640695 539673 4477161 1107434
7573167 6531290 8142119 3294345 9079973 1272633 9307152 5844526 7251011 2855384
1347741 6868071 4098785 9806470 8279415 6746053 3657504 9720150 7327668 4574362
3848110 6574619 6732072 8192871 4646749 7692368 2548853 3194396 7498971 86267
8807690 3003371 8972222 2491878 864691 3891150 7474373 2149047 1571761 1655882
7146187 3761017 2881100 2958286 2592951 5786240 8465542 9882653 9591761 8849772
2417507 1180309 4018342 9232958 423711 7264164 6040022 3430506 3724102 4874689
2954064 683912 5092313 9261037 9543142 8921236 4779402 9970540 5375154 8981887
7926250 1330691 2507499 3254282 7214777 4823770 1218900 4172015 6011443 4831574
7195446 3501433 4297744 39784 4795491 2602590 6449338 2399686 1677675 2925644
7072989 8952586 3654314 3112902 6049114 9312538 3144746 355667 6100240 1449478
5363895 111016 8180795 4666954 7437280 5081 7167151 4648605 2768562 2452853
3801405 5162221 2414980 6845440 3720901 4033994 6563286 81975 2111822 5450740
2493625 1086149 7079101 5517544 7868496 4862275 8399056 1994499 531930 3225694
7778878 6006096 9181880 2010553 943417 9870730 3989635 6127325 1840837 7598645
9493599 5486080 5847459 6807268 9622754 5559334 8653138 201380 6841821 7293567
7143836 2999113 3574887 641592 1093878 8589451 9707379 6212852 2794182 8555811
2797211 4970138 8525492 743546 5442942 876723 8222720 8054324 9442563 6701191
663412 5160000 9185635 1031212 6739572 6560665 4144871 5495439 1963291 4141837
5024650 8305036 479579 5024401 4666004 2400573 1053217 5821512 8679579 6307739
9224494 1647414 9735853 6703168 1696261 2806621 1895296 711738 3203314 5760999
2996829 210698 7318322 862115 630693 1238674 3701238 738084 5958852 6713641
9469827 7251571 1466751 6515195 2491846 3616623 4690463 1150745 9371381 4512281
1032436 8974168 9006071 2937149 3241451 631914 8310656 382316 9418793 7133437
510747 79317 9422930 8551974 78078 3537080 3985755 9361677 8029204 5770401
9720149 1010048 3673545 1464728 7465241 7040517 3030763 7595547 2406001 4893518
9039657 7445576 5788521 4316337 4972336 8307431 7151488 2300467 3271359 8679999
1460262 531101 4875633 8717899 29573 4245057 1420544 612931 1987759 9791494
4027466 6920365 5028840 4542614 5099402 1136744 6396915 9431796 7386444 4663992
7361454 621051 946517 8681788 2977365 3038164 7664935 6820081 443362 23421
1017750 2060625 3389130 2775179 8864752 1037732 8384101 2794587 5599639 2248929
9843845 7477612 5189233 8311446 8844598 230415 8584119 5193736 7973272 7089064
6454878 8558351 7280047 2170371 7554180 1327944 7911515 9834605 8257854 333116
3598787 7501177 6662868 5079892 5846000 1167888 2818115 6990144 8838871 9281332
8388585 5849540 1436536 6266723 7015105 6851920 1935073 3458691 6765376 1940475
2989891 4822390 9428035 3268662 4334412 5499314 2947598 626015 2581755 2752137
7680320 230335 192813 2981044 2624608 3663872 3336505 6764420 2241648 6227178
3794738 3782484 1413487 8748006 5873426 7169869 6244079 2968288 3247842 1421703
9693962 3723552 258 7436787 6086817 796043 3732875 8561828 7920093 9099021
3754426 4343296 3764607 401132 6865934 6921736 9380144 6159136 6475802 1656003
2496522 2566482 9261048 6594737 414629 5100637 8537095 7668 1395636 4746080
8391560 6159720 608430 5924069 8259169 232921 2685081 6798922 2777363 3333614
4434418 87601 2604608 6313868 715403 4898152 9758717 3156046 1629318 4911992
7781061 8772861 1960591 1318569 8476022 4933395 2512288 5647660 6682217 6266706
1911870 6705015 9183982 6961493 5085200 2800865 3343162 1238819 1786413 7143712
7245444 4216370 7840968 5852703 3702908 9504221 4828141 1066107 2224966 769658
1103944 4701395 9766607 3577377 2994605 7497243 8501275 5275553 3784770 2549978
1379250 955731 345875 4084174 3494501 4649558 1681947 5369215 8096641 7640785
7025818 4783075 1869253 7063199 8386588 7411342 1869692 9589033 4213348 2625078
210787 7879801 8235145 9755614 8371932 7818205 7446555 3569033 6417772 5078578
3047539 530198 8613466 788829 6138083 8472677 441015 6444173 52971 8664166
7768869 5371861 9165621 4895321 4813624 2650679 5061417 6199769 1606856 2689349
1602446 6503648 2402706 6599493 3917754 3347815 572898 265077 9562209 7168359
9403628 9142045 9531635 8711589 7376073 1533545 9390852 7844704 3106997 7425411
9509381 3656491 2911501 3468120 2701389 3590567 9271738 1496629 8396453 3206187
9760503 8407683 5014304 6270462 4418142 5556844 4228149 9167217 2199063 5234008
9929670 9265411 6905132 7873693 7620976 800153 219145 5252851 6832656 8586536
4543871 7947462 8469175 4028990 6491010 5977012 4630051 9288916 4777818 7058341
7070243 3456086 293767 5628439 4929626 35410 4413055 4047939 3791400 4386762
1258474 3855963 5982496 6103417 118949 6707851 3115126 9576775 9008258 6680246
153271 4598282 401355 9290814 6748187 3853933 1030924 5284276 5969430 9329514
2858241 7520687 1037184 6238052 9532230 7464091 2404301 9007149 4448182 4026363
6921445 6713971 3626035 7894393 8837569 92770 3366185 7096434 7603430 3751437
950024 2820512 3521946 4926789 5618790 4209486 504713 2362440 3214163 6209691
5921408 7285061 8714105 6111467 9243075 6412323 5534165 606551 5417650 2603140
5625874 3477224 2653739 6366673 439940 1735064 6048984 2439211 5216812 3270131
6519372 2836648 890581 3121835 9263772 5007178 2637074 3930996 1840524 3679198
6985521 9928738 8809673 1245669 7896156 2552803 6637268 715763 1175214 8003657
8705055 7473525 931901 7997661 3282331 6171247 1925580 6855621 5936964 7367783
2422233 7429633 7991571 1262599 1593745 9197704 9213206 9225205 7153254 9969002
5390744 8436135 4783764 4102604 8023393 2161585 8527637 171125 1879979 8233299
4544562 4832568 1432462 6885316 717162 2745800 7375811 7393437 5824978 9629914
8468241 8770692 244402 1341541 4252335 3449774 4593394 6141190 9725793 279766
2639668 1801364 9070274 3463839 4822170 6134631 1544316 9116355 9149441 9779180
7979921 9535732 2921275 3583171 1043262 7712329 2279877 9752243 7578351 7126469
4585464 7501137 7131849 4294244 5716497 4767218 1851668 3548151 3777268 1045325
1079405 977325 531861 3403374 4446416 9833607 7317212 8730140 3838561 7004829
6151078 8718424 8872172 9711579 8488254 8120011 1535757 8353147 1266312 3253308
50950 9485412 8143281 1937536 3200060 7021174 9192714 8610307 6873172 9523916
9660904 6433169 4052631 2314970 7529241 3481240 8232995 1173580 6800729 2141395
4694537 8723885 2775101 3246932 4314093 2391066 9135341 6901798 4205542 2059380
8560915 1239266 8685379 5564977 3607661 1541427 528639 4098291 3143223 6322292
2961296 6886067 248883 9355097 6550075 8294137 8968968 4608420 3453548 5165919
8850950 502232 7701030 2120230 7725076 6275388 8537913 2751749 3628048 8440444
4414895 6395003 8734534 8265662 9545891 2481356 2957039 1587683 3215866 2880842
9447296 621219 7545851 2151715 9423605 6117966 2275411 3770779 4680258 5880679
1140018 3957855 7563062 6857273 3025874 6459543 722575 9172652 442212 1743330
5842047 7409894 9089419 588501 8096344 3149221 2290404 8272431 2150957 1574021
4527511 8035945 7760805 5622927 5346589 1450295 8329937 6856035 5112873 6695373
2225895 2558958 2998883 9445402 6131148 7313989 1522621 8723584 6903397 3349052
605613 5456267 5241071 5538210 9461551 2290374 189128 2908212 5455499 278330
7354470 7590971 2941760 6978203 6932313 2070230 6672297 1049373 7118043 3445980
3314425 1287374 218809 7876129 9146402 2899713 770839 6535295 7859878 8330182
4233333 6090651 3127529 2217932 7299234 6509623 4851911 679721 6305322 3505536
5887145 906108 615799 1237866 1510216 4896207 1191542 5646415 3600726 1296796
2339561 6137289 579207 126718 4102038 748958 4182269 8210721 5965914 8468425
6560956 4490626 7041714 1741314 4592622 3804972 4796115 8568350 6568449 7514252
278464 7109199 3859465 2799952 1758396 3506213 6920934 4042689 6673738 3950170
5934351 9974912 1098023 3494904 9897890 8044450 1547555 7724855 8274871 2930296
1921564 8797431 144962 1692275 575344 567962 2491102 9979972 1069249 4765385
1493677 8902040 4290043 7174353 1918438 3506624 3254631 1928638 5140912 8379147
7363028 4452993 6942074 6431130 1098464 1772986 7520273 4097361 4294850 5008722
7042739 6804799 2415290 1703296 2369028 4465274 64111 7388977 291158 3551672
2178403 497525 6648099 3283166 5918855 2180892 3433802 7522401 2305634 9492459
5086837 4479540 791757 170451 2183322 6393024 3961647 9587730 8754023 129573
2973771 8196135 5619652 7634120 2379797 5373459 589840 1591089 9351088 1558564
8327443 3803885 6667509 3871941 9552390 6114497 5962879 2658390 1511871 3342662
2891480 1178507 8339109 3271170 8517113 1704527 2264161 1648227 7660760 2217132
9730690 9086004 8826900 8331663 7096512 5920020 8328632 3583834 5116414 3018412
2667447 3190716 2159576 547256 6837862 3241062 7899272 955060 9616642 3840736
7475611 4565645 6247332 6188949 4771619 7530869 1701344 3385726 4022402 5462602
2884949 7250072 3040702 9426497 3291487 9244043 7160057 4652126 3178863 6938048
7376489 9831720 6369378 601170 7033431 2232631 1049947 9752307 7562803 9391152
6809985 4379153 6438661 6147748 2164904 4656051 2126466 9725298 6969534 9162086
8045921 6871044 750308 6066222 6210084 3358668 2439390 2272140 3370172 1010837
4126893 1241722 4674226 571025 4092910 601199 3814510 5824125 4035362 7196189
8821953 5524975 5062623 7782953 9737738 6725556 7517082 5096188 4304936 4685042
9501950 6606602 1852737 6794383 5169777 6480455 3737538 5190208 9049762 9971029
751433 7864334 2456188 4566572 3384745 533296 4230793 3588951 1350348 7980645
492354 2333207 6080990 5135844 3164907 7135302 5626536 8561195 1574506 2388166
2622757 8977077 2865420 5307252 1889052 737829 772166 2257483 8787160 7899871
1165826 5931894 1727120 4604466 293414 5045775 9252705 5601692 7612506 7891263
8969409 9732322 9532636 9369829 4814949 7956291 7916071 5964056 3132501 4078902
5293951 8083439 9380916 1931661 4322171 7290974 8908025 4572511 333615 620086
8832049 3326954 4862571 8838175 8988261 9574815 6076466 2799717 5235634 7779803
2041579 1709012 399863 986379 3655777 3418022 6475250 6247144 4951648 8126638
658206 9811469 1637079 3280636 4514751 4294768 5929041 8731848 6689683 6845573
5781722 2173515 1512667 378837 7594322 1706541 1056939 8996773 193651 5515165
78928 6906925 4295877 2258930 9133340 5561156 8957001 215736 5977219 6012252
53026 1706854 9802164 3443209 6868548 7375334 4817230 449153 6547661 136778
1399529 7994103 6408504 7629984 2694815 5476991 945293 8048556 9086879 1081697
3057161 168481 4283360 3830911 647433 8414120 9906992 3384458 6615574 9234585
260120 1169807 9069919 5707204 9331713 9544253 7588146 500843 5034880 7658773
3662013 4043830 8961768 1827048 5624123 2135019 7083127 4350129 6585739 4928565
4004296 1722443 1148789 4842121 476651 2072908 450016 6911360 4821828 3445334
8774397 9835447 8737077 5557109 1235136 3981081 4320222 8289378 4877576 5509493
4914321 4418675 341367 6751966 9067197 4027994 7224844 5165264 7690975 4080012
7905313 3334010 1261932 7946271 6815918 5665185 9830173 1574598 6604013 5628964
5387404 7446630 973485 5300021 923652 4156105 9949278 1899436 2580690 1692472
7781230 7032443 520832 9245099 5495318 4052219 8390766 3714496 138268 9418806
4059001 4606002 2086565 7082888 6095369 8609520 1881264 1507819 401294 3644209
9586645 8536505 6431395 4844004 9645636 8926733 8170526 3694482 1087805 8500508
8535879 7058533 8001701 2544194 7927708 1338698 1260365 6121252 1096971 8898731
3905395 5713377 1055200 1898757 7540645 9971059 8584949 725408 8873976 3819529
1390065 4612320 83431 4329045 9080797 8268870 6237013 2971919 1204417 9967873
2861402 5390099 6570249 4319844 3591059 6843348 5328815 7578926 7455824 2673090
963905 5372787 4556838 2072080 293755 5592051 8493411 9227699 1438691 764146
866579 3614772 8640364 8651111 3422421 8458570 1045985 1258738 3199359 7187475
8298982 4974090 8874739 484260 9010183 6645245 2694607 1247097 3724238 3099088
2598873 8743328 4874338 4543680 3734184 9848101 6754220 5872190 5529546 5789624
415407 7911622 521644 6119458 6238138 2678395 8665046 4237336 8656188 6936002
5006037 9820283 9348415 5674877 7048710 3647902 2270308 6840370 5290055 9309341
6675112 959797 2729543 7991366 9851074 2893717 4648590 3491585 7224167 3447574
6273204 1566414 1041290 5748385 4904951 1616959 6656915 5051824 2597261 4548910
5219246 8849565 5413214 6265217 9825513 6278909 9142104 6289392 2627739 1840913
4633100 5410851 8507377 3162930 720620 8022070 9059180 7142739 7865980 7031005
4299402 7427257 9698943 5547026 8454014 8833012 5704664 6589675 7129821 563238
1477485 1147054 277590 1648465 1148645 411029 6325330 5828497 3513812 2049336
3024751 7426955 7116442 4025847 8788426 284428 2594616 2670820 2345420 6449372
652253 9610569 7935274 6476941 7610618 7274235 6067706 1358552 2742394 9042558
5901087 8392831 6501244 1979423 7079649 6335893 8901915 5039286 6419717 7369290
8727876 7595716 4809874 3601098 1136243 2780481 2037775 6979825 4992193 4684444
386158 9573314 2819832 6811922 5811834 2918857 1360770 9284323 985346 3639149
8746447 2478323 711735 5066323 7362551 6699257 9455891 6102154 2841808 4150724
5764676 2915987 3068868 1434876 3201177 650613 1544414 1184518 3195324 6498858
6656712 435692 96381 5160282 9194754 7704868 8394185 6954627 7062181 7524645
2211546 9101666 9973983 5852905 7786250 8047964 5400957 3171734 9433962 7989432
6401743 8353667 9204979 8296255 482556 3985432 7831314 6247193 6694306 8678435
2715201 7939648 7868536 2990014 2070085 5195458 1811258 1144096 1749649 1104570
2017356 3279649 8205879 106681 6932684 4511403 6717244 2404898 9013124 5701809
4933440 6905809 7141240 3043083 4398737 679971 609597 2833299 2276772 5375118
4485127 5577711 8326216 3625765 4855440 5421738 1118822 5827039 4245090 7634422
1333750 22812 6957995 9549581 8745780 2565063 1162324 4670253 6770466 2185906
3649083 5410377 625694 5820136 6035283 5108921 1735371 2708667 4675288 8534516
53031 4561298 2609267 2933689 6090669 9375920 1321289 9907469 5028170 3132471
3518334 1985321 3132721 4719692 469123 9855746 1108298 83215 5444700 5103495
4279324 2370250 8698201 9588210 2527330 1065369 4463428 4449910 253137 8765714
2819597 4784935 6552216 532751 3679672 2519843 3660668 1028511 6361803 1117490
9801331 8494460 3034407 1468771 324185 428417 5509487 1897242 1909523 6078069
893492 7927650 6336542 626267 2637741 9374570 6041056 8220473 4687364 9311625
2799436 6602990 7686459 8393083 7617768 8222294 2197783 1591652 7351157 5182900
1231803 5129211 6448999 2025715 3906662 4143081 3556370 5676057 6540235 6218099
314082 9334487 6834602 1305116 4497381 479893 8513101 871606 503475 9438337
3966405 9840877 6576205 8598081 721530 4863040 9278942 6534451 8482122 1891106
7626068 3471503 889478 2774249 7030065 5955806 3416174 2953923 1840834 342670
2574400 5178479 1233743 193146 8336586 3971467 6970113 5987035 7995108 2552856
8794251 137890 2537809 9847545 2124681 4095002 7905689 5441204 3785875 1131180
9419080 4287567 2778876 3463269 361086 5954705 9916655 3281141 228036 4254320
7035506 730862 140762 8154070 7378615 5573578 3972719 3274039 7319832 30638
4960070 9164210 1815927 1890354 2966543 7721451 4655866 8298238 7595013 6238121
4447957 4714936 1114808 524305 5122194 5739540 4655136 701273 8369511 6723986
4703220 5018110 789171 2886628 1932119 3756260 6896882 3497534 3087600 1870729
606138 984644 5343642 6480550 6856788 7473674 8595771 1921156 6058373 9716840
4914833 9281313 533848 6594371 8554451 5549877 5725255 1254873 5787345 4475311
5985244 3260799 3212427 4318963 6105475 4090422 691722 7021502 1588724 184242
2978275 6633092 2915722 6632909 9348083 5127000 956163 2314964 1016563 5440499
4832852 2657532 5864647 889967 5021710 8842594 3857986 5265140 7493960 2271313
6844528 3896266 1774091 1440308 7387630 1728071 5630917 2947439 5756459 7903967
3256334 2826909 2884158 8311865 4204492 8667259 3018359 5501083 7428742 1268993
9108059 7026478 2610283 7163478 5859883 7874456 2820809 6675393 5102827 1389609
5093867 1093268 6065784 7302252 3041256 2372558 6788493 7200942 7517907 7611556
7730539 1824511 4577914 9399480 3220242 5166728 6650755 1984510 3563841 6712656
1743874 1997369 368498 6448903 5472033 3371191 7675789 7749850 7391221 2878883
26676 8007212 7920760 9244976 9217560 614655 7986069 9904181 8193070 8895215
955118 492627 8357948 4234203 5659088 1595633 4128275 5555688 4952185 5205973
3211103 7776779 9647850 134527 6999409 6328859 8275895 6298583 7147524 9540894
6903162 5206068 9933519 3812414 8191087 8545157 2268727 8843007 261512 3230102
5222998 7872383 7974624 5628616 956004 2993034 2069920 4966082 3441156 3399679
9988049 4311335 3731680 4077613 3851454 6994134 3823439 7413209 598947 6884655
221346 447115 822644 3303400 3555438 6598247 9621649 9629108 9713328 7282978
4519673 8813576 5822142 594951 4699900 7238281 6772005 3849488 5021828 9646118
2530392 6820179 9985058 7456805 1462847 1939229 5619966 5495489 9974176 8509264
2352391 362574 9458604 3807079 5178997 5684868 5120637 2769759 3614224 4730046
8986420 6193021 23765 6632075 7638407 2110815 6198550 8910726 9448927 3414985
7400786 2054110 7352024 8351134 7067562 4113921 3188461 3764008 9619337 8365300
8926458 3025586 8630646 1451552 8504824 9083208 8913599 8552460 6675574 7951285
6341953 2122715 758343 377388 1716278 4165167 4864656 1934449 4243581 4258594
8166622 3221677 5230698 5952262 1752498 6170475 132966 1138476 5318419 754025
6477928 726488 1513636 8961357 236932 9149837 6112426 5916497 1282039 5213861
2818639 1508933 9048853 2234377 5424308 8685870 5003208 9016404 1060263 9635046
7099407 1899203 1204355 8285506 6314908 7042012 2758883 2371911 459431 7572837
484198 4498652 5883991 9364732 5683902 3997967 3279888 9196520 1183972 2393706
1756450 9552486 2743499 8985689 7300503 1330341 6469252 6136909 833042 2562616
9282738 9428181 8224859 197874 8101769 9336118 1410756 1083767 5777079 9958214
5274343 3926650 3216576 2860881 259349 8675360 1084934 4311831 3775822 7378407
618106 423325 8234728 9577420 5120642 6545975 8601029 3288661 6612375 1144545
4876926 1633530 88307 5083534 8385275 4109247 8808021 6262145 699403 5605896
3174928 4171636 9801888 8820002 3408130 2775034 8173814 4397913 3467338 9363519
4658449 5207049 7431883 2723395 3312617 9816068 3452180 5488445 5633485 3486668
9903372 8354952 4523063 3520792 8602857 4051885 3179891 6340207 7508367 1282731
4457853 4044547 2410381 5943131 2740296 9714567 3553755 6479372 3073951 8451378
2596440 688261 5969710 2444053 3184983 1222507 6131899 5946829 8842744 7363085
9650874 7093958 852067 5802638 8906215 4001434 9749754 2213864 7581535 9580357
5628681 282026 6329136 3206880 4208998 3981635 1838873 3460888 6397150 7879117
8549190 3551619 2804809 1358448 4759686 3338018 4205390 3354758 4696634 4487655
6784920 7486516 9364545 1323892 8919470 3165127 4730249 4728826 6687993 7552947
1338220 5673454 1921816 5305119 5164954 1205355 2503828 2430762 6585408 512916
1487175 851992 4510238 7479948 9019606 1034199 1780697 2659815 3838326 746103
6074764 5271528 8730672 8579867 9864478 7377265 5895443 5963833 9063449 6699847
3976585 5660312 1899375 3266924 3942900 4469034 5879992 7915450 5837942 971050
6385454 9315539 8998058 4887106 7475828 2710954 3260480 7092329 2047637 4204553
9039976 9778914 8520740 1580779 2886474 2214965 3719706 6287157 8764878 9087998
4507173 2349545 5492908 7249213 696468 9404794 2499129 4236398 7627773 2140
5516190 3603806 3549203 4808457 8501135 1080821 3960801 6038713 4963464 5237865
3740025 8848435 9995636 8971629 7035342 2259523 2307207 7675267 7316582 5474676
2583302 5249810 165127 3188437 1678490 6573791 5804320 3157190 8423771 3641200
2392866 233582 5418571 3554908 8910659 7141734 5265033 4345719 6915845 761742
7582345 8235668 6969567 2529047 6660291 7680395 6255794 1729586 2823987 9367291
5102822 2608618 4192413 8872433 2307713 8388384 1971048 6529684 3877972 1342295
3838705 3480122 1856333 7046701 3949795 856355 1782756 1214650 6215738 6115333
2774683 1863146 3900509 5653406 5266251 7868886 9268538 4163115 2131751 5443712
5615228 449411 5870289 7052135 7842221 624629 9165892 5024581 611814 9192991
2935000 3709358 8808014 4790146 1817733 5708393 4768171 8675637 6735283 3263428
7945864 207370 7995775 7206057 8549768 8260778 7317895 3154351 1598635 8617096
6468 842598 9389206 9885024 4202624 1268529 2796284 3930554 7416757 298108
3369205 8169969 9295799 2338335 7580637 402806 7131614 9720882 8679041 8550508
9880260 7452015 3427444 3796030 2518615 9182339 1607814 65164 966109 6326513
3385041 7424627 2759291 1447794 163277 5304070 8993291 5244011 7002388 1503843
5892357 4551498 5403560 1680178 1268712 445203 3634584 2969634 6971890 7176919
5646012 9438256 9594116 1054645 3474511 6437658 8449514 8599399 7113298 8743150
1139260 2535962 2410847 5006461 3952524 6486626 7473728 7109871 1440626 5185748
2420733 2367716 1753034 7686542 1355014 7053207 588898 3009083 3419441 1455044
8198411 4044737 6680039 5346906 7569713 9154599 2577379 8990173 6436493 7345200
891170 7536679 1661657 2436278 2604947 1117910 4092458 7555994 6133931 2004091
5032716 1113010 8395314 6829040 8701086 3561438 6446284 3835345 5379286 1883027
6023382 9979038 1453417 6249492 7631047 9824552 4545741 6230511 9368421 4406666
967722 5279084 8311942 4290989 3920345 7431883 4313609 5566465 3079299 4320621
5398379 5550818 3484088 6496689 2315160 8080539 1791279 4034664 6867654 6950759
5067804 2236494 1414586 6197065 6106463 6561919 2826765 9434336 8722628 2340372
2267747 5036315 2218368 2111490 4627741 1350579 9020000 4041775 3841003 3070646
6603221 5576228 5350621 9675793 6303562 1612714 1470685 7720545 1245150 2495138
4845515 3280057 2085057 7347131 7522322 3050999 7242390 1236729 5249126 7609531
4462094 341348 8229873 3668058 8614588 7845368 3267980 5768408 5843533 5420643
2808670 896855 4801994 4511274 3295489 8063250 6674728 4965554 5084971 6157780
1103927 7850035 3582957 3990403 7787547 4807845 7961386 2432903 1037268 7082632
191213 4553565 3255450 7586013 3170636 1231191 5769393 4184464 6607724 8902309
1928286 6416616 8712685 6392901 2187799 2928973 9717593 4566061 7314996 8438102
9894346 6658250 2195260 1283420 2795762 8195215 9223056 8582059 5664342 7714625
2314846 6341195 7379240 200571 9609681 3934029 8879688 2419239 334148 8473449
2291063 2782349 6522638 6891549 4558150 9815537 3629605 5040109 2892797 1799446
3530494 3215853 6494574 8919021 1865225 5771835 6017499 2593142 7111626 3497293
8788665 7627773 1122157 418541 6145766 1587144 3421057 5281250 2193555 3313592
1608784 1985349 335450 3478197 8372885 3110258 8196045 7558 7670613 4174198
5696065 6085193 8466717 4321306 9083368 7066247 2922692 1301443 3727993 1139026
8056535 9732551 4787058 6854285 9345893 7516772 7286336 2607446 2554265 1249144
544603 2104701 9993075 7596466 5016154 246516 9722229 1950779 63681 5060678
654930 709870 3230378 8690085 7926973 1765937 4241013 9191737 4924856 7617163
3880749 1900628 4303071 2270507 4560898 2949227 7726482 6579125 4949576 4648491
1869296 7716501 8460482 3697837 89086 3971037 8297969 3024259 7625039 9549335
9892087 1342894 8378514 8691886 5836440 8338724 7506900 716632 6403969 4432116
2595535 6698445 8426493 491723 8837946 2433339 163998 73476 8417646 868706
9598221 9720711 5687190 9868980 1377185 2218810 2199084 4817367 7168164 4707403
4920563 9320577 8920794 6541826 8382059 6415022 3900081 7368474 2809160 6210156
1136554 76003 2524274 2587587 7948484 1954977 6259484 9670996 7095944 7244415
8953484 172413 6703089 665565 3093888 6798588 520735 3406293 4724895 648203
4413201 7748699 5773844 1856256 1485813 2896652 5147618 8868211 6830169 720687
479447 2037343 5827891 1717541 6614909 6447467 7536318 115859 9893250 244622
5867934 642622 9941689 157731 4285272 8177468 9343029 9408479 4521895 9383619
8173865 2946474 6791235 9222008 1393357 6415306 9814012 9428707 8283925 8798833
9232211 6475834 3570484 4951900 2891862 7451459 4904553 9308112 947826 964459
1866486 4373653 4319392 5352152 8562260 7758272 7131768 7099432 8811280 7127280
7553793 1211729 370680 5240771 943345 9854500 5921355 9666075 6061677 6164474
8705582 5910035 9755939 8609592 8282676 6662411 4410911 7518308 3755811 4361392
908335 2880990 9141384 9694378 2594400 5978485 7186871 8057503 6267086 6090895
7933837 3426250 5529385 7787408 5241673 7061650 6361650 4692531 3883723 872086
8350767 8156187 975451 7307204 8283001 163043 9438241 1423090 3184109 1634590
738200 7313303 3344990 5714857 3280310 392026 1294943 3655829 3432914 2380153
9233206 9597269 8255993 8254057 3750932 4012234 6649302 5208403 5782151 7849291
6016844 8589728 3985883 4987669 5316829 8765947 2064582 1145074 4767018 8521508
4899618 7013513 7664951 1387291 342050 613989 3892533 9299454 2920736 3577770
4416466 8193402 4875841 1902911 9150707 7511458 1838726 6064851 7816258 6183724
4636719 7212897 7984508 1058951 2178282 5487947 2975906 2149376 1700081 1397851
6006830 429685 1770407 442445 260322 603307 6523053 3926487 3712135 6031365
7327176 9986662 6074696 8889244 4493356 234401 8034994 4469459 8946778 8688928
1712555 163451 6011691 8131854 2717248 1956888 4729150 2127748 5943508 2937624
9756910 4787307 305989 8124662 9274651 2283168 5062925 8782626 132930 443795
7569501 4743567 451698 2469774 9288090 7105347 3625575 2588833 5438498 3127573
4754292 7706125 3191030 235273 5046835 9141643 3497347 558144 4926207 7307037
1674802 2441468 3520915 2587034 4822523 5267012 1647897 8573264 2264308 4720137
6119764 5059507 131079 2115830 6945319 4876853 9180636 2808515 4887256 1880159
1772416 3079663 200695 1654277 2291479 933629 7230993 6082331 4289295 3800257
1723809 8399356 6829571 8927883 6967351 66926 1907551 9938193 2576990 7419500
2557783 1328097 942610 1199571 9347291 2334907 5599936 5113236 4928301 2063892
1898340 4817008 2686313 1592791 3782236 725121 8098488 7762347 3685533 532131
7804447 9810331 8787430 7028755 5571631 5401693 3202523 5392816 1379248 3985548
6947856 808798 8153541 3897481 5594427 9224226 1715825 2862038 4205415 7315199
8080145 6134463 6043152 1608722 4202486 6081327 2364529 1767337 3626899 9679139
3872872 7465389 5823894 6689759 479693 8287383 9007172 9852185 7470564 1398161
1915423 4296928 9386511 7164545 1951239 7464173 6679018 763425 4910857 1327294
6820159 7154139 6591078 7045986 7790331 4519001 6149078 2296396 4551585 2959109
7018792 9972046 8680220 3683721 2078842 4865803 9578639 9164991 7192941 1964484
2609970 7692704 1193931 5806591 2538929 2452777 2542970 2346810 6311205 8940368
7948105 3819704 5835626 1820805 7428044 5882640 335563 428289 152918 7807540
9711851 8095239 3305350 9247548 7582250 3327346 9680516 3629976 7145988 3821467
2344370 817378 205130 1113316 7167073 2541704 3028297 7755076 3087262 2580995
7988851 3095643 6828355 2867767 5719610 8574606 4225033 7547728 3300489 2828900
1492359 8183663 3632473 1282979 3704976 3720116 5954693 421622 4368360 9068633
2142499 3994841 2994864 7251348 67451 5790241 4484297 3767580 5260027 317364
3653636 2528240 4560675 3333071 7169702 4282937 981542 9429258 8033873 7286943
1906787 9536109 6062534 7798363 3818669 3979308 2462707 2529192 7469872 9684746
9583546 3146600 6991633 5256047 9250967 155242 1924692 4977783 6360009 9424954
9821965 9415684 8791060 5852895 1981338 3751628 5555428 8258016 4394826 2168384
7034638 7758153 2444055 3048760 4286373 1812565 6648206 4561987 7420475 4942473
5619037 1346282 3454744 72355 4746891 9791197 563216 305946 2416022 7228519
1172223 4737984 3094761 326423 8171764 8197695 3837277 9922005 1068766 7683484
9497914 5566585 5490846 9124244 5144675 4956152 7997181 9465442 171143 9026593
172150 6630945 7519374 1185992 281505 1433623 1508340 5850508 942835 6583396
1221566 1147601 473955 1980941 8028639 1651591 8103178 8235627 9408472 3856855
6084726 1580602 462920 4065382 8521638 3965995 2417990 869926 8560897 7914784
948911 983742 6297906 6523560 8589021 5210636 6452886 581603 4774650 7366067
4966605 9916807 133090 1318091 5490508 955689 3126252 165036 5272906 9234424
8612910 9348583 6649883 9485579 4207211 3439325 5447864 90532 5562382 1620176
8893577 6763820 7021242 5254724 9248062 7408635 1241262 5908754 6463394 7754248
6746794 7474542 9736749 7818759 5142774 9594548 382851 8938005 8491303 6702868
7321165 3241591 2521155 9851168 430536 4272744 2891816 9775805 7364222 9303303
206105 3792126 2580700 3009707 8695471 9939346 8973762 5214682 3513764 4189642
9141720 4047421 6976025 5257545 9361069 6971124 5308498 5423967 6201803 1237133
2040524 3767721 3701764 8156146 3909656 4083419 9167645 2571084 766341 7533444
1352260 9005452 6401146 3080377 1732245 2869541 9264739 5940920 2443343 53913
9156161 3999360 3828210 9274341 5702813 3011801 8207782 1184625 3413806 9115826
4664423 1666960 2245991 2863566 911285 2688187 7476141 3237866 3255843 9757199
5898502 6796716 1409610 8570235 5622318 3713201 2240731 3468373 6089989 6921358
5031513 5350081 4771559 111514 3280028 1018721 6242737 8624091 9335880 1625730
5274957 2844583 3359836 503456 9889190 8242927 103064 6164209 6119451 4909950
9269964 3141917 7070691 817710 4836154 9789468 3254343 7420278 2980228 4076823
9823406 4294147 725599 3703594 3816011 5915800 3135620 3445811 3665811 4070053
1648825 9275227 422912 3619342 521619 5947698 9707084 5510999 9751944 2781375
5044468 4786236 760245 7373797 9384265 9842940 5961695 705319 7945773 5396293
5278140 6600945 5131402 6758229 8407405 8018056 4913079 7061731 6491565 68438
3136862 5977889 2671639 520402 1975908 8701050 397947 3001433 431107 6207836
5279272 1310529 3773534 7077248 7833632 3276307 7697577 3380740 216734 3055310
5793279 4627331 8457267 9034341 6704545 6690217 4702954 360682 4684860 4242295
7385710 5013135 8922418 9426527 7733716 943706 1720579 7828389 9141176 9955571
3032352 7510925 3073261 1636280 1543875 8738259 9709112 7947727 8926590 9376344
3960632 7354109 9096595 4291565 7717609 1503205 7280905 5260465 8855905 3319916
7169360 102447 1595591 4123653 5425115 6961222 4426465 38613 197332 8612070
253553 5706962 8013435 4411425 8122331 852072 320989 7499981 3227691 1642137
8403402 8855291 37342 3635040 1378790 2129333 8501559 2137787 6011208 2757865
335470 5353512 1225439 5904437 4836966 6806886 5097271 1751664 7118005 5381639
9914044 5872532 9328455 4837465 2825584 2537290 9879883 5286809 8152172 3638748
8947245 7983376 9499913 5882888 8864615 3175728 5986289 4307054 8129999 8398713
2643715 332416 9120357 3169995 702864 8611190 1523767 8387336 8855879 7694506
4672180 3924657 394040 2888357 6654756 1901926 634346 9066836 9825996 1635673
6998916 8555564 5383475 7268676 5944696 998830 510531 2309003 2296019 5655831
6711562 1992345 4541514 8391694 8392480 898442 2367802 7311777 1809465 7161166
6946037 6663840 1942499 5680066 3411834 5727746 3938750 2426327 7157814 1797117
505369 1961046 3163372 8960366 4912425 9331476 3611374 49917 2929827 3970806
1877714 8073723 6394332 4164362 8282798 4025646 3744854 9883122 3203445 800149
9194676 3267656 3832571 52093 311296 5420991 5480159 6066193 6840802 4662332
4022962 2858839 8880884 9645619 8411657 584236 2583513 1764176 8588419 6850734
9393108 3810205 5826271 4371954 395476 7851901 254482 5118575 3831675 4511843
8920286 3964055 1135238 4064356 8224477 6710962 2984495 7885964 8769293 3501021
4516807 3034497 7953096 3035241 3144288 8357753 9619641 6539601 6933225 2986898
5118415 5866474 5721589 2788145 8812275 499633 8036645 5261100 2707968 4120092
3989174 7733457 4826043 7404910 6293110 8087290 5215739 806859 1631801 4289026
446949 4986000 889221 7685790 129494 1061188 1111463 494134 3944225 6029894
7611533 4735296 8624420 1808748 1368588 8186605 875750 9946122 9751866 4000132
1218998 1147843 1865911 3682017 3603607 6363567 42469 1759796 1004609 1236700
5955854 4534787 167501 609556 5695115 8838388 9542950 5316279 4001409 880769
8458598 6165899 6025618 2375694 2893218 8657409 8899195 9371899 1633467 5701521
8218517 8503009 3729093 7977035 365846 1636674 8386972 4551509 327615 4830429
2745426 3305925 5939067 3417468 931953 8873979 3455552 8549091 2397220 3528820
7395836 8521647 722379 9989645 3526812 1299056 5990932 3287603 9047487 2522007
1208928 3588536 1682458 7578117 4958548 1538210 3619381 242884 2079103 7404945
8834780 3618187 6234805 4253453 4332930 8560373 4244370 3967107 9555861 1551856
2590765 6591780 5487865 7575912 3050515 2627319 3580846 7390206 3729314 3946235
1716872 7304897 1292672 1407281 9484092 9781645 9408194 5530694 9942715 734912
3168597 1207303 5178975 4627352 415533 6002282 6192370 8152970 787289 5075373
4755542 7837012 5458725 9529965 260783 1013451 5800570 3641654 8628798 6054780
1166063 2924549 7525570 8863399 5644009 6696539 2805926 6265 6228361 9998343
9577804 3586430 8520664 3539644 8796312 2728057 9836796 9486406 1045531 2738151
9645817 5723150 5047085 8102969 268281 9459779 7852073 8729682 2282034 7751045
2108175 2076545 2213514 3689965 8486781 8724765 4103632 7366893 3556888 281139
244683 8847283 7820745 6123014 7176414 8920859 1322854 6219874 1755770 4631517
5010067 9278600 3993868 2385679 863433 2474632 8436919 6979476 6399894 7378894
5609421 6358035 5128979 6690856 6636606 3295153 1391046 4971828 1589138 407585
5942803 4768531 7866047 6342514 3237623 2409785 6196200 6210673 2102835 2982855
3891248 9341878 1314475 2114773 6020646 2548824 4552029 7954769 9317465 5226368
4819126 7481551 5270847 5087690 52592 6499467 699457 2787368 5328274 2624565
3386042 927816 363782 332773 8277663 5571711 4378103 1000252 137303 1528886
3888016 5719161 9253913 2243306 8577811 4605575 8825349 1330873 3584234 3094993
6547250 4383693 8428722 3693221 9210198 7463515 5757608 5689693 852490 8037968
4552600 7673503 6063727 6575570 9412691 7213608 3533542 5286177 4294931 682871
4674058 2859180 9020306 78159 6529204 6049489 9691987 2078113 7815869 3398835
9863184 8872370 853954 6367927 4346407 255778 770857 7692854 1840334 9700602
4469303 4327986 72331 1326120 8346264 3507513 5275267 2577724 8484497 7257368
6435530 5141460 5057559 3970701 4137813 8581160 4234203 3453003 98073 7807352
1471036 4801289 9151749 8604438 8293496 7981491 939352 4777068 6423820 9199510
7923712 6436562 282440 783449 6191738 5095068 7599222 5630753 4363981 3847192
8011901 4144775 1680196 635644 4964938 140346 7173473 5812530 4245769 7948406
4676518 6857387 2369125 6695033 8127914 6733440 5562470 2616438 8704210 2562375
7656443 9832660 7875132 5881765 1402479 1268572 2635728 6676628 2839354 1064589
4045613 1106106 9408963 9616332 4637456 3475205 2713056 9883715 7714014 3839828
6640643 7366532 3321558 1139045 7306972 2473257 3994147 3222142 7350049 4949116
3627397 2670998 1093601 4428199 700638 2920976 9383907 4531716 5727215 2901399
9805879 9344497 4343789 4112500 5147512 2642634 2769718 6604539 2419517 7371110
8873396 8136645 5709205 1471831 3739083 1925745 9389358 3440938 1161011 9733649
8920413 4971979 8331776 2828105 9255116 3664233 4269022 8464398 6917073 9646487
7565921 4153337 4829636 5997793 5098167 5460014 8256346 22593 5474571 6172500
3485827 2951664 3828644 489280 2766509 7298889 6778752 2940462 6369632 2740290
2219693 7225641 2517237 7276038 2288622 8387800 2204208 7234303 7578882 1570110
8569885 5317101 6310999 3504289 6369955 3948727 8596396 2088823 8800994 8869773
9305499 5706038 6481754 6276381 3926249 8847237 6865930 2494271 7299704 4218218
8552131 3387814 1451748 886703 3303246 3888885 9842930 7097253 8411517 1075167
8653298 1471746 6971684 9910202 7767018 7630537 6146737 116218 8544977 7205580
6666657 8959532 3528794 6807198 8120830 2882734 9742919 5622492 9566967 847336
6071170 2001565 880081 1326231 1092567 6884679 5455114 6407317 1994205 7095712
9824176 2108254 7360246 7313303 2781043 9116181 7182323 6925283 2103419 4292786
5428103 9428876 442071 8193677 3887307 5209893 1868627 7338490 5482329 163588
1026178 7636495 4425561 8786935 1370873 3844592 4471286 3308107 7522449 2777222
2359777 8204629 2653782 9317598 5833977 5617710 7592760 3746187 2447806 5536707
8756724 2286286 8246559 6927903 3373988 8647972 7969938 4168305 9824196 8081914
6037264 8006066 5776210 5949090 9899849 565975 9694319 8476721 6850443 2353195
9166264 1519935 29063 771039 3696342 5196900 8775907 1969624 7794325 6174198
5613612 6988948 8551915 6721111 7830103 2180659 1596512 4539319 5750035 8768867
93796 9862787 8970570 9277324 9222087 4458017 7764716 8672926 6318562 652711
9973016 9964100 7404039 4335267 1210352 4236008 2613932 7890317 3393739 702498
3097524 8388621 4937367 1889780 2982024 778183 7841356 2651282 2972552 9731023
7253137 7772969 5298568 5078713 4055846 4718882 5085426 4837450 6808883 913405
6790559 737597 4113033 6800160 3604307 7080669 835230 9482575 307258 6970775
2036108 6358197 3411561 5599418 5800344 1927377 3693789 9336317 4758388 5339380
5263532 2531859 96338 1540403 3212216 8277950 9780195 6911006 5347186 1152628
5587065 9551040 3803853 1439261 4012436 482055 6423210 2457810 5691194 6944870
4843611 6838686 3856295 6693908 8947450 4889509 92118 8956995 663014 1235793
6004904 5740833 9381030 2200862 2822057 9134453 1679791 3553108 5465639 9989682
878712 3034831 7719913 7978211 7197749 5764820 9536660 1337184 296336 5655610
7826187 2665090 6598912 566436 5811687 6784553 6356727 2621019 8049941 4768468
4520223 3551630 9437940 6937505 8283927 7707304 3026807 9023756 3831192 8000541
6944454 5190960 7324360 2479457 8252209 9059402 7345439 1087090 4527465 6357764
9815521 4751161 3519346 8527402 7301838 4267507 1388880 8208946 7251015 4196917
3714297 722374 9238261 6031892 2666304 1976323 9394194 1309868 327397 3633720
895561 1955087 9558284 6978800 6232305 8917326 1115612 6912604 4939122 1276354
8795597 9230985 7738169 4370372 3489711 9458007 7927428 5844977 172443 9356450
8582151 5429684 7974745 4884970 4282062 8567055 8259302 3349011 7238786 1413230
8030540 4199334 6142047 9764712 1278793 2537235 1071376 7711643 8824947 3346661
8509058 8686113 4840984 1293986 7668715 8302259 6899952 2986218 9376376 3280820
1637943 7088178 2388718 367755 8935200 9833214 5745751 8817432 7838932 8463531
2721714 2298119 8032416 9747206 8152919 8558712 7818550 6131540 2180090 949828
1111427 8103788 1797694 903040 2007712 2910972 2227143 6947883 2881086 2182914
380880 4499547 5641487 1824594 1787143 7742294 9732694 6359648 8419395 4819756
7535465 2917670 9737323 1337959 5625568 8008099 176741 8389498 6936686 1340340
7840609 6304946 6322407 5654234 8483688 9020806 7464274 8723458 6591765 1424327
5906901 6201084 4290052 5986204 9768497 8921474 4143596 4471746 3431390 3700635
9216690 9972068 1432773 3312599 6834844 6186365 1786796 4474115 8749513 8207487
4390950 2148635 1120004 7299689 7591692 3080660 1428926 3461795 7081031 5664390
6745080 2658273 967410 1081800 878788 2143586 4483289 195596 6484449 1459059
3328081 8578057 5779900 3716367 7256774 5151125 1972984 8736193 7491897 4343738
8540404 326667 2253394 7045445 5772597 9882147 3084909 2987763 5719389 2072209
5748232 4306928 7603854 653440 3039646 8320725 6829767 7825105 4144949 33863
6608674 2193307 1504709 45149 9939257 4225684 9773356 6008788 6379072 9747844
3854849 5704703 9587528 7119491 8974060 6076833 8068585 8840176 365885 2823840
8293094 2287046 6309983 1802705 6546230 9277123 1380753 8793768 2714620 497866
9047918 5732838 2683036 9483362 3844529 6265466 4376 6082801 495349 6960859
6288408 838745 8947893 6338930 2190819 9000116 2971671 9273779 4940856 4404236
6917138 6087689 2351149 6297495 942957 5696883 5176601 8318414 7965530 9765363
4696866 6659378 3415398 2964100 1651081 6606739 1058114 5836171 9525878 7929166
5847161 8478226 2841557 2738154 2624775 3496569 4743308 9866516 3073090 2692012
8861354 8041231 1749372 8284765 1925857 4685465 9589668 5293896 7028996 9193655
5956581 482283 2580385 5619934 9126898 8085693 1080945 7379349 4522525 6600537
7402544 7744208 1540041 8973125 620413 6954475 1278890 5376264 5415875 8955134
6207851 4341751 1224604 3774533 4202221 5238363 7076721 136127 9388901 4086089
3693720 1228657 1084262 8089237 8118234 3398802 2677596 4396308 4928057 744083
9470355 6509048 6722947 9717628 990106 7762773 6662330 9823885 3318823 2106906
4518587 5367898 1316703 8339625 8788677 7828665 7751681 9651319 2581003 4411028
5287700 1699902 8377091 4358534 9577493 1847308 964581 2885048 6603224 1594257
7589375 3239 6010524 6818207 222599 9588097 7132092 3503750 3564970 7334291
4082269 5812323 5050919 5836591 9387983 1618944 5033860 9970223 6226471 8332737
3740513 8628265 6485588 7618068 9008462 5765558 7500321 4223330 2073706 2311956
4617801 7618468 569575 7578744 1045426 8366820 4748609 3639119 2401467 4806830
1260732 2170044 3375981 7537040 2325375 3703369 1319329 5602414 5444777 1149961
7596840 7624475 883767 8117539 1852326 132101 8534808 7423789 7635740 8539023
7157236 4637119 3988453 5536945 1417684 4841718 4413689 6687389 3370966 3773561
6187188 4665470 8417491 4115800 9208174 1361573 632023 5440670 3968720 1194646
9575256 1673836 2277104 7579698 7260873 7549904 8744139 1881130 3495290 7320709
7087812 3893692 1522023 9689868 3756219 1071687 4673986 6087363 9525001 390783
9887653 7814410 988416 6337443 7505947 8526390 3676534 4840209 3168232 5370663
5723198 5937436 1500071 252526 8753246 8292729 7724058 842758 8058901 9675706
4833786 4930520 5068471 2512048 890144 8236932 3105702 9342156 2899818 7534361
6513503 4896923 1724100 610308 9974301 647691 9111244 5167721 9670010 4541283
3656400 9889826 6865610 6343627 9911492 4288151 4798022 9692059 2366762 7151013
9393135 6937821 2526325 5844491 4967429 5821227 5641696 6307173 1280771 162432
5358416 846203 4986569 1553956 645698 7075369 3147136 143872 1667810 2712564
7608732 7572805 2155844 1152698 5826522 6263734 5808587 6133800 2483044 5565019
3586659 4836103 8126404 2547387 6013278 93657 614802 2529674 4369671 8059226
4313594 4143325 8251356 3412537 4725128 3845444 581002 2382651 4024205 3973656
8445036 5661497 8879959 627690 9480358 5001687 1615725 5745799 1024423 2432571
1308476 525601 585689 5575045 8514512 904427 215808 6963950 5908066 6858351
3300208 61113 6011101 9862985 1188707 4498120 4650671 1301906 5147865 4353686
7584244 6736136 6915497 9043660 6415427 3133437 7309033 1825721 4752587 9022694
4676908 4239486 1251514 1596179 8561140 6406512 8935591 6548292 7887093 1830041
9920826 8289934 4257973 4474238 6505502 1616369 7872911 2413730 648964 2860075
2758137 91115 240465 5752216 8001898 2938341 4649512 2360016 5668940 536898
8913869 4253830 6939250 3343649 9071566 7308480 7383410 5686542 5297972 3533097
273452 2910587 3099964 2879198 5529520 5892456 5045091 7781413 4737546 6355382
9038460 7569710 6948687 3136283 6596657 8003096 8677783 6352489 2183042 4490430
5352615 3363235 8720383 671418 8736174 5468446 9772643 1293681 5834197 8353000
8889568 3039199 4610847 9968042 4124278 7967270 1764326 8342414 910865 8082630
8279868 9672270 2810405 6597867 1659405 4414113 6431885 2557434 4484325 822089
5207484 125535 7993834 107425 4354555 237514 2802711 5655914 8019286 705002
1803530 1945149 6780973 1725634 3740054 5717876 3827796 2420052 5029660 6183651
2451354 4311428 2752535 287114 6251781 372990 912229 4708078 2744689 6197997
7836080 7863842 2992164 6442697 3622685 1447147 1442713 5107082 5454458 4707285
175692 6110731 9633537 3995296 5218618 7671711 3326305 5524085 5086783 7508867
9027373 4486089 8408007 2144464 9684782 402994 4425717 4312412 9868429 3599573
6248807 143751 154509 559817 7142224 3606989 4549235 6683329 3074824 5501548
5072027 637677 6439996 2561567 1370159 8382122 5007976 7012444 2180484 1148515
6737584 7923289 5868355 1844413 822355 1533651 5244770 3956386 6160083 2836290
8928535 5265669 3817452 8114534 6042817 9165616 2475188 8789413 1289142 4642835
2756155 2265427 3219398 1269393 4507386 4326175 636139 1928484 2670143 92377
1095482 2458542 8048810 6712427 2704059 6983917 6575393 7199599 1756460 2166687
6210147 3461962 163696 7289820 122995 4293429 2100794 2779156 9152919 8105976
2506887 9954008 4384944 4862590 1895342 1627697 7837401 6796112 6719601 883586
8829154 3825788 6636455 8996139 8668071 2884071 2340596 3756872 4375988 8856679
2447408 655394 5420298 8346446 2672728 5625034 1172405 7661279 5149442 2879727
3179364 7488885 3486441 3970248 2975410 8644430 1747390 8996199 1988795 8753203
20918 8644866 4117230 2761378 1736661 704569 9303528 8351435 3326633 5521629
4402878 4907106 317061 6014234 3317265 9327343 1494036 3809103 3912458 5335298
330937 3463437 3702254 9183606 5012706 6331065 1297312 4707436 1724192 3565592
970669 8315218 5973796 2001198 5259783 9814387 3263501 8458791 4666369 4077812
3395243 5664715 7820697 150112 1925113 2140909 9814982 6333312 8238898 1476443
1984345 8813688 4874091 6982151 7917001 172217 4658412 5311550 1231623 8777741
6089846 4218118 8662810 6383892 8197770 107002 9193751 7779690 7473318 9568345
42513 5049516 336117 5662724 8470479 8263424 2997827 7726366 8745980 997188
5963641 331397 7433033 7767646 2011486 5452062 4168404 4210435 3394852 980223
7971234 9311310 8378889 6452301 5588702 3679334 5240484 4834649 3022275 47144
3577826 2014045 6975451 2080310 1713219 7799275 992546 2707722 9033117 2752707
6172162 242213 4248201 2499707 1985398 1774753 6395678 3316381 1499398 4653118
6218018 6548955 6679578 3787471 336006 9715224 3694676 1781458 7662614 8825327
9942077 6159582 7737000 8735142 2564322 1874903 8135956 2082540 1743340 8941072
8413362 4174065 3856174 4037008 7653370 7495027 1244208 4550885 5001 3548753
7039441 9416634 6676362 3984179 3386275 3634529 4110043 3064404 4997616 7048055
1954277 6223255 7904463 5467186 2046301 4415450 7133658 6281384 373231 8393353
3162400 2937585 3975437 1508307 4341751 7148442 1664075 7792512 7598111 8389953
7920590 2644492 5816921 8433332 2695041 4264046 5828090 9897723 3458453 6343472
857999 5321948 2806046 1167829 6150098 7191541 8496875 7830042 2011318 7292557
3769810 2554789 2332519 1799583 6207438 3080904 2001293 8878582 5528428 3562504
5459894 3115198 8927356 1609323 5163026 4114464 4019001 4336684 905304 7170983
4600175 2877876 4869121 8595783 5469406 6207920 385339 7924467 245001 4518847
4725738 7603994 1524414 4182832 8679726 1544287 786819 2521350 126801 8031463
2061927 6059148 7169676 1782743 6697803 2154066 9302864 3353974 6723140 234448
9928788 6802669 7031534 1583233 2718539 1365424 4967036 7053734 8041963 3720203
5508238 3739141 607591 2445928 4334396 1651243 1496442 7985688 4221244 208762
8001430 3097604 839674 2583312 5821928 2277857 7044699 7603416 4813041 1029063
4835594 8907905 6551505 3069730 2376197 7692957 7317838 6528111 2806973 4169242
7189901 1882113 9197970 1176329 9705106 5149187 6936148 1850573 117306 4003283
977153 4092142 7669047 5071445 446505 5990200 1670054 6209240 7538552 5829608
8628380 967566 6192680 7684902 4717138 3492505 7434377 4117832 1017155 6288913
7538253 5497803 457225 4789272 7303728 2091127 448886 2770822 9532714 625586
7176552 3263001 4288460 3356740 866405 9819976 6449732 4442301 8976072 7482531
8069085 3896258 628046 3538007 9793394 4790813 9823613 7375626 3538707 7704966
5911568 9470740 8618746 2902447 8371311 2188099 2417416 9777412 5029123 2555045
68059 6368195 4075079 4706724 1832975 2451897 7947326 8100497 6312224 3487389
5090187 109868 7543061 8539202 6557078 356504 5661022 711786 7770294 4737259
4916550 4082640 5219379 4276543 5751312 4813020 2040570 8150246 1028469 1872490
2395926 3455243 8503895 3246254 1148739 8507139 3821710 9838567 3732181 5143487
2368904 1595407 7912984 3624325 5209702 8992271 2443780 7781170 2825018 1072574
3942647 4588333 4195471 6569197 4308624 8986489 7362412 128642 9014783 3192169
9327626 7959345 9375599 2940887 2845885 6321629 1011450 7164789 3828389 3789371
1394785 6865330 6919701 6931749 7165811 9576111 7031010 5220855 8601308 2127923
318215 3170182 5709329 4522735 5919414 4247661 5271704 1144597 470435 4622606
8155920 7929052 622397 1365390 7841055 6210415 7382889 5351936 4600767 7592797
3611247 3673697 5040510 1168000 7722472 914968 9862988 3093798 824412 1299663
8323029 8978935 6204729 1920813 7580212 1506837 7282409 8915639 8616505 9946811
5144250 7779886 8367820 3893175 8624650 6463301 6432324 2804020 1878879 752319
7317661 7872487 9118730 5131310 216985 186442 1834713 6213460 2558297 1734590
7761687 7890480 1698596 3421962 3600475 1242955 6545711 8338873 2616276 6387610
7162963 4774424 6736490 1994075 4807037 6466546 2821182 3837194 7983911 7699663
3327856 2885253 7426519 7099652 4378214 5280984 6914422 2825100 1106713 665820
3464279 3558977 2159649 9380619 1142517 8379579 2925751 7606115 174776 9095407
8953008 2783912 2606177 4401315 7965478 428039 1813979 4150808 5092896 6681105
4350235 4583802 809875 8030397 9447725 5547845 6839303 5346625 9460595 4291940
1504897 7121357 2098670 5252534 4447571 3151688 2527613 7559408 1794440 9184540
9632667 1648514 3748947 657387 2746279 444539 2265730 6867570 7874857 974887
6145084 3004380 122503 3179131 3170314 2107391 1021449 4848251 5441009 248060
4705346 456262 9535516 2852422 9139855 8087924 5459953 5021354 4708502 771692
1380359 8832303 4318865 2962233 6918755 1913400 704340 9327345 2837488 2294179
4513501 7950073 8430355 663307 3196482 3550341 9932733 8088597 8578381 5750684
8076788 4053425 105967 1323542 2082420 4882438 6993558 3425979 5241795 2677109
3679881 9205267 3566749 4590852 3362581 5121381 6405077 1524273 8326130 2154967
945176 7051678 5777315 6224637 1382392 5362185 775958 3467209 6352730 4637623
7627448 864188 9558995 8944247 9075733 8853284 6424361 4364092 1895311 7870018
2064824 8870996 1469154 5122248 451317 9617522 6757514 768550 7285005 7569829
2961246 1292107 9466779 1904789 6829567 5718499 3346622 9115932 4506955 3655227
3552051 9175394 8239855 3132208 2467449 5831537 6984846 1792039 4396075 2335086
3423548 9820123 9943167 570514 631673 1439294 763302 9994999 4113338 9120039
1067539 8551591 4021956 457261 9156470 67624 8471389 7486595 2109699 3109525
5553710 5773861 6169306 9458196 7247844 3458165 5105852 5333295 8807994 5304331
8916486 2883702 3605747 3184826 8923342 5036332 4771968 3863637 6752139 4925279
592939 3592885 7424174 8084551 1706307 8366314 4569641 4486074 7321775 9690962
5747276 3219109 1329769 1555382 9411807 6310337 3076431 5007775 2205334 1532446
6370807 8475261 8881388 4303467 375355 6547414 785984 7588758 6912096 3081986
7055085 5964400 5197815 6284485 8883971 3990600 8809776 9002277 2730764 4710095
9381602 8361795 6427778 6270611 1553075 8757983 611375 9579640 1329074 1636806
184877 3873716 511440 957299 4250111 7422978 7983555 8872597 1525350 6270896
7814288 3016025 5965849 4199597 4895250 4751701 4086374 9599997 5160258 3983362
4382779 8023129 9262901 3438137 206005 2736878 5148434 2534092 807891 2949742
6203186 3673950 6875198 5293140 5641967 8140466 3781633 4333623 5554657 4651566
5661609 1099712 2285242 7949777 1413333 8730848 632748 3010566 2117612 619912
5087541 8036593 8211324 470378 5657770 7183946 9554286 2003574 1282719 3323218
385905 2330315 4188460 4704850 2865667 5607400 5553359 9587666 8214773 6283145
6829057 5344152 121919 6885049 8751344 1803708 7178911 3957733 2658783 9147760
509986 3615553 4878624 7270576 79319 1617938 8218050 8335885 8997114 1322
5777355 1480531 2941751 8973127 3939685 4520391 1035968 3692424 1390010 9409106
7376669 5432041 9124422 376529 151875 4360009 9157752 1223451 9074053 3127204
1750491 9864975 95679 1049753 3169526 5652943 7372277 7482575 8290419 5346003
5546902 6792804 746119 3521587 2818968 1175615 9776861 8081612 1654228 4993035
7958098 6568418 1464494 4548194 2978485 2768999 7923378 3629547 8624560 4180778
3402534 2662537 9388147 2685734 1817780 235497 2416787 6794215 6379230 4079988
5949326 3930252 7668657 1621864 8696093 7364024 9238060 5784163 5829961 6023957
478402 2225518 9056380 9273420 276400 7227283 3878532 551739 6801691 6865102
9400956 8089711 4636695 688500 3151712 6562974 4354473 2084130 5472253 4633427
595842 1895661 3428116 3855114 4009340 754483 6137652 9564315 4054014 149799
3826021 7538987 8147186 5429752 5230378 1037540 4725839 2293012 8406999 2470710
5086852 1859674 5862897 2918779 1851868 5377261 2411667 2695481 5835358 9718989
2714488 10079 1332929 6713449 489277 2494594 151315 5393871 4953214 1461540
3445008 2540302 7698753 3809029 7680001 726952 8917081 3551992 99374 8136989
2113844 7315022 5460896 6192195 8708052 1661957 8246440 2950008 2034316 6012920
6763237 4972946 9046299 5154329 5327097 7997479 9599117 4516748 8555320 7263570
927915 2929581 7260374 6209810 2893630 108562 6746113 7417125 3865727 4042853
473798 4218473 9372105 1271545 5994426 3707057 670618 6588900 868144 8526206
7141600 9667490 4015077 4216901 7502470 6544678 617678 5085284 4816551 4992416
3627991 6692483 6980079 1807810 8895128 6628233 8923241 5500634 4808114 9426865
1885279 2660330 8472096 7932901 4496806 3502593 8531361 4102739 7232249 4068361
6684648 6371247 2663776 2109438 1026069 6228481 2931347 7368083 7813051 4400328
9905444 5576161 3231934 9025843 4890807 7950665 8809285 7833583 2469224 1943212
7430571 2872451 4957279 4485326 2278866 7194581 1970408 95786 2360939 8301122
3796938 2098662 992780 5349105 6632492 8152825 1318590 3973131 212145 6172634
5948757 3036552 6397232 6277616 8976138 1743009 2279526 3550016 5428158 2140173
7269213 7414032 8438570 3098544 7443630 4952092 3224210 4601248 4817816 6342422
8235627 5553 8229439 1159456 9534484 8311589 465137 2465350 2298506 7936421
1176061 8761414 3722673 5313484 5562346 577245 6662364 1315971 548850 3811704
8587450 6004552 2744786 6487021 11190 1136222 7838128 8282616 2773387 3402720
3677145 4688167 4662366 5243878 8036974 7109729 731887 5733422 9357559 9025098
4546194 743680 4105033 2063537 3983563 78605 2921800 8919884 4471392 7404954
3607471 874673 788120 6040314 9753487 8123189 1274186 3324644 1373117 5328367
7686633 3703740 6695222 8617191 5501508 1021104 3175040 7011369 8223725 415207
6022824 3540222 2907635 1322259 3736937 2693250 8265557 9385050 7871909 7671754
6805041 7765904 9060722 937247 8151468 1198060 8524471 4829846 1067553 1173150
8040977 9201229 4412232 9519660 2867362 3617387 1499755 8612560 6219929 2755841
3166465 9286345 9107307 1865580 3527865 5154426 7717061 4553616 4012617 3426570
1387825 4322317 4793625 8608783 2779062 1268814 9357346 4985415 3437670 2004829
5073162 3370789 5209784 4944247 6112565 7041331 1869022 9924650 2469442 6059914
3404611 8426288 834683 7569224 2350110 8112927 2090877 8059324 4177223 6763826
9744412 2352658 7613095 297302 8486391 8724096 593532 7641431 9875669 1650286
3469240 1779359 3312113 7245930 1970106 6309052 6871090 7151644 7282509 5700300
7594251 1267095 4304221 4937643 6499549 9381659 271656 8246116 9154996 6155531
9410582 7390956 8565106 8548465 5889772 1760015 4597480 3383960 848388 4042021
9543138 8213254 130869 9718989 7069943 2727447 1628604 9396516 7589764 4113363
4191789 8150242 8202818 4623774 5879522 7234771 5615547 1518651 3661956 8794243
9681297 2492778 4737212 6621836 4529619 4732054 8058309 2831388 1185216 2391603
472714 1114289 9225906 3042856 6883577 7994726 1698198 8863141 3014675 2532155
5791985 9250497 9844009 6314769 2818310 3756000 8180247 9434351 1451963 4522681
3726417 6718122 5792132 2651456 2068772 9112650 8978625 7489023 2878047 9464330
2194672 1468490 3342002 1039366 2205770 5501623 3108962 4885012 6910013 9202793
3283351 4471009 3458774 8371845 399082 8554762 397524 1234736 7402271 4259236
9112833 199163 9506161 2180665 7792461 1323089 8938942 5813942 5948558 3394197
686141 2858896 7317870 4514454 7339130 8487224 5491850 5170928 1700878 5841832
8890016 4724564 8586313 7828745 1339398 7703591 3525462 4001925 2773688 4387434
736515 2091044 6882526 2218133 2960394 6923016 7723944 4619852 8666357 5830747
9187506 5402675 3935152 832691 6386989 2062031 4549139 5811239 4427200 5466734
1804629 3374690 5333052 5714335 5085756 9579667 601200 3548163 6070130 8885704
2211128 6809107 5150243 7511544 415120 709046 4278359 1542033 6899209 7366980
3080055 1311140 1402949 1871983 9219845 6590231 3658697 2822926 7323296 6165223
5442131 7041589 8907510 8307276 8717144 7580130 8520736 5383637 8155314 2786732
7127252 7241747 2452516 9330274 6618578 7017360 2055258 9912888 9298202 7260174
4790793 4944837 4689819 8951112 4730099 7029346 5133230 2190616 6446372 7956021
4052095 6744884 6082886 4307477 101436 2752335 9907015 8495106 5016121 387001
6394182 172130 4548725 1799578 2970272 8980399 7912814 5000516 716799 2828379
2661955 2498564 6845404 486920 5578924 682679 7885604 174540 789816 9039739
657021 2993556 5385219 5621362 7502578 5091546 1986083 1765241 2508207 5251058
5898070 552188 9294591 3410216 3050644 2403783 7295719 6940662 6664463 4199811
3643937 4092988 1086802 1480375 5479077 1679052 1045746 1705011 7014557 7779583
417202 4734858 1435069 6070934 9156548 635528 4286753 9634853 8478748 2675683
9613487 408484 6091641 4327277 6392623 4629851 1658580 9425844 2599500 863797
4239069 8190521 294662 296202 783318 9077849 3409274 3613143 6041609 2926589
9569391 5855928 5178297 5050258 4387603 8239910 8530724 7475254 2994409 4793493
7021529 5456373 5234372 560172 870595 568711 3067798 4981835 6114858 2056732
9918125 9659109 4371050 2524888 7225618 7539827 4545328 8724620 582441 7559599
7274666 3055583 7224608 3806376 2280418 555870 9318363 7154918 2703049 1902481
3848340 7248314 972996 1615486 7071825 3822740 7635891 9618297 7901371 7807742
5469522 7207373 4783972 3423910 4105688 6587192 2337592 3063578 6551586 3333626
5466077 9280262 5908805 2872728 3608742 773019 9250188 1588253 1221814 9596855
6381132 2479097 2414535 2329482 8788224 9167526 8074710 2972326 3860038 3009105
977177 560634 7283030 6849289 1128727 9365909 9196038 5720784 3074102 2410122
9634651 5698584 3317337 708462 990904 6022953 4809587 5121646 397252 7422059
7787707 6366513 8844675 9231872 1814598 2148611 8120526 4033476 2473130 6845243
5216298 6982073 2888524 1781973 7796222 441358 5133700 6136555 7324831 1528910
1640141 290466 970803 8636817 9990028 8774428 4907347 5356831 3132101 8155745
8340849 4056697 5387101 7761577 5680361 438366 9193630 5999316 8312974 815793
6829167 1419120 9166665 4398774 5943748 8838151 8094136 4240149 2277590 6081440
8820921 6160482 4323151 8668733 7257739 1022979 8066699 9648458 4692619 4545842
1667948 664300 9946767 4865477 1427025 6520076 1562463 2492502 374628 2450177
38318 3493027 5330618 8433182 1048089 8541008 8520379 4509810 5905324 6656116
9169124 4386372 6215779 5176499 9958812 9128608 14348 885196 6729103 7493606
103044 2523761 1116997 411759 5706540 9099925 6146087 2151860 534097 6267234
2553108 968019 7351844 9546776 1585115 5668329 93479 7317390 4815868 9188505
6374553 7150715 3417428 5766044 5731423 8832796 867996 8247315 3018811 2249695
7684180 9378446 3459729 3477064 2607152 8937512 6164106 858916 4321782 1920911
1263592 6953965 6171538 1659169 6634342 2985477 6355408 6972096 8443451 566059
2759695 5572002 4922894 8075883 8175670 6453730 4475723 8002335 4950626 1979646
2726465 7088840 799332 8038641 9559959 5480015 5789210 4206491 4956949 4773184
6092751 1959956 3953315 4087935 8281333 4018559 4653595 8004279 3695459 666474
5581606 9584441 629506 523670 5432842 4458881 4752284 2397163 967573 4451493
3270610 1923996 7154757 6824075 1990043 2008851 161998 6549877 6051025 5204481
4835892 127473 1976344 7707894 8766655 343517 7428173 1477814 9961117 4404347
6085224 8896386 9112848 4026200 1206714 774450 6627908 9998153 8630416 6628229
5210271 9621810 974837 1913741 9706361 9172894 5134513 154080 7452144 5852629
6633735 3651441 4285943 8827632 8164972 6877308 8909267 696390 3476009 8364827
360818 9245722 1078836 6153161 4650897 3342368 3567737 5852126 1308610 3357172
3289830 9028034 8521851 1426870 7662425 3806149 9819494 6944086 2064530 6628419
3434173 1693291 7476882 4888587 8864894 4804971 1355614 1430741 6987986 3436158
6223234 6143497 8220117 4759842 86444 2379761 8340452 2901282 6472596 6964050
1205323 2305655 8837276 7719758 6827210 6489031 2663261 5791926 1594901 3016456
4557578 965997 9661022 8946588 4303251 2951634 9231599 6905715 2420822 6136890
7651024 9158316 6749139 1231600 632081 6217127 5611661 1940726 9209471 4566225
1746403 5351473 3930291 364725 8132414 3910678 5899754 4071775 4859065 3255448
6138996 9757735 9353493 5570589 3529389 1279456 905805 9889446 7888165 7721255
6055902 1186165 3481759 3890150 660033 4762808 3931846 4123696 560827 548140
1491974 1302483 3338240 2881828 7557350 4856682 229065 5402004 6781375 7514081
2983554 46878 4013195 2104487 1454421 169479 9048804 3645887 2617700 2364196
9268641 2857813 1054866 5449378 5858315 642955 2068083 3389564 1081229 531926
9791421 9967524 2017519 5084699 2154974 7623987 1402334 8651516 4520374 4242291
8011485 5283636 5520704 8846555 4072010 4241215 5443125 345363 6028227 2234694
4311012 6375631 7967514 9742007 7020030 6882131 2641188 746700 2924750 7509221
7371620 5345633 8617435 2621667 8630739 353886 3161748 5057703 4475831 8184064
6704419 7090805 8543687 1459834 7308497 7560201 9606572 8129819 8474535 1038343
9490601 2537903 6075686 6618811 9623533 3765048 716618 2345159 2112525 8941127
1509777 2545922 272478 6897354 8005297 1915197 1090577 958564 2378173 6533419
2878589 1750203 7125511 9148495 8975054 8252684 3720946 4748492 5340553 653706
9913953 6409906 852807 9675390 6699142 2508648 3652069 310065 5912557 1511401
8586730 8738190 7563120 4510470 9196597 3434966 1486015 8361551 577830 5413473
7791185 7321336 5303158 664039 6730652 7206630 5003054 2248938 7746730 9376734
2574619 1692250 6572554 765625 5706396 56019 9963784 7794366 5348253 25231
6888047 3080901 323893 4255560 5151760 4289210 3606974 1101180 9849472 200672
3973032 6929912 3869236 9725771 418033 7141277 4436516 3974489 9879611 5713159
1566748 8791311 5636137 4506852 8903397 5619531 9628316 7771381 5165429 3730813
8022080 1085475 2834112 5711491 6710825 6535161 9362609 64648 9356430 8979992
3944519 8745440 5996547 5800691 484236 8221739 7968699 3159528 2498279 1999870
1195471 3234641 7255191 2351208 3836995 4632216 1596499 485178 2339488 4470442
5889814 1058907 313203 9804843 5743541 8631185 9603149 274200 522954 9907027
3486025 7858186 6558290 937499 3393968 1793359 1686275 4950336 9842989 4246566
8534723 2682538 1456566 3732084 294082 1787314 9907497 7669473 7331293 9189570
3519050 7404564 2493398 5742192 322387 9327730 6985685 4974287 9764076 629209
7778734 1465324 9951250 6043856 5732868 1278598 6927134 527249 7974894 2937363
6141928 8714030 305279 3295803 6256631 3215429 9236638 3766260 1668242 1883238
6098240 3004661 3766601 2825118 156009 2535823 5503049 9766198 7818173 7662294
4398796 708558 5707083 4315759 925681 2765550 1553299 5965031 289973 1210469
7255772 2943331 9488254 2860912 6990859 5028617 9568035 6498 739962 2538749
6709708 9615918 323645 5248389 6412380 7478312 4583276 6265526 3375295 5910555
9899582 8358580 9018969 9149484 4826615 8281835 1344883 1434636 2856072 5859542
3246631 4070649 1713978 5938590 557626 2940702 6531698 3802566 5256458 1230218
9944608 8722449 2637223 8148064 7660655 2247221 5289821 3346725 5842827 3691822
1997027 4408943 6153086 9623291 661671 4634224 5524000 2864420 3447140 4050434
4746914 7241330 1443397 8396156 138272 1223810 6765484 8930570 2046689 3300307
5939965 2484064 4004442 7068552 1516281 3399156 4007131 3145269 5678469 6427682
7233325 3008157 2602006 858259 5360136 9732497 5825661 9244142 5806340 1628212
8891009 268496 4244672 8123787 5257336 1459953 3370287 7684830 2241127 7630768
8719854 7401492 9959184 6891527 7136403 2365118 7404214 5628688 3964314 664647
8235096 2130417 6072209 5396576 2217174 3648976 1342713 2193283 4799741 8308274
2253244 8589557 2638131 7710004 7330757 3951073 4592426 6882526 5885531 595417
6508038 4356702 3309025 7254025 5517831 7564354 9957278 3378499 6366216 5079120
7286277 2413736 2848006 6245457 1477713 9060719 3484686 4516409 2780867 2568040
3186716 863254 558309 5567844 8582628 4169858 7296058 9331495 4467762 6155089
4371558 2107164 4595123 7869507 9983185 6690292 7602673 4934855 9970423 8953430
195692 2397764 8066768 1269408 4391597 7484260 1290995 2102443 245086 49137
341215 2236333 2565174 8245768 6351019 6766756 5888957 8743672 4267640 3614141
4207888 4680061 2912839 763853 8287072 4198711 5307117 1541218 6423346 3082346
475128 4469134 1634373 3136299 6545066 8054052 5747234 2462981 8133375 8913601
3632227 2253851 9580440 122198 3357003 149250 7444618 6906847 8107195 6157599
4156152 4547957 5884046 4506883 9894254 6147634 6524646 5256877 8177340 2064738
5652365 1865615 1023236 9024815 5136397 9844623 1655871 3035942 4847251 6886036
4244310 1454755 8245211 8185978 9619291 8499789 216838 8679363 4332570 1082005
1878664 7266151 5009600 9827552 5628980 5212252 9118652 4161698 8235839 1277542
2236302 6165933 2755746 5114344 422900 6557200 283599 4531792 6220958 211777
4028153 212219 7611868 5400810 1507447 6576424 8965830 2449104 2341477 4423554
3690982 1980533 1585927 7857589 20485 5090811 7829543 5891993 1967995 4898421
5494753 2983102 4206950 9682041 3839329 648510 2144229 8309555 3696611 1255853
1016526 9550969 4228445 4543711 9225132 4097850 3177918 441987 3366603 7899277
3114233 6795506 3522650 9516635 8277240 9589047 1741404 224347 277112 8309577
154476 744122 9158130 4193965 8559527 99884 7263000 3968918 906902 5212960
1012052 3518773 7016201 8880364 7422279 1832974 174668 3828588 1447210 1629567
7260367 6270911 4992920 5452223 8851690 5943605 2728651 8366493 1165293 3596812
1493985 8221357 7785856 6660627 3023993 9286648 5967602 5789551 9891191 5320350
351691 8360506 683729 5672538 6838204 3743500 9081112 1282337 5904816 4695033
1243980 4678581 4379942 7873566 5447054 6641985 2126853 860438 142325 2304645
2255141 1383936 9665234 8712489 4564173 8839379 3879669 5884770 9183189 1584479
215239 9406891 4824785 7978893 6962892 4862850 1441200 7411689 1459617 8770687
4821647 6511827 3329587 6313453 5889896 5033695 2622924 7726423 3370093 591957
1970278 7673309 3961527 3715978 8784664 3615941 1373419 1997760 6253152 2023711
5764176 571152 7706796 2857368 1287232 6893708 8096418 8964868 8072661 8092568
7084023 8466579 8167703 2489900 1931181 2457792 7318522 6378141 2661016 2835211
1689672 9572697 4158712 440658 270628 7222422 8685681 1832981 6997711 8009292
7808478 8818382 5579230 1061580 9210618 3794809 8807877 4385745 1994592 6860381
2370472 3180461 4036017 88718 91106 780715 466914 2795161 9723239 9564724
6702648 6334177 8429705 4718938 7370707 3748882 6630006 7010610 1071046 3127762
787140 4313011 8482201 520712 6192889 2244854 3515741 5255227 6117798 1619163
5809129 8579837 6109753 1966593 1972774 7747468 8048134 3163508 7092399 4682384
4738454 412302 5833486 8779852 9954370 4584518 1196148 9363408 4308231 106
2196294 8257126 3528665 2748102 4680514 6123664 2959361 737617 6302311 357319
7889664 5484314 1080140 4743053 2787677 3613254 3830243 7373045 5670851 3815397
7754758 6599592 6234328 1793796 8860353 1339695 7344229 3861796 2183521 3104929
6558774 9697819 7509164 2243745 5359818 5648642 3995630 3730294 1458158 5170901
1409058 2519560 5977726 5718869 2794974 7013521 4958992 7469452 4547369 1802032
2185190 2800541 6302935 5975377 1719694 5004188 8941471 294331 3389146 9279742
2818866 1665999 1627121 4412080 56581 9879691 8132929 8813943 7093591 2418352
3423205 9219208 8021155 9246841 3735783 3120127 2773952 2985747 6736430 8691085
7667205 701726 4876042 1102847 5911545 5041982 4874009 2386962 9464252 3757704
5441402 5962398 5230918 7813954 3208428 973277 202932 891806 6609547 6793881
7873931 3508527 4543857 4219031 7398260 1323051 7744662 3773298 3768545 4451892
9142205 4368657 1896914 6463890 4676696 5833005 5814834 5473284 3740883 5224948
3068357 4581751 9186058 4206737 2320239 393611 7805553 9406209 6773887 7819286
3163659 7609026 40503 4398984 3376973 9149336 5353753 9267966 6140152 3464839
2742381 7183330 7221690 1475781 891488 2871783 3661309 798387 5633141 1348831
1973652 1114570 7825692 4525650 3131213 9769679 4324299 7126603 6686371 5530024
5144370 2920318 360650 9357469 5367242 7561374 6878371 5788958 7079236 5848947
7308903 1146228 232604 2325363 8479652 8800399 7781517 6680243 3652901 7617358
7479691 2911624 9340797 54243 5671097 9265306 6667951 1370948 6642409 4899025
8889817 8516599 3103141 6508254 148981 5204350 2537413 9084419 1560128 302816
593274 2750500 4095194 736152 9354667 1535109 7263221 5372106 1208869 1935432
8045383 9974570 4585662 2928457 883813 8809664 1710180 2280658 2421173 80211
6815788 8935463 1880854 938208 4699065 6304706 3291467 3248673 5823996 8233710
2202700 2423202 3157560 9048850 9295306 2425467 4164677 8190048 371278 2232590
2001835 1584889 5489235 8330054 6655593 9929557 9913374 8166659 9270412 9356374
4653324 572157 5803374 2976343 7700741 8572635 7566430 2096455 4132510 2380384
7553593 9519991 2399785 9891494 1314802 2016788 1726149 8560231 9987305 1259305
4507291 4944616 2742911 5074090 1425807 2331145 2710407 9140967 8202348 6539974
3529112 7157803 4263311 7684437 8477832 5775037 2034638 1076240 2789734 2862390
4408167 1231749 1090553 3171498 5640349 8733806 9774807 6527262 8464696 8086829
5609047 1196834 1978554 9232975 7992635 7043214 8727437 1808182 8200973 2058465
4020321 2949913 2803308 977164 1307041 1941402 8225850 5581707 6916870 9684844
571398 307585 7885668 162554 2001547 3323654 6459020 2393759 8854936 5009785
4419082 5001429 8316183 3123457 4543029 6752970 5416043 5414016 641551 863457
6779488 6670587 3187446 7784739 8153869 1382890 298690 3052075 3264633 2028187
8732048 5967991 6332047 6310758 4713387 7552024 7338994 7533369 5849045 8632939
1029740 8800164 9586617 8456368 8032864 1500562 3725729 5422017 3077849 2290810
7509141 2668357 7770950 4962548 8370611 7024309 2968384 3833433 996338 9524113
6047012 5490621 7637821 7949904 5983881 1549030 9100605 3725729 116418 2612353
3203167 4789800 2940975 8733807 4119516 3084026 8132933 8075786 8657905 3233294
9077684 6067540 8023950 5904777 4425193 9311316 3776977 7908889 2177051 6141900
4518364 4080286 9426756 4298501 5084001 285498 9819838 5837383 5144830 6444629
6811010 9050768 9174101 6261101 7674255 636934 7566308 8118885 4090145 6817906
1881232 9689399 8392513 1783293 9224855 5248463 7459583 8558896 3369459 3210439
3290511 8395576 5767851 2178801 8905345 5250639 7483978 3142412 6292864 8281237
9566162 6920230 5403223 5691056 6455485 4853261 4195726 1045742 3088881 1329359
7103909 4887696 3909771 4375801 9410319 2489993 4042868 38529 2897699 7061738
8137664 4563393 1912351 8897850 9339899 9143549 215664 8645113 1462040 3913870
8709205 3001279 8414381 8288020 3257347 8748053 8670403 8823960 5494067 4046242
9255146 8689512 3939668 940485 7269523 8018613 3348067 6683533 3053427 1319487
7803445 8855375 9180884 4080030 3431955 8094351 9646237 7467298 5434336 1649914
8777162 3543505 3179355 1383857 7356023 2141989 8409295 3181806 1506699 4670770
5191262 8898539 2056858 5818247 6393223 975126 1726029 6755687 3509690 6594166
6508882 2976624 9172939 8063166 5552890 2587498 7080276 3379843 1996590 2292276
1644143 8309695 8048938 8225749 4708301 5106633 887523 5011273 3877927 6944756
1703501 9199983 2145759 8672001 2142604 1647598 6132468 4341271 2610138 7976200
7581406 8410133 180668 3022070 1109901 8419714 6925099 9368782 4148770 8436341
1144028 102830 6495877 4582973 6266541 8676567 5239257 7245666 2221856 9525807
2419464 9716165 465803 1518138 380964 2337836 6082008 6847447 9281768 5769737
232341 5998607 7578452 2493898 7855891 3781465 8111025 1919548 8797878 224675
108005 234746 9255684 7691092 9780787 3044153 4767361 9970466 5721247 6228081
4016789 8676748 146452 3606885 2410509 9437398 4378435 6157389 8081347 5341925
2698610 916033 7383676 8634797 6454575 9211245 8412615 9245891 6855259 8712451
4619777 6359248 497988 9273717 990536 5303645 7265725 4038858 2212233 7171146
8023592 6896968 723791 7580749 862921 4238294 7430833 9830957 6479190 8768762
6227949 8062458 6367203 5400819 8216286 5129960 7401680 1030265 4176088 597416
2464743 1477379 8300669 7087386 2216426 1151937 4328743 2816573 7186234 496676
4575612 5680872 3235343 3815115 7904509 4362046 4319928 1970659 2981349 5541389
3668686 3874621 1677875 3019085 1288036 1973879 2383387 9115153 9875914 9266398
8818981 995886 2437614 7214711 4902806 7457420 8294203 4783679 8219305 5686429
1811902 6185911 5598518 5979084 4866688 4497282 7065907 42647 4564445 529241
9435534 7549723 4249399 4711709 832632 8713037 4663126 3794245 5393779 766659
1822398 3929162 9348764 4853904 3216376 8210716 9912070 6736518 8852416 5796543
2108063 2047325 97786 9918752 5991289 6590030 9331577 515897 6922457 1543869
9630708 69380 2588174 6930550 2747275 2604995 9592718 2524521 6343147 1646974
4863699 1118945 6809506 9265962 5958865 6011240 2050859 250408 3316303 6656490
1033739 3028065 7582973 6723394 2079871 4119520 9163631 6932474 6181233 3333328
2157206 9375699 96653 6876764 4896897 3202093 5017696 9740752 8509997 1877750
2540994 2182274 8995392 218431 4674251 2591011 1391543 2544060 6289048 1762524
1505608 1407949 4598024 6827514 4212691 6972534 9755426 2560012 8738958 3359292
3829734 1875945 5211623 5661372 5866682 5525497 968419 6931227 3070967 8964287
1316097 6594298 8800892 9654189 8031717 1077970 6020365 7894496 3226078 8798100
3807553 9981552 5525614 7710325 8249909 1289554 3739661 6497759 791811 2055773
8576955 4283629 6640682 4423742 9130098 7425076 127865 3270847 4138124 8847866
1303060 3790138 7744100 8014294 8459672 6213550 3775743 5326149 9995473 5878458
4845573 5591386 8025441 1466718 4357283 1484301 2121248 6566575 6788933 7139459
7155166 1109877 2447016 3941235 4676784 7853181 8590212 2886969 3220386 5442660
979950 6055414 8589572 1043602 2193073 4722919 5551821 3961494 6260997 6594239
2184913 4405297 7273423 9472953 2286232 9538063 1862581 6950473 6475103 7790697
7634260 1469991 907355 3785248 1755056 9322383 9690693 5078925 2541831 4840594
714977 3704351 3343771 3663696 9185251 455827 8371382 7978091 8747643 4431372
1903937 4686074 7341481 2848492 7073362 994194 2478722 3645781 6586296 1561653
3730149 9715608 1905383 5541665 3152263 1576531 7802401 6941694 4638197 4182144
6991941 4685524 330235 4806026 5375632 1794413 8470701 4546673 4432115 5961527
9127656 9180074 3034827 5242276 3038733 9530962 1842304 7457417 2485570 3242029
52334 8154831 2961856 3642828 9135373 4770515 950127 156350 4215257 4454756
5673889 2120278 2396975 7864953 5774220 1289954 1209563 3732241 1476388 7691864
3217606 4629545 6168306 541518 7287098 9002326 8655619 8727207 2264267 4983130
968677 3332131 1146479 3598345 9470343 1342782 9667701 497758 3809048 7458998
9296313 1498539 3058660 7112075 5784082 1975919 8736412 6422298 4583678 3836000
5877987 7015020 9357617 6045585 1264997 563888 2413112 8020493 692565 434770
7471040 9186624 6300693 1828383 6382620 9497269 9867823 3766298 3480478 1310051
2025310 2351676 3602108 3163649 8496977 6988730 4127609 7636672 6756090 7053456
2367565 2930135 8469922 189230 9073369 819665 3945935 9445151 9994015 5497532
5195495 8585012 8673146 5241022 722114 927202 5343976 7253640 8960646 8857453
1975577 8262171 6555410 4433345 3777104 2424599 1331055 4428324 8352153 1598555
2646372 8282603 1571672 1496914 2503651 92898 7651173 7955102 4243361 2197193
836254 5937609 224109 2330217 7980706 1188030 1440105 4847950 1301220 5201385
9382192 6357480 5517163 618876 362469 688291 9291496 441413 9092530 7081730
6012245 5845534 9515126 6872280 1656331 3572229 471118 7334203 2983284 9132768
37835 1703886 9304247 9034420 1976919 1005666 4460727 6848822 4184851 6689097
1378324 720119 966017 1836446 434162 8957244 9395547 2568371 3819343 4065043
2103652 4456812 7830368 8273950 5225991 4809122 975101 8800711 7530171 4999216
8088719 9342608 1448729 5106001 673319 2065281 719473 4234456 1317150 9460042
5480108 6998371 5004348 1457660 3089722 9067746 1929169 1028415 2238035 4560036
5003210 2806059 5436760 3190212 2179624 1208740 3776900 8081250 6690661 3472544
1498638 9880260 5929120 8962544 5817966 9151291 7709975 3247226 5958360 3408217
2666612 4636911 7981142 6496381 1657041 9029741 594220 790403 2439007 6990865
7643889 4147662 1803296 5641684 8398641 7524964 6776478 4454006 3861721 9375756
7047842 399996 3094539 1131910 4177207 3139406 7622578 5690482 9722486 6590159
8333942 7947901 1763988 2042134 7707890 7818630 1445266 7634647 176294 1498461
7755287 4376144 4392142 2405837 1738510 7876613 7813034 8146339 9688041 5207340
926597 7922327 6536360 6448582 2891340 8594767 4705396 3780123 5375231 7993433
6045123 4967225 1230016 1544998 1068797 6439098 7227968 689391 2813057 3802504
5079778 5400280 2392309 5934560 3535333 8034268 444100 4948495 117281 2153568
2441978 765261 2225433 3455743 110966 3094107 8577189 1886672 8822071 1336101
5766349 8987476 7988499 2610581 6422692 2676602 9842859 4621158 5062787 6474818
1016902 6173866 609698 4896672 4792867 8959492 5239697 9172371 5269866 9496081
7985262 8175893 8098930 7535323 2055254 2209766 3404510 4793022 802917 5210401
7583448 8471838 1778716 7915283 2126820 7283255 2843545 6447467 8687768 572067
5279913 5003774 5108024 7457179 8714511 7772109 8480900 634224 9045627 1883559
7384042 8229347 4528329 6377861 9986665 4918756 1542011 9724061 8682531 281765
1893825 2677610 1078187 4541933 3553336 9983706 4596406 22916 6471981 6102022
9363722 3388240 4204971 9679571 2669679 8851721 7319191 4766528 6710521 7857533
1430582 2237706 2611636 3179731 448152 8704147 3800404 6979100 8887035 3141416
7614132 4623631 5895537 1206334 5187466 5523514 9786394 3708703 7003390 5105206
1501847 6626124 8935985 6598265 4958440 9007317 3645986 6160087 4772377 269055
1362689 31962 1884232 7077615 8353270 8154237 9116810 2777089 7866487 7333484
1181059 7275201 792131 7159996 7102527 9416608 9912184 666301 194930 6125084
9081611 5603601 422661 2812023 3291475 8607728 4766969 5645023 9599106 7494306
3436313 6924365 9916350 8433749 9525026 7345401 3621301 3258972 9068463 4009134
8198052 7861899 4174349 6877572 7344926 5366731 2662310 5159558 8316758 1877569
5526264 6773542 7729586 4165755 6562724 8523185 9713212 3041264 1591016 2551558
1099603 2790305 7423193 5962140 9564699 9438492 3091651 8820435 6853081 1066754
3544677 6326987 9971506 3330234 1074147 8412187 9070365 7995250 4085903 6171221
4188119 9303472 5327541 2335888 5740253 1115064 4998300 5793223 4601694 3312168
7349490 2547361 7455488 4836775 5800884 8538009 5248024 2849772 9312189 467982
3543414 4415473 9394262 5551631 8424905 3543940 3694198 7678268 2014102 7358327
7141712 7606801 6156624 9531776 7591226 875282 9498462 7361502 4181148 7238884
4916117 6650400 5634931 9251660 4862297 7770059 5697440 5533508 6615192 3670470
2999508 2812045 2807716 7559746 4131318 6859234 8326357 2115054 7144431 9177009
3834811 3681628 4928089 1973723 9760870 7988774 7608695 677647 1410536 8658620
3767196 7913349 6744181 5402663 4859368 2136879 6339466 7823309 8800401 9730540
8965670 3568690 9041053 8591272 4927260 6520529 413546 9944023 7023378 2505454
9576863 9658617 8260985 7094418 9611666 9781728 4349322 185348 29293 6086504
9210057 7325420 6219213 1329446 9385975 3506360 9830777 7338876 519497 6022405
8278954 5035216 2193882 5766260 6483310 7989218 5155847 111112 448797 3160635
3813445 1889253 40784 1764647 2985491 7041067 365050 8401836 8322952 4345986
5254521 4465930 4507926 5313305 5473061 2648313 6395103 6396456 7501462 5058901
2344798 4863347 5575100 7122683 9094510 120580 5189604 5347924 808510 6378694
8245053 5236129 7766774 8437682 9487815 303520 5492692 6779866 1058183 7280808
9088842 9213459 5007205 9602578 8301556 1778412 8821100 3063580 1123892 814813
1931842 7448096 8794893 5513084 8078652 7251629 7776728 8481635 9640094 5345605
5609345 7670643 5788649 765361 7157762 4308232 5898605 1217391 8652834 7893797
5702974 575792 3520713 8873894 9760545 1022279 8222722 7435398 2415500 1138183
4104283 8430784 1271084 6221858 478818 690476 7430497 876199 3085916 6552112
9446285 4103250 4594361 6356160 3957503 8546191 6380432 7930888 5528464 2390736
1637155 3566917 5800232 381042 6862696 5901470 5679803 238653 2603060 1367222
4753823 1246973 5547689 3442102 1932677 847774 7346190 9486712 6710329 3850455
52047 1924204 4002686 8813650 9994552 9640029 1644806 2234812 5192101 4708279
9696242 6919762 7672889 185547 6416354 9052777 1480983 7229257 9873645 3845715
6607207 6156714 8985677 9142690 4542047 8399894 5165659 3743758 8879883 3972324
1613585 2646229 8758803 5193972 8082052 1369751 7161966 4459999 3883344 8686013
6052060 8540909 1647113 197177 7479017 8627336 7420337 6494241 3631907 2498487
8586196 2890812 333878 1553487 4913134 3042735 9124208 4674190 2816934 1664319
8609049 3486302 5896173 1540396 2680931 1455170 7699572 8244665 583411 2845379
3697529 2154725 3413109 5612048 7634896 5260052 2600050 8424954 4871571 4693965
7255412 1960378 7409289 8724068 1699754 8109394 556044 9799380 5585622 991908
6108833 5606696 9584103 4684273 6645883 6665137 1904297 3017048 6261971 2762033
3056132 9738420 6779616 5910038 6391789 8240233 6804821 7794029 7028303 3348877
8728916 6492481 8606813 9716434 2312921 7245947 2699131 6837230 3009029 7379977
7629382 3190326 673130 1915460 7499672 6276588 4460595 6182698 6647585 6405180
6032997 4374828 3875608 1770838 3085492 100295 7383178 8360285 489617 6540709
10193 4586966 7723043 9796317 986401 6526990 9518222 1852124 1870569 8933313
8375140 6611995 9807879 3540371 3900875 3762729 147033 5915293 788410 8395637
756621 7641620 5028342 3890220 3424420 9539619 1474831 8102472 7966555 845363
9415983 2912166 598578 5750272 8566535 1110094 7455157 3142160 7443307 1231831
2248133 5067954 7601918 388029 6371972 556464 9685557 4381925 9172640 4686524
862331 2108570 132539 8053830 8061099 9869960 2377091 7224285 280380 6840253
5467772 3424237 4387395 9254565 6608968 9728907 9018927 567752 9259601 5463419
655796 4896180 1560341 7019267 3627441 7133418 5189615 1748000 3698344 4715505
4073571 2599891 9408493 3579409 5921880 5161531 5006499 1107969 622613 5323759
6763030 1606364 4963038 5042944 5024175 4638595 421973 6760214 6516343 630257
9485352 4471737 4559785 4600479 9204076 4259306 3900155 3745638 2236856 9649282
5167270 6133337 1614107 8752033 7768832 748770 2370308 9720837 5184027 3907615
8713376 4759951 7758923 6556515 7233718 307358 2264892 4658957 6050702 562808
2453275 9869823 8967731 6524762 2028209 61522 5942281 4885135 902334 2316135
4593317 1740464 3551796 5226141 4248682 2155627 5615747 8274303 6248292 2736036
5010314 4289491 417317 2996277 2325158 9061207 5629338 5912920 6709201 6533126
9006713 899007 3604348 4810424 8473288 9201593 5653913 6094795 4074060 2383973
3827264 2286838 8554466 1115919 8085605 2276807 7514852 7505066 6188028 7724254
770162 7242886 7199423 1419651 5446392 5962544 1806112 1163302 1549824 6579215
2200359 2516216 5735225 9246699 4820628 7286871 9127077 9756065 4205597 2888543
7929612 8676009 2146451 896352 1988891 8043406 3330089 3065266 8414481 6297997
7396310 1953075 3969052 4121888 8614526 3303238 29427 4552133 2410778 6488543
3605141 2915969 4372818 434942 9871592 8756129 8539995 659666 5930023 7692848
7097559 4388406 5498617 5484458 8943494 7478931 9961460 1467836 3584510 3429664
3511332 3412948 2789529 2295085 9463854 5321665 4142996 1173522 4221765 4400042
2296333 691544 971570 3236479 4362839 22714 7376239 2630554 7771768 8166608
9245454 5761211 5443653 9936219 3781249 9232060 3519640 3942042 1092374 5329703
2283053 6825993 4252533 5469051 4044117 3359095 8531116 9506139 3582639 907187
5292842 483801 8136152 1737008 5314997 6813811 5179451 7548088 8828010 6765248
3529281 1132856 4598111 7864521 1859990 361849 9070069 7464371 7924466 3515523
8846473 105522 5324465 8960719 2125179 4206722 4769097 8284991 2508402 5173478
2764651 2778085 2814402 1414021 3905937 2550224 1471155 1734881 9135486 8485421
2394000 7266357 4701901 4110189 1655907 8674460 2681319 220115 576420 6526334
7924639 4443137 9877891 3370592 6476870 561308 2728614 8424408 2432622 8885061
6010687 4854213 7374189 3444947 6739177 5369906 1364199 6521143 626730 4933988
537753 6942856 9809938 7212852 9934046 9155708 6453693 6163728 8275245 8171948
4024629 3102511 627626 2112350 1941529 4235431 1240102 1788359 4063951 8000742
4803882 141980 2499697 8095391 3795453 5273886 5369175 3708574 62340 5821038
6371913 7109767 8843489 4068435 3786133 7320216 6655916 7825615 6908514 5896545
8035874 2663641 8355141 7082882 1370510 3799710 5887099 1988877 1853820 6250127
7727233 2672791 798590 557458 3322692 4155909 7010628 7389716 778099 4256649
7617266 4174291 1130808 4858224 7570363 5315210 6502789 5646541 2578608 8465811
9838839 6941373 7428152 1569003 9673811 3417942 7315354 6612410 7346869 2744856
7988724 6116617 4430123 19637 2691288 4907577 3710841 9726591 3934078 2982942
7833875 3437519 6935150 8563154 4583708 5294258 7059807 5073205 3874641 2144995
4601008 6536009 5353733 3983724 5536238 9739801 4619429 4157137 9699439 4496915
9734652 1242135 3959884 8109974 3399825 6464379 4444202 6744882 2860924 4274433
2370357 1622748 2216064 2156367 2536306 695274 182355 1504937 648008 2777393
4507935 9887668 7071828 5270691 6799308 4957762 7184521 983792 4525026 253011
7595336 6181130 1829964 2970058 3980432 1777988 9608941 5160402 2586356 8022102
3659099 8541568 7035560 7035471 1731364 1163548 4020266 7990628 1885831 9677377
3949667 8773954 6428095 1708278 3634106 5261637 3572979 18170 3285379 6385620
1529208 6223989 8476777 3938817 110296 9165751 999841 8562389 9413366 6924460
7886451 9327906 2113826 4838893 2876181 7598731 1214052 8053549 764220 7852291
6363158 8139098 6803273 7208902 127021 4560059 1529989 7329072 8244209 3330847
1136013 1350156 3474275 231331 8047793 5110017 8929226 7123657 6104024 7497036
2571853 7585455 8539969 5849137 6134598 5949270 7998144 6078048 506495 6715909
2031571 1445851 2484811 8858160 659848 262503 2111507 2908191 3785735 2789178
9115824 8133767 9752912 4659664 3831018 1070223 74296 3535904 8481363 9350478
3616513 5178129 4582099 1374873 3530938 5272462 474198 1842040 2502168 634886
830120 2221471 3342766 1911685 2346567 384685 8303688 2640345 5564867 6567149
894123 2208157 4182531 8566980 9326305 4417107 2215134 779571 8668326 7159668
8629785 3908259 8846848 4435574 4285347 347410 1709301 238537 1678008 8510884
3502755 3036176 2619920 6218528 8675473 5815917 9779597 1745702 8374979 8197901
2894744 7209965 689419 1524478 840779 809942 6422796 1195339 1582161 8350307
7897948 3239224 1164277 7243378 508053 3052740 5661081 4300256 9200554 4795020
6322864 3560225 8791250 1313516 7933077 9081561 9028470 8385992 5852273 6673638
3316905 6314733 1360572 7860698 1696752 2887178 1693426 9600361 2444891 8612728
3361941 5776522 7016285 8415938 9970535 763388 7413079 2992223 164345 6490961
6987675 751936 5173387 3775937 2963913 7276481 5250159 234710 9315226 9827956
246126 7523451 2738268 5691386 2978430 5928974 9338485 1563956 3299910 5117274
7185586 1786781 3683511 7930988 1371059 4457232 7705283 8960812 5742488 7778683
8233869 9131619 8804771 310769 3991965 490430 4182340 8958602 6213613 5520667
1208259 8559936 8386621 1106697 1557085 6892104 8532438 4126907 5140324 6855277
6379443 3085911 8269412 2815159 9871343 8427344 2072046 3416702 9059258 8892923
4615585 5245013 9726144 8790381 7961825 1444195 3147738 8266355 4737210 6931899
159682 106245 7781347 9512276 5419686 7158344 3562393 220351 6486104 8423530
1848917 8131051 3299173 1691746 7570800 1948289 802071 9405625 5348212 5201649
6375498 8356016 6247027 838946 3394004 8462578 6974682 8443267 3618789 8092249
7971034 6430356 9733291 7183890 4197407 7119047 4526371 7717480 8825790 5902804
5241431 6919278 1725490 8961230 161163 7248264 941569 7914831 2475218 1391900
7963071 2736678 9211002 7360023 2360407 872529 1982815 1920540 5812870 3206887
2651374 17425 1147673 4733081 1985759 2907711 6601107 9037732 3980588 4271907
431915 5561356 1559409 228521 4092995 8585480 8466367 6118623 3199021 8362195
4096151 3344678 947808 2569223 4350938 1387429 8648494 8525961 431962 4040257
6720515 1696485 9781977 85973 5553684 1838284 5933104 9887504 9412974 3147500
8621292 3493930 3812396 5363211 2619341 1550918 5122859 2046019 9722612 9711004
950514 3014770 1028386 5934817 503252 910727 7986359 2135141 4310527 13451
6541487 2389245 4903690 6528569 3119056 3448220 6625097 5161070 7266685 8485749
765585 4925633 2907690 8087178 8412457 4394353 565569 8863963 6651835 4266785
5618063 9826761 3151658 4076039 6465799 1049150 2331289 9849919 3046859 7397365
396458 4104337 9115773 4535317 3749576 6168490 3269382 1712111 6425499 5618286
6382854 3714050 6481037 5842713 8079501 2088588 7949694 7928816 5007343 5833891
1654417 7827407 3078511 5625286 6999697 6911780 3236527 9193348 6929660 1906967
8055675 3332030 9230733 1093841 1972364 8434080 6676754 16218 8431803 3937921
1635342 1340190 8883795 4668974 7547969 3894542 8042525 9763426 2190519 526892
4971214 1371149 5292840 2750012 3850979 4629024 4447236 8630246 5293411 550265
2795514 9875842 4688983 8844683 6382858 2985582 5624003 3400167 8930242 9251320
8296304 4889214 6904814 3661369 6527374 7590680 3652121 2817377 9521873 316950
9355647 5029114 7948803 6582207 3260928 5112660 9388691 6044410 5569573 5694084
6851759 6503259 7510123 7104216 3114718 7909561 2221353 9411525 6455673 5647591
5006533 4921996 4419184 9775576 2022006 9822440 5923221 1259646 4074524 3669928
1440902 4101696 616572 1725737 6541806 1028344 6209672 7313440 5251478 3806286
7489164 2846651 5617035 280978 1814550 9677616 1751608 3455447 3506444 2349597
8544020 6152369 9635572 913524 2711706 6226107 5120600 1355913 5249216 2417174
6022847 1368592 9559435 2043948 6621172 8200435 6182830 6963932 1556882 8656908
8469539 5727917 6401495 7431471 6963702 1507 6280757 3715247 6361269 1903564
1375131 7456555 3922183 5584260 5631934 5836736 5354568 150639 3314848 6816587
5676917 8350702 2750581 9316874 8755012 1102390 263269 3532421 1367487 3614075
6908228 3029027 4132051 4269194 365888 941539 2257999 3477082 7927208 5656766
9978764 7796427 1497992 2219206 3551512 2954070 6715198 4589207 1872685 9213941
7601806 1429251 1587030 9640368 2691992 9588780 7968247 7606789 5247807 6204997
2179971 6725594 1374021 4897595 745165 3837450 6334823 8359122 3503624 3136720
6760276 1043932 2606208 1411823 4767628 7713477 4667881 7079908 5123475 9143803
182131 206478 5903609 9204647 1733910 3135848 9273862 369110 136103 5448343
1826770 4908304 2554708 8379847 2917535 6116554 1817033 5425323 2697905 9039083
1703505 1223065 5366268 6762602 7336139 5769626 3820517 6664594 2664920 445712
9314485 5138738 9563180 6361374 9738979 2983185 1797336 8902369 3309736 7533659
22087 5663171 8622859 9952948 8167760 3894999 3798797 1161472 3250611 3795968
9791548 6742131 3867564 4869509 7791592 7619792 7049612 7794747 8291528 2644546
9929420 7551245 1713790 1590181 7102026 6314278 1913235 6708937 7524703 9311900
3637769 6194727 2585046 292079 7295282 2286641 5622960 9630123 741441 5497089
5132614 9913276 1970375 7289906 7979108 3596919 9509947 874350 6595213 6428091
3030704 5322235 1220703 5940948 1016624 2249242 6652211 2691595 1517790 4184676
7696200 9852486 8876052 7777015 5385603 8869367 6038845 2835690 3823103 2616707
2575646 721329 1690398 4144122 4818904 9534278 3984991 1605463 3991221 8976952
4971494 773864 5251253 2077290 1388233 6236199 704358 1674886 331010 7292994
5185926 757961 4717876 4286444 6816809 7899163 1775249 8415456 9350818 4283604
2716974 2334492 8732419 4654748 3809943 5028778 1594067 9228976 7345091 6519884
9783939 4103876 2094131 2737592 994537 2165887 9913806 3786068 9110429 4932628
3221289 9921292 5511703 7932963 5725621 5123311 6475132 3842507 4592986 6437705
410061 7776364 5074243 603023 9701064 505669 7141934 4584414 2730969 6750272
5241174 248370 7206817 2676926 7853294 4889410 5385027 6933070 9764560 7992124
7047446 4864062 1529007 1693440 5415307 6016151 516382 3737708 1904670 3742686
1741466 9626789 8833647 6652756 2684177 6953505 7509691 5277932 7367158 3204247
1501679 5255015 822575 7574532 7458999 7816675 133244 2141699 5614776 2007249
6475061 7220149 7097709 4808011 3090761 990886 8056638 4576055 3135226 7530611
9788908 9587052 843703 2874304 2058578 2206807 1222124 8549881 7309631 7851164
8493502 3852200 2484866 399263 2404604 5817982 3818276 9591357 9381343 4394214
6990416 4322550 3903625 1471867 9267199 5049711 7254960 2872425 3854217 7310787
4852806 5063512 8986320 7092801 4273657 6197786 408754 3431797 8356634 4114466
7474698 8168682 9414549 7005166 7475409 2892482 6243475 7344404 7392319 2225922
2640180 8282697 2347104 1791047 3908390 2680525 5750867 5896891 6939772 7532834
4123816 8470235 6965349 4025819 6587908 9692441 6746657 9597217 380608 1397767
4965074 1158397 4228344 3461778 8644151 4550846 893537 7505888 1395858 3188863
3677604 294150 1030603 6659819 1417514 4024021 153571 8750060 4958519 2560360
4103111 5174196 7987985 7734547 6021594 6067127 4489392 2268800 768578 7192925
3003750 8919624 3190129 9135067 4274279 5188275 7460932 6275761 5302947 5041450
2177842 1184631 709939 3690093 2926537 8372559 1285923 40306 3910107 972738
8126064 811421 8258126 6299994 9577796 3599268 4747437 5860078 2695265 7516195
7727256 5292642 1951813 1926136 2747602 5514366 3976726 523380 6206737 8758392
8612229 9902771 529974 7658621 6222958 6302868 451971 6589145 6414657 8195446
9677483 7709077 3320596 1197734 7564149 3526455 4037418 472014 443784 4281050
7649735 4391238 1168783 2959061 8315811 149024 3251462 8869365 8867241 8273080
3895835 6456854 4145007 6079964 8618155 2775908 9474168 8114504 7678798 8342707
2514832 3605497 2991429 8933217 5217669 9202784 147845 9562302 779726 858721
384326 6050051 5964558 4823487 3978834 2069601 7205714 9560838 7512144 3332701
6452257 8467699 8958666 5024449 4455864 3658740 8532094 758083 8883274 1865948
6668791 9740791 1988062 9925363 8586943 2191408 6556503 1803478 9385243 5160588
1774814 3563523 6165939 7932093 82199 5750171 1495380 3031571 2919647 8478925
7354350 6358958 8711130 2650320 5415397 7344437 3529602 2404836 2534344 3165894
7922068 7634839 6958963 2307654 342901 6111428 7073961 5246287 9477086 6166752
9425858 5447560 6493767 3907065 372606 7756755 6848509 9996422 8401369 1416631
8203884 7104829 2559273 85614 1295089 3948268 7311878 2303596 8557075 8863233
5745628 2235231 2983069 6041493 633453 4892188 6034504 6877719 6617107 5067501
5731819 4603697 8048110 1211583 4432878 8680573 2366055 9348192 9078866 8016203
9574821 9995758 5141278 4612002 5365823 3635150 8631776 917030 4132765 9544752
4005431 4353222 7436700 8731607 9624991 5383721 6398844 9996814 9990497 8473679
17741 9166824 2227711 8039328 3054285 6772246 4908434 6290684 1376601 5445125
5625629 973710 7040677 3458307 8484772 3747666 83674 9515708 5055555 2734426
5719013 6907282 3227351 3793271 3272698 2185558 7502257 8941786 8663351 8635615
8926770 2735134 3682370 4938955 4454909 9820147 8098869 1043963 7344691 4240447
4572815 4671432 6940084 9835849 52669 1901777 484419 7695100 6095886 5310218
3425948 4648955 5976997 7724663 9186185 9689161 6444433 2455015 3407295 8072061
4946461 4091603 3579944 7038118 3766969 9089669 1971107 3585948 1878477 646528
3603010 4098374 4219221 1538314 4644392 6230397 3732814 1020257 1261541 9440098
5774553 7723083 1157141 6341671 3258685 599786 9609855 4303743 2178902 6875155
4243987 1940067 6071688 9248961 3174075 4623524 9857183 4808042 4670414 4354129
318681 3374202 1217164 9212633 487172 5722365 6353897 425464 7245886 6705047
9448374 5428505 4416805 2753639 9415696 7624311 6389288 4478612 7123387 9044869
3814351 240625 8900813 9891846 3020902 9051947 769333 767026 7010467 3820056
6024682 202826 8801943 707723 5482446 6851481 8687526 8253674 9048463 8376997
1883537 1778920 7039537 9994602 2803992 944128 9834988 3953931 1775279 6464861
1220000 158264 1658030 6853746 583659 8952087 3381398 2148293 4023159 6062240
9115520 2220025 8833557 9999519 7402349 4394329 1182308 4650918 9335747 9451974
1456107 6248878 9637314 302481 9699199 8579671 5922671 7385845 82277 2860986
8674381 1208086 2812108 7234883 1045142 1353317 2529541 8182062 3644456 4725407
8161293 5254038 784477 3187414 450912 4517857 4480330 866072 4478669 3208017
2187538 8190528 1706030 2523127 1864059 3700602 1589720 5568897 6474168 6435424
3430698 5204189 5363564 9463914 4932548 1129415 1850148 5705338 301205 3409229
9123784 7331425 3790540 3769417 4691113 2877470 3806161 2809949 971306 9442843
8971622 2882403 8585963 3554852 4820227 6001125 205016 1773148 118753 5115835
4714782 6220587 2003919 3626806 641418 5301263 5846705 2982919 5363962 725548
8870771 6146751 6693063 200149 3309090 7247137 7663527 4461340 9651061 1621090
3448188 8915945 557751 7664704 7816977 1672959 7685452 9181000 2510398 7605876
3887931 4417588 556793 66168 9390055 4663859 4116400 8758215 4419726 2621688
9679925 2504150 9551396 4827057 4566670 9457816 2879952 241849 4554397 8335212
7567641 3617243 314885 8691630 9906132 1544957 3768493 4630306 7001411 6456960
8215229 1167772 5621462 9316394 9704133 770099 4115000 8800322 7028954 7539588
5718697 1419474 7242684 7504420 4876362 7649078 4493260 1779583 9058698 7044558
4259213 3046525 1610974 9366326 5143574 3028838 4030682 8651455 9081845 9185646
1463309 6636424 9127938 9040082 6331659 6200636 5610147 7672050 334271 7058298
9569031 9155626 1404384 9097374 3942875 4557129 4890947 6229092 9142615 1289913
6277995 7264200 6908463 33140 3534510 1188355 1946463 3153069 4032597 8627013
1025095 2189650 1398449 4050700 3411489 5970192 6644177 792023 8852356 2447891
773025 5112836 2569416 6344515 6069262 5729531 6704899 1498657 2673585 9120403
9996464 6824570 3066248 8095409 7975558 7657195 194257 2550024 8707261 1192824
99380 8734353 6307841 9290466 8049560 717052 2569233 7205364 8954910 7595015
2896911 611283 189733 3427248 1559425 2998717 1570352 8555117 3010560 7740912
9971231 6194200 6852136 7681447 3849421 7684684 3109463 2428500 1528795 7486360
2833239 1719396 285994 784499 2581005 5360971 6316037 2081487 8788420 8845175
562726 825525 1905584 7277337 7063127 3981399 928225 7572433 2428348 7685068
9393810 3760762 8427853 8461399 3321933 3717707 9877983 8715381 7880669 4945384
5843448 8455160 9985361 7077626 1712622 137063 1323308 9622224 8387686 2320309
9344622 2977283 6219986 5300245 8746098 2210146 2207499 8609378 1076827 1486818
4106357 6902738 8683442 5259890 6377503 7094658 8263109 3854918 834167 2839968
6245282 2972199 9982404 6463064 5658416 1999793 8747300 9659735 781616 448949
9502789 727917 920054 3527588 1466310 9473102 9433787 9272877 6505300 4118913
4596648 3892104 3613563 657718 91391 1442353 786689 4857033 6679383 9438195
1533711 7352261 2041557 1306157 2264438 5765218 3337374 3978238 6026038 8761222
1643594 9421719 3668152 4058810 118211 3166110 8326436 4366107 9206430 9107516
4868592 9071851 813961 536290 3345422 9252264 7676185 9395839 5756690 2564777
9553102 7004274 7937203 155232 2764116 3213985 8142593 2481549 7173722 2913954
2593913 40660 9311902 3610518 1849484 3766251 8783667 356856 2541025 3669337
7667783 334894 6809426 9560045 7282877 5885877 5401519 124546 415628 9594002
8953690 6072355 6385088 9898714 8670161 5715316 748994 7534678 4392216 425808
3617280 8244290 23511 6219752 3796855 8644667 4059816 890255 8268529 8160295
8497836 4659734 4555803 4105949 776687 2337511 1836995 4529964 6069499 5881201
9696627 9928833 4145240 859507 9018029 6085496 6923596 6740008 4469109 5207553
668759 7837399 3487019 2879515 7652150 2319211 9842600 3206123 6709458 9446529
2185795 774339 9422001 2119782 8432601 3114021 6131706 8751441 2802337 6270212
1428935 226810 2916743 4701641 2481507 5977276 8346050 9153937 1498446 7224784
6236730 7481234 9178715 6832335 1685070 2519641 6052512 4638565 4382295 9296188
7470975 901871 149922 856014 2152413 2174989 449268 2962779 3746052 6305032
2181038 548728 9238436 9514282 3423690 1232137 8677020 4594207 4572190 7326576
8710817 9096767 6971269 9004221 8859495 6896302 2869442 4619805 289861 9066963
9061160 4178432 1743513 8648171 506934 7802280 9429574 4796549 4146157 4066052
9915118 380008 5129719 297563 5683857 2819502 1977957 6332065 7353069 2176247
8740722 9801666 3778377 1461943 6425681 2922819 3881638 7459736 6189896 3430960
5474019 9203090 7895852 7725642 9323236 7986147 2352857 2776206 1145284 8049067
6575987 6210864 5131047 6702984 4904715 9921876 1895940 9033463 3562573 2727599
6783973 3100525 455478 978042 8003324 937214 3449799 4361792 9581177 1546977
4195312 1808140 1451037 5245005 9172849 882555 2354835 6024003 200094 8697429
4727956 9283937 313301 7887272 7247074 8151766 5798955 5772775 4435065 7914456
5865509 5244309 1539889 9660843 1471102 1807982 9905488 972870 3904432 1975264
3976429 6317219 7809437 2330540 1121457 9325502 6742149 576990 2423438 1450180
796846 6089642 7957900 4491232 9872640 8201634 8551126 9416667 8490032 9114857
5359357 2559293 52568 19505 7253527 1138371 9645636 3472378 5034081 177229
9401077 2871930 3782427 1891536 7960767 9184731 974599 7150641 9605045 5900510
5444440 48284 4443480 1189847 9101487 3881817 6228163 7025873 8103573 9321791
235532 476446 5439495 9387540 533404 1502164 2527647 4788856 560820 4680542
1862294 2908892 2932384 7606795 9176090 9078936 8783367 546287 8457788 7896492
8421356 8979794 4044502 9195704 2036391 2356577 4787356 9665738 1682933 3925893
8407236 9506590 1905022 4786340 7690769 4876184 3546906 1701684 4226795 513788
9257240 2280820 8432298 4906549 3501179 6097136 4060682 2760441 9360484 2268969
9056255 5221632 4184595 9819631 9423072 8481860 9272741 8507810 5031561 8174253
4062209 8728497 7813687 2225641 8188982 3026184 4242415 511828 3981973 8848536
1848551 4644328 8667701 6501846 5747508 4948051 682077 2337939 1003952 1919151
7211039 2331518 1882864 2534277 8457183 2901311 1056146 2676991 8762106 9190290
8121599 1524433 8036364 932332 3506652 1360578 8357895 4051603 2048102 2389774
7350162 6318797 1649995 2173241 4285991 1804500 9687977 4008314 8012732 7299734
4683431 8011380 2248976 4915785 3084034 6834949 5062633 2934049 2597583 6456518
9884515 2746439 7326070 512883 1473082 636207 6926061 3162774 9919982 943537
8091397 278570 4768577 1338713 1681612 3164198 7846861 2682747 7243017 3260812
1870626 2512622 7416324 2610876 6898183 2100402 9596162 8993626 2382870 2167224
8394001 8142891 4367879 3517791 3563437 8265689 8480631 3911461 101476 6368661
4228685 1477706 2522910 9919506 6202368 9426523 9983555 135176 8446146 6154681
8820929 1428313 722821 9056895 999516 6367571 5590600 1238396 8495900 6483503
5542965 5398031 368356 7860465 8350035 7523080 3926379 7636899 9824095 2779720
4196962 5775173 2829748 6130535 3723209 7674166 9962316 8620397 9080715 3743795
9550005 1157583 1498796 6431226 2323776 6867496 9771952 155969 3344540 2340748
4407399 5141771 8239843 182873 8518001 9821573 7386735 6242435 7498609 9147090
6754398 3702869 4822707 9622010 3251874 4986394 7741419 8208239 3306868 7400408
1541736 2876683 236277 9187901 9986118 9720037 64630 4618093 3600683 7875670
6099542 8334585 6005237 2827735 3803810 635753 8184327 2090951 5261553 3008242
3992345 8651697 8311735 8718940 9690471 3015034 3887625 6271998 5615674 8454072
4503823 5651827 6625797 138416 6957387 5720198 8967719 2730758 2135464 18699
9797381 4112094 4954055 3230297 1303374 6701157 5788542 7490299 9839785 8252503
130551 8958503 6609448 4764061 4190040 5629507 3621146 6080388 1337259 1132648
3533843 2031789 2926873 1387550 1151087 8942270 9938607 2867075 4462193 5402630
6097738 7044518 5586204 2580929 1825051 6660212 6868636 6669519 3835214 9189732
112231 6691534 7860042 2894035 176520 2345260 9637009 3188980 8490987 8359397
775409 8233327 7809229 803065 8175373 7819723 2535744 7113972 5076425 9299825
1922790 1287292 9016592 9552279 4417261 3184859 201628 3047441 5969348 9257457
4851200 8520154 9710929 1791486 828928 4638108 2688634 1222544 1963611 3642311
9603830 4160800 5845797 2613537 7222679 9866350 720703 997814 6682426 9321676
8950542 5670362 1190583 1634431 4424853 8018876 6679450 2235255 8140420 1969577
7960283 6586364 5770672 9298826 3268759 9994418 7156611 1874740 428009 3094041
2913247 1305186 2653714 2972234 6970931 7133396 9372436 4207191 8822607 1481240
3468179 9278793 2803814 8292116 8077425 7922782 452862 7041323 7264860 8783307
2828935 6623180 9681578 8297335 5961537 827809 4231441 5405872 9803556 3637427
5673801 2888813 7356574 3574649 3969971 7064127 6155174 666821 2507642 46555
6496696 6642192 1236515 1427495 4213080 1031232 5681087 6693244 1990669 3081423
2723235 3399726 2575558 332223 7583087 8545046 844923 4732697 9171002 2478441
3297313 2408482 6832703 2464953 6454444 4714725 690075 7794189 1002125 3942157
8178410 1844647 1574416 9134288 566131 3990472 6643780 3148895 4230729 6356965
6983867 8863764 2910359 2655438 5225652 4738443 1966447 4565155 4746806 5276110
2629850 777049 6526110 9790548 1840489 7735913 9143018 6826048 3520224 2883296
9988652 6555131 6334213 7767820 3402565 517937 4943738 2358825 4127695 4755971
6925768 9938333 3904041 8348569 6779460 5719367 1461552 8060016 8001138 8104849
4469319 6836207 7332181 1795974 9379703 9187716 1544173 7281404 9693532 7723192
1123367 1645190 5269791 5008131 2887529 1694588 4063873 9938783 6774783 3419699
7776828 160974 9295069 9645071 7334910 5480930 7937022 6349926 7078146 685215
8668672 7517937 6148137 4427349 6686121 714051 7071093 7385328 7258562 3737663
8365234 2039063 769437 4672187 5547612 7034938 8430142 7764591 8373980 9430962
9964411 2785098 3871758 9969232 6248498 1141495 7465852 7762829 9937058 377440
6447215 795083 5689861 5294649 3113033 8486842 898693 1125938 3636571 7752770
9665908 530460 1515894 1940629 6206238 6865848 6879223 1325759 9042901 8650104
9350784 615343 630854 2912393 4929098 8153492 7917195 2153958 1164778 8740948
1128114 5836901 694706 1259140 6611572 44381 3645115 9792312 7242635 3581287
6949564 6139760 5166110 9480333 4469390 3416246 3618404 8510992 4495498 5713547
135055 5626826 1144335 1200004 7115116 3358505 8003093 10877 949443 8606295
8424644 4906349 2364712 6270366 2412809 4119910 1028999 6340400 9123996 4478293
8436484 4634291 8747255 2804436 4008201 8702342 8090237 9370471 3747953 4440831
4868561 9779029 9948450 6600814 8858568 2421957 8783117 6696435 4301591 3997660
4116233 8292666 418262 8154942 6297988 3388364 2894 7897639 3820606 6151141
4440385 8507710 1433993 3564013 5071177 6609318 7823828 3969660 7139096 8943933
6156377 6880033 6392440 5219554 6627919 7636312 2199492 9229010 7294934 2572565
7691440 9954838 28147 8766320 6911044 4445419 4912531 6233714 2536306 6060742
9739982 5081202 4858996 7327256 5552208 6413066 3040002 3521183 4597062 665518
2503578 4697946 6406111 919124 636655 6006933 3985511 3468334 5172882 8471133
747596 9529327 7052315 9926006 3465096 3678237 4330727 260975 1661747 9045780
1069412 6650317 9286367 4816966 2143843 4390078 6673247 9315147 7700916 9464139
7022494 4415931 459807 2946056 2087042 924477 6826554 3912542 9238115 3438534
3117649 4969988 431732 5964966 413445 7514250 7235147 8418879 4586994 5259422
4933083 2518556 1880308 9125963 5633398 2017342 856184 8326202 5615484 8811868
2444993 5521107 1052557 4305643 8221423 4649017 4322040 117350 9118621 7156508
2557323 4035938 1198890 578582 8193722 1794841 7064508 2444330 8853920 8125928
4722830 5698725 6174898 1586027 2699062 5319604 3151532 3865032 9780851 3571476
3768364 433390 1253786 4810777 754277 6333214 1631812 502614 5908796 3689763
7514107 3262493 339677 4941925 7313707 9645441 2504889 6195518 8585958 960182
7639993 7577942 3205015 6287914 6394769 2520706 3510954 7406436 6425856 9711301
5664218 9369849 6655310 763111 8483825 8452819 3186426 6435996 8907102 8846737
8393403 9778483 9641020 6200008 2652104 4321215 8317456 6651729 4941049 7944417
7178952 1202350 4247226 1028808 3391383 1273192 3444442 5733673 1428079 4932206
9932652 4728833 4119906 3756787 8730838 1651332 7054277 7919771 4957479 4590306
7861770 5643124 4474204 8528983 9551901 1816856 3203441 3044298 4748842 9265441
8497156 3620978 3418292 5727195 3042639 6834633 1483988 819910 3695404 1802154
6847056 2569035 6442799 9841061 5396689 1466784 968882 6254829 1082694 2346089
540141 4607433 5166524 5933520 4703329 7079272 7633564 1647091 8687506 7043011
7074005 8089247 4189020 5561920 839798 6167143 4646560 3961663 8031559 6888950
5416311 224230 8084050 1676220 1846750 7256309 5436441 6512427 4117138 668462
8686707 9947805 3942097 2395901 2422248 6605690 6700736 9709094 125034 7418528
7961510 8413058 8475368 4475379 973246 6436833 9528234 4083544 2104344 8293992
8422807 6231376 4241894 4780417 5792505 1833251 9299645 3875462 2786489 8206737
7866859 1611446 9561979 8425611 6033597 3097321 9806260 1463515 2985103 2019195
9630557 4419234 1008053 1355814 2304827 8045524 2005934 6803440 2773294 2003022
2169373 8344766 1293606 3598955 9021546 3558170 8109015 164916 9001495 3688981
2860191 2875059 6684980 5864146 2174797 5155534 2438060 7153137 290108 6295693
4871520 2055744 2211226 6896559 7930580 1457235 922796 6384546 9258727 1888629
1466142 3134119 5465664 8378259 6367721 1506558 6112979 1009711 893238 9260224
6230057 7711657 6186321 9788811 4247986 356648 1014078 1477356 881596 7364606
8799377 750124 5424096 867763 7695432 5353876 4336948 7252062 4778606 9835256
7249164 4467578 4901497 1583518 7111781 8872358 3764663 2363535 6731174 2007477
9527858 9981546 7028875 3572243 3415582 4840971 2503964 6243368 2107783 69811
9562747 2504918 92672 9255160 9333247 7872075 4178684 2917150 3754441 3531255
7464761 8437142 9777547 5328032 3837201 9022306 9331710 5818715 986309 30522
7608526 2414352 6973599 6797118 8852854 9702414 4403814 732505 4506646 9698891
9859680 2744801 9056003 7383141 2349528 935633 2176245 8313365 3938698 4162381
8992735 9602982 4463465 974486 754784 4850804 907008 401113 9675477 9234035
9106322 3192205 3089858 4908012 1620086 8849140 8358931 2295673 585725 9928923
44788 8049386 7654994 7963378 5631193 3726762 350579 3756930 9216854 6660142
7254795 3535510 1203210 169889 8455706 9395404 1921472 7019061 7347725 2219898
931846 9399011 5681855 1107655 4986539 1843145 6724956 397156 6181249 537387
4278854 4791960 1605340 1757983 9715299 7019890 1269613 3238143 7475478 9952222
5906214 8758322 7233889 6303304 950725 5769361 4128030 3238318 2180755 7705479
5736497 3229294 719800 6490042 5628723 9679990 3810221 3901234 5459136 5769446
3363288 5203625 6733575 3170863 3954516 742108 779514 2237896 2152396 5460539
7828955 4604144 9953084 9525291 5057108 9502230 4789744 5946138 1446636 3156762
8403968 3306032 1861946 9092960 4578178 9530645 6959448 84895 8064808 5559801
3805468 2548997 7954755 1956750 3653020 1716398 64193 4335943 7853048 5503498
48077 3567727 5533421 7164970 8603779 1682846 7937048 4265941 7707957 9842774
6870034 2313307 9959746 9163358 8839352 1652140 1627731 4269237 6569197 7950941
1385481 1263778 2363467 3461533 4916319 3967297 8979694 1034746 3584980 4990751
2629687 9965206 3263775 9734377 5882728 3579737 8076799 3632806 6556598 8206210
9244017 2543524 5336436 4316861 5022004 7888618 7114496 3505821 2372723 2584295
349094 9428854 7120679 3113732 2441770 6708327 5147367 43630 4957641 4905376
859230 7599922 2218500 1762121 5115059 6295215 3559890 6669115 8156676 5000629
1817645 3444647 7159697 3186351 3620616 1473185 3181257 4057741 6184620 6609286
2328611 676420 7300507 4081822 6377731 5255676 7009655 3299369 5316559 5933754
8040999 7915502 3031245 5866750 137964 2806777 8502761 1669893 2566030 7089031
2654308 271709 2644404 6814652 9048967 7047737 9525364 5344734 9098130 1353359
1456489 5076344 4134442 2002507 3980897 7409816 8995741 1520048 8482992 5415126
3519151 3875810 2196259 8711909 9322186 7715673 4774122 3567178 4720866 323236
7372735 4200918 9039747 3157572 8816583 796983 5150035 8118880 4998981 6197595
4266189 5478028 8305211 8670996 9085006 9274264 3476899 4461292 4683767 4270158
7255258 3258809 73187 3029741 7133277 2446816 5943563 2402872 3320570 8173198
3297076 5516552 4651214 9743799 6311012 4210635 758023 4002827 210482 9458059
3536777 2820350 3281490 7314984 3759152 8496096 3845371 485713 9503187 7111354
3895647 146646 7823399 8773806 9095 6100486 3992139 5188672 6807395 2788043
4445641 9617839 5921750 7336099 3780919 5315083 5248898 1836401 4288895 3852800
7123341 2510009 8789607 9856439 6675470 7891413 4999727 5422980 2025961 9018258
2475338 7414248 6265402 5164229 3984218 3393324 3439167 327572 1759393 4588454
3874249 1585091 702887 5220031 7439582 5930823 7216260 2782261 917186 7038235
9248958 5339533 317412 741451 362221 5300898 1858874 5158616 6479733 1895745
544966 8857532 2090748 1671369 3465151 6824402 7222546 8236786 9534852 7572720
6858633 849219 1778471 3507827 217781 168453 8998544 4377945 5694265 7141477
9886755 6069589 4383172 6074466 2720997 9633857 1463288 7672403 1104326 2431992
2941747 4033571 599767 9622446 4560265 5189168 3289818 2804444 2284472 6428963
5931972 5304406 2205309 6515004 6177867 5076500 1587641 9257106 5156269 7259715
6776415 4706405 3921579 9083847 2017646 1494096 6485729 2882868 7668967 5125835
6555249 3080140 4170869 1471343 1716747 6339303 9373951 2857078 7562264 1332389
479014 9391677 1792984 9513313 7647219 71568 501479 5040349 7163550 3359008
4974435 5722324 3578818 6141216 8073095 7302036 9551270 3949600 3123441 3971130
3336599 1212226 4145358 7362599 9759859 4523918 3944405 2854315 4877148 8889200
9789900 7636913 2523652 7662495 44683 2931606 6611548 9343193 1766979 78722
6223997 3077233 5494050 608979 6516510 3350642 6657102 4772411 6777191 1345053
1660935 2968523 8285324 571928 5418507 1702978 862187 4878954 2694173 8386090
7244488 3055984 5304060 8995461 1000770 6199110 674170 5881490 795836 1966389
5763423 8048583 3223730 3948709 2697640 2365783 842349 4763763 6222182 7014851
7039343 2867969 7090624 5898241 8115086 8564941 190829 9349812 9426914 3137382
9153047 9113 7240738 7697466 7110067 5219095 9635284 3554723 3969828 3733959
6995049 2942749 9789466 2591487 2440837 5460121 402989 3039411 8774980 7352850
6471052 6260660 2413824 1621304 5660402 3205463 9751753 2658415 3321571 9457187
8750876 320441 7278747 8801513 7815142 6238515 5965056 5155883 5168196 319065
5970784 8850084 2534281 6459132 429331 5359831 7547016 4236662 150210 8955982
2934464 110458 8077139 369498 395330 9779884 8233740 4697602 7165424 2299587
6954851 6543227 2234171 3194207 7381769 674970 1589966 603885 5426818 1700544
7455979 7568546 7369076 3119421 2162707 3421477 4708483 3582927 2927713 40068
1422664 8969177 3387605 50145 1540201 9100296 181924 3874146 5461023 5088304
3297588 2134192 5525031 1545294 8754191 601842 1978203 3077110 4647557 4541485
2060548 2513657 4213433 9008766 2266587 2013642 5613743 2039329 8902221 6330632
8349530 5896631 7804773 2792301 5249393 2295018 2460850 2720533 4863688 216272
4624496 6710120 4646395 1964902 1510228 5484642 4957082 6948626 2279436 9617946
5081785 8126340 8287214 8500286 7012296 1481402 9823005 937300 1372575 5852782
2072661 6275522 9640380 4614597 7017337 5235676 5103705 3223639 3106020 3360423
4974662 4462995 2828770 5341545 6922427 2155901 9715136 679042 7752442 7575583
1319140 7723181 7964352 8878185 2743179 3988425 1581589 5005956 4648149 5235690
3472394 8780533 372486 7369351 1956098 1908615 1852392 8438785 2775118 6623664
9390700 5521098 5548432 9806815 2591152 1956400 9133384 1694679 7178706 386938
7321353 6967356 1179276 4541720 464914 5680291 2797817 9983521 8738670 2164280
7148801 8954456 3495774 5412644 8758909 5347301 3676948 1660883 9173959 9796154
3502764 8349241 1126719 8434745 4392002 9396083 7077679 717805 495149 3458391
7747024 4461407 1995752 9832840 280798 6698685 3050237 2935681 7469694 1513114
4606515 5215885 7016680 5057182 340526 9645682 3214822 6128202 5718606 3008794
5756386 5026624 5742273 8395723 6943186 6859347 1454960 7718466 4437321 8618705
9387150 1422565 3458369 6507318 3432665 8768476 5028552 5608872 4446149 1985363
5208713 4402345 9220224 5477894 285970 1277903 2677063 3191255 1833550 1554774
3272069 7348966 9991637 5478680 3358529 565035 5372526 2613084 5734985 3136335
8749609 9842298 1816918 9549635 5819100 9861836 9818386 7868618 4851054 1973268
6066614 7589546 1104752 9534724 3768956 6846130 7872227 1837791 328674 2764236
5666101 1674932 1647739 3749062 4171806 7400005 4148458 2750233 8076324 8426066
7172858 2397954 6612703 7839299 8004225 8824724 3281996 3413649 7594289 6021898
2703189 7174731 19924 7054196 735985 153525 3563633 3582554 5011253 7016463
2798996 9259897 3831289 2315610 3826646 8387664 3818421 5472200 7625395 8113304
3848292 4003644 632830 1439827 8791151 4031196 1173930 1654687 1643018 184358
1315434 6849090 9023343 7500517 2095438 2284493 582187 1511083 1901496 7440406
4755040 360861 6220305 3079136 666853 2093061 7871784 2799401 3411687 5631051
6379336 9090192 8717145 4992405 2939736 4086912 3789468 9138378 2879728 539165
5288024 8961904 7484361 5408903 477195 9828675 8065363 2031934 5861911 3075688
9092362 3727391 4491506 9672472 5836538 8684713 2430022 359955 7610787 9316462
860409 5732546 6992916 2963901 6444844 8785948 3704412 7391241 6132949 7183710
2623382 9385630 5250996 4503818 8113974 6595588 3689195 1686336 5121045 3255203
4304024 8613467 5868742 2192938 8755073 4390159 1811490 2704309 3405881 9645411
9013291 8817505 4418933 9793334 2421605 6120788 2974005 9803297 6827110 1303594
9802858 4649940 2974789 9926590 9653591 2300934 260819 2504259 1092766 7898426
5220890 6611461 7453127 3429010 3353453 2173072 3039607 5466059 7891399 4648787
2378452 57219 4903466 1689263 4930708 5079251 1851240 2880769 9976203 8074063
3036716 6087027 677572 6160753 5856510 2836853 6127902 4165901 672249 648478
8243543 4443515 1588595 3532516 8093817 2132674 3593208 9922372 2014187 906899
3509478 2268712 4270102 4743412 7676163 2832659 1851089 8857887 8474241 7332216
8660591 6461648 6472698 690593 4475358 3650542 1176360 9370320 6584428 5605032
8490538 5178355 3933461 7007792 6590373 500773 9633362 5316360 2084941 692686
566238 9502385 6516847 5474131 821512 470664 2191970 2767435 103223 9606946
2794125 3732708 2011319 2204746 8399187 578356 6868258 2330744 7822818 6309897
3616610 4546782 5991994 9096540 5861352 507401 2471905 8600464 8676775 9072634
533177 8510726 2404455 1722838 2225936 135809 5103600 9589215 7271766 2775109
9266861 5756812 7761202 9967226 5219330 7430096 4745237 3693841 7629127 4533475
4780385 2548784 1207917 8696267 2836201 3063558 8828387 4246272 3494001 4753855
2652857 3224087 5220839 8454360 3728864 7081484 8003483 2243953 8172442 7734493
6974383 5425821 9133375 1676430 5837868 8282275 7148674 708851 8675195 5209553
7687050 1570288 6999601 5946757 2591501 4587669 6842296 3414709 4354970 6950931
9596757 780717 1660378 1532279 9844786 609838 4853045 6298371 1097585 6178360
5903928 6284196 1530319 2974792 8291213 4136792 5776346 5542931 4335568 5165018
7789212 2791802 2083793 729031 9212750 3651569 3751068 9263165 7622510 3292753
3584188 5878705 8374872 1801200 1783228 2224540 6682393 8132622 4409415 4942345
5528164 8531205 5433895 1346748 7820122 2031516 1727714 2059971 1060044 6636621
3996704 9839639 8701314 1227517 6645995 6748188 2504179 5592398 9000020 3833082
6932815 4378608 2435770 5000602 5541552 134854 1594416 5170085 364566 9734802
5698640 7716790 3849115 4866763 7479736 7730258 4086039 5422729 529988 4117643
8892493 8213275 6059346 404049 7693575 1252069 6197487 9498370 2425676 7807235
9141974 4811384 3347215 9060276 434490 5942072 8279775 8740956 8703033 3771921
4942073 4321631 9152674 1922215 8708933 360029 9682017 162150 6052873 4568803
9211085 2278509 5652816 4629038 939906 1257823 972366 845613 5976061 4032820
8678639 3590080 1916562 1227578 2021650 729584 7765242 8598687 9039572 9029744
2374886 5192326 8469919 5658010 8043425 8013882 5041699 5665013 7175184 131324
9377298 4365376 7313873 7917620 2472135 6400749 1680280 6751851 5354892 9788370
9575143 601611 6186547 986474 1583373 3132043 1195005 5418086 8862447 9722109
1468113 4296551 8276337 7838108 7698770 1026162 579684 2082077 2273718 6528352
7541677 7200580 4251517 3613420 8953143 6021921 3299317 1796978 7745909 4324722
9264681 8844971 7438733 872220 9066254 3676200 19423 8266479 6279655 9103174
7822178 6260657 896000 7889635 5891907 7180373 738666 6528857 3959208 7367786
1235696 348833 4143598 4783166 461216 2684715 6798753 6937118 2088623 2453702
1800116 7144178 2214121 1162528 3146450 394165 6288552 4246153 575430 2341986
6750016 4531926 1363036 673348 1691158 5873767 8137495 6261255 3608468 6159868
565285 3506255 2950931 2228789 391426 7414552 7393864 6770419 5053826 3979038
8059923 2022013 8536336 2586968 1808745 6351996 2387269 4075863 4057259 7998288
1294832 8315515 8423037 3850599 2227417 3584623 3345710 777152 3146152 5482675
2212100 5163755 3425716 3687226 874324 6977421 9185337 5245457 9321999 610614
9716804 6218290 5183868 7125565 9158821 4478106 5539939 9251418 8169188 1800581
2669411 1017343 1893550 3624113 5437044 5889263 67590 4186199 6628662 5259301
1122479 5149729 4071631 8087564 4377336 2187754 510436 4526154 4901058 275309
9883886 2621735 6712739 1681574 5979736 7541655 7104632 5618138 6105607 3591761
2143513 8830238 5205529 7883991 5160398 8889349 9305049 3618834 3155796 9008991
6031849 4375287 8606699 8372212 3318906 3981317 2177931 6038010 7954558 8906605
6446349 7563499 5341757 4043911 1004038 8511289 4411849 3119957 8307394 5597249
3899529 6740164 1969737 2006409 3998682 6773033 9097030 5190328 9459491 6747360
4378961 9640063 6129998 3562829 8397428 7626705 3443628 1491456 2641740 3224777
2479112 8986181 1566096 1958205 7770005 1404893 7371553 733812 8394158 3131293
2923085 5114887 7283405 8298698 1666380 2532952 2694157 4672294 9698943 9605017
6572411 1487173 7007091 4968111 7007229 4763665 1494043 6490425 8014215 5486705
4093315 7046269 2727968 688582 3734457 6721909 345134 2994215 8801825 8320433
9459478 366122 8377178 7297262 5371741 2677377 5077777 8987629 3751913 9012257
4480628 8285500 5039004 1043142 3446302 7738793 275805 518698 7042079 3265124
5354832 1815926 9037364 2465843 1192990 8176928 1675447 8417457 5292 3278321
4030374 414895 5452750 9158556 3619624 6550905 8002334 7309428 9702531 5073411
2876510 9898352 3613604 1900571 274764 4617322 6621173 157324 2083769 8723938
4874573 3381023 7223667 3120842 3556143 8335637 3625197 8841703 5858129 2354932
4250990 9482736 1619529 736693 3576971 6886944 9940529 3417220 7787897 9111736
4633801 9972250 5249106 4547164 4726167 547546 813772 9910723 5616493 3785432
5520906 658827 2057741 2058616 1319213 8028441 6890326 7448549 9085566 7311640
4771385 8242256 5551863 5828605 9754916 4196136 6543905 6764001 4309823 3465008
4930331 4799547 1565063 1057439 1526828 5925900 5293499 3363029 2646570 5915878
3128706 9669290 4185532 3269319 9055290 7869069 6261598 5541081 5863176 5388266
3604473 6860476 151141 1651378 1712619 8864660 3101790 927419 8739792 7442324
6419718 4989310 5131465 4075582 6021909 49692 4588633 8043083 7317843 3957540
8332732 9810492 8687510 986092 8060886 4702500 387617 7631435 4562332 885663
1608951 1155865 4350077 9010374 3462189 8350243 4218116 9374882 1871592 6541297
7602464 8797029 7935394 1194922 1597895 3307073 5518025 8419556 9492136 5755534
3757391 4334188 4042850 6502872 4021326 6807183 5664241 5067634 6186926 8882028
7156643 4211514 9347387 1056608 7801607 9972700 6717154 955270 5200473 5512310
2593451 9893416 919306 4088181 9985573 8041966 6165346 1629069 3719683 7213832
9247108 7957816 6129996 2716855 6715299 5778915 3531302 7016499 1197903 6760116
7558186 6193657 6750052 7359680 5785244 9683935 2395969 227284 3916270 4694783
839673 8147986 5912181 8256607 2564325 9252335 6804935 5652995 5843405 1308115
7667661 1188869 5180959 708014 7502837 3528192 3873942 1367019 1363026 9859624
1323085 7111858 7465237 6603330 2825019 9012631 3042763 9998463 2407045 1055095
8094829 9165960 6070794 2316037 5657216 6101608 7279283 2110910 6895128 3933623
2353481 3289793 4772462 4956132 726766 7426875 7399271 9642313 1060702 4199686
9383655 1476390 7782183 7894217 1709575 6484100 8509226 3822246 7030253 5287380
988161 6805035 819191 7264423 34247 2138151 9842521 139552 5838142 4462107
3652081 8923990 565770 1876420 6808349 4625329 7314990 8488221 206430 4099658
8633518 4324098 962453 4652767 3966112 8744867 2291745 9606396 8444583 2321933
7123122 3016071 5606917 2734017 9167232 5539921 9525285 3645131 9624527 479174
6956266 811275 9408913 4728264 2749033 3051303 1470859 9789350 1369838 3034907
5747084 7460087 7392334 5871272 2250135 3850414 7707749 3490080 746613 1178061
663882 2662765 1030527 4720362 4606038 518995 7414398 3957934 7759625 1305863
6718047 8556346 9474194 9860258 7045039 7326747 9444241 9975549 7862896 3546559
7774832 341594 2303470 2793510 1645446 5474639 7688830 5966611 5776190 690475
864243 1431453 7424332 4601614 7976332 5999974 867416 4476638 1108915 3145138
2246506 4708215 1365700 8864995 5136104 1159358 7196086 4199720 966439 1681021
5226506 6158978 3765687 9331238 3364941 4486766 2995447 3332314 8150095 5595721
2392126 3882533 6117872 9287528 7587546 3406280 8746134 8096937 847811 4337109
5367562 3450602 3240388 9260097 8710528 3561949 5340692 4533309 244654 6935170
2140715 3806192 2737488 7370814 9781087 6391994 9740119 9591337 6955861 7206319
2862678 3408077 6624745 2523215 6181558 8967444 8973270 300352 8707256 2565201
9871325 2800643 1811722 3553408 1055200 8159882 9017597 2494377 6317361 765564
1047616 4328024 5246644 1190016 7930366 6955939 2166822 887715 6837886 5126384
9230995 3087406 8010557 6175026 7116558 1168714 4553051 1714834 9458692 4349740
1409280 441197 3143052 8716892 9590208 8386158 4500916 4665939 6428705 2487016
6835496 2591084 8265460 4981702 5482322 771145 2279545 5471546 235458 8052166
9045305 1174756 3360504 8500085 1440227 3881477 9164725 616806 3073586 7937338
9675705 1698858 3857840 3408690 1495503 9620669 4702954 8921997 854235 6316380
1520681 2323818 897337 9365809 7405779 5890209 6121792 827530 8313308 1648990
6301525 6544812 1554582 676023 4206534 7824550 7686929 1619004 6532359 7933528
4722914 1400335 2717380 8930395 9690652 5050189 5382062 500507 2733549 1982310
2242850 9873800 9754998 5405457 4666873 8397932 8164329 6715274 4389236 1074606
6500 3814208 8205230 1426389 2301954 9148696 7472853 8602965 4525850 4990976
1208278 4820609 522686 1675498 9953813 7911767 1901473 5805877 6558155 9431723
4666968 3685882 3478818 7133519 9594875 4470655 3288407 5814301 8457522 6650820
2915033 5103901 824522 233936 9041179 6688294 249222 8848110 5104339 1799186
484968 1091538 6488692 9408421 8114827 4938885 1380282 3750120 3685357 3399259
2026272 2282994 6629986 7038005 1072488 7899559 2440555 4568567 6482730 7432236
6416655 9873541 6371202 5972042 3700507 1732813 323741 8086205 6862946 3596168
1965988 6401887 6086391 5848080 982612 7987814 9951705 7675135 8226721 6235783
6153409 9845049 7300693 6480246 4036858 8043879 4062135 8939177 9965423 8951501
6309834 421967 1947167 3126260 5401759 7450299 8956607 5359738 3894562 8343682
3042924 3240361 7668619 5020088 944638 6200039 4604419 3303830 6899057 7344236
1078549 4621086 3498199 163216 5115434 2904151 5541974 567554 4871044 6062193
2634254 9004756 3842609 1825796 4495182 8780954 5888186 3478654 477050 3343951
9763078 7420500 4770508 5667233 5016594 3447403 3076353 6636263 5631699 6536059
1164296 2392255 3961612 8126622 3079735 7311213 1719115 8793444 5778025 7935745
7319153 9331707 4800504 5086844 2363094 7938643 6363046 825062 5434711 1378831
9988210 7002024 1665628 7267415 1131776 3682596 1100377 1036619 8101324 8188238
6754285 8207267 8703321 107819 3350077 3381048 2749475 5357860 3749580 8667798
2170723 6760391 5190261 4647566 8550659 9931351 5298655 9007190 6957477 4873346
8138031 7702475 7580252 2379228 7479848 1693810 2149881 653032 4357942 6305135
8316530 8109025 6734355 6211018 3576354 810796 5483985 7306685 9626277 1706698
7822523 3361813 8654749 1667601 8475492 5711846 5658438 4736503 9984793 481016
3728559 6023989 9394417 317082 623115 3886136 4660163 2214550 645823 713400
2802499 9546595 7847604 6691250 6560890 7785948 3530074 4068838 2094721 4172763
6217508 2730017 3239331 3977165 9553491 6676129 3884710 4597934 7061445 8442472
8679594 1134762 9300951 4854842 3585890 4579679 823256 2700359 1807491 9719475
4860077 7379010 804340 5482687 5854863 4692295 4163251 9518668 1971167 2949850
3488833 2058056 1675482 9453749 6191525 8469597 842708 6463624 6235995 5753545
490741 3977606 9223655 9060355 9900443 1703682 6207701 3553325 6352595 9554397
2575960 843290 7272675 3170575 2036089 9087591 4177557 2849140 9227993 3637864
7477147 3874357 8866218 8082942 3287806 5013287 9261239 2678474 4521222 8170573
1675717 5047614 6217677 665441 8940338 4409533 7523986 4901971 8365951 7037741
5503616 7203554 9778423 3968991 1337104 3230795 8845301 7709936 4397395 6363722
1118171 6759267 9561661 5447863 4353938 2472638 9903884 1097882 18077 8758183
9169246 7206659 6992948 2815669 8422477 1463577 9677949 396173 519625 5342127
2122285 2518452 173253 4148342 2549130 4997171 128034 8319741 647945 677289
4402314 2691321 6307299 6495745 3791978 5958912 4339197 5900975 7569477 5630282
5996567 1155260 1829010 2699051 1937198 7862594 5421800 366668 254866 5662913
9710966 7163155 8397925 5237336 6958524 1376874 9381335 7907833 8677607 1037624
4620440 7894999 7087374 7487972 7541080 9185882 199348 6370021 2822236 8808865
9717556 908206 1638920 609865 3408413 1899417 8298563 4060648 4274331 9314763
7257617 6985776 6358580 2459972 2418899 1173073 3366379 2161211 5126705 9764544
5977484 1367692 7115876 8768641 3434017 5398039 5286511 1206145 2078735 2912803
713187 1725819 1443109 6277708 7358675 7081400 1674911 5016565 5329660 189245
306997 8210840 7245308 1457800 7133441 2276631 6025594 5225002 7330588 6351306
4451616 4309992 6981992 1584596 866123 9797337 9183042 4376448 7107754 6745862
6227123 7339925 2478213 8535111 3564414 2791245 4658931 7760418 1169453 7507396
5484409 3465855 2537185 4180140 6693869 1649608 3592796 6210402 1394605 2683534
994051 2604884 9728362 3673716 7778107 9596554 4042908 8281713 3430808 3795192
4463629 4072783 1054567 8925164 406138 4030575 4349171 6118062 4765138 7790410
97651 4962751 3591095 2497906 3829766 9007702 9530314 3577180 6537313 270736
6986487 9642954 7862629 4295090 7805844 1146073 6083441 7954364 5720765 1081985
2708101 7950792 244060 7807637 2722019 7850930 3564940 5369896 6332206 9984127
6527910 3565728 7371224 5243524 192035 438737 1769413 8463981 5782379 6883725
2150228 3239360 2363416 8637472 1900562 1496975 7328195 5579978 316869 4008226
8206820 6290468 528549 6777697 8684234 6254667 7452780 3061245 688074 8717291
9624165 6201445 3865590 4272968 3445543 2570154 6475981 6040771 9219574 9300453
7383483 2411243 7858593 1671115 7133160 9075479 887914 4982182 5763727 2770043
9811658 4888166 5769272 9080943 6386460 2959429 5292167 5490226 1412428 8505151
2844510 3545943 2362145 4100563 6321009 9116928 8579576 6235105 2723035 3411776
8104457 8607423 9700402 7485722 6780130 4686232 8016960 5459471 1631058 6506780
9432589 5728683 4586781 5812673 3772947 7516305 9005481 2006782 977186 3549254
9881518 347975 409549 3749917 5547461 5787546 6640406 8814560 237407 7772470
2549960 5657413 1504476 4816531 9033748 5116310 6031223 727502 4515475 3240670
8553536 6320609 8098716 1574549 3356011 217224 9934005 3400082 993765 6891204
6423346 6111029 6078786 9678352 1128568 8217260 8195121 1074148 5698126 5354950
5694696 8747399 7973842 8097821 421299 9595392 652256 4487512 4015682 4004338
5624267 6680143 8269720 3443190 7221501 6247130 5043313 9835496 7604453 7427266
4281117 533998 7913066 6805769 238937 578687 111442 1077906 5232159 411855
1146417 478087 5804750 3611925 2284597 9418875 6634419 9346311 6660196 6777691
8259923 7260676 6065538 5305644 8905256 5150326 6659395 5843841 7815939 7992365
5396289 8745514 8014431 4693217 5486237 7126271 6180479 8737449 445526 605496
3320082 2796593 8416005 184528 4456093 5364876 5730449 141726 6930502 9991583
7415793 1532667 9584236 2124507 8862999 5470802 684147 6701659 7348403 6869253
5067597 5662635 5674182 2270504 7553711 7756104 5824509 6309043 5964885 5501118
9989765 5403078 6257935 8242217 6134562 3532423 3770864 3805579 9831817 6639991
1947926 7952683 7469910 3587059 3632142 2659164 3780816 7265503 6476945 6868617
9470910 9300271 9880408 730663 3956081 5611146 6086654 9092212 2812725 6608845
2371167 9999474 3134296 6112391 2902496 5662982 2365537 4640435 6762718 9996138
1336359 5565034 4831279 3930075 8600293 657362 4528886 3594854 5255924 5439053
707835 5259884 3408429 3351136 7051558 8555851 6031146 4706637 2440811 9425009
9697950 8904039 2465360 4818496 3185286 9895861 8660273 8846384 3357332 7239578
1287822 4850184 1114208 4718612 2092264 8576456 598374 2601763 2998447 7282091
8146483 9261060 1831148 6393447 3619204 8334255 3889718 8409332 7210297 2570167
5180086 4508818 9336804 5119115 8955026 2752832 9426362 9767066 3023662 5995802
628087 7745016 7247552 9091255 5346962 7640462 6323103 4631590 4710782 3880237
7437180 2807036 3232679 3215818 8811044 1173620 7032002 9262701 802313 6694453
6345433 3308668 3905878 8423993 3352134 5855156 2851642 2797186 1996939 9768292
475649 9399456 5567710 3852853 4923473 1450052 3384694 2551465 9861867 5906688
2035089 564467 1690619 7964499 7832580 8428262 8508465 3136647 7002232 2177243
9327320 99605 9525359 644747 3564184 3452069 9638439 3945996 410530 9779515
4873864 3402843 3947686 7115010 615506 1941442 6946227 5054227 1975944 3285520
3082229 3042636 5983663 41245 1054714 9093206 9072689 6255470 770383 4795705
9965828 2921631 1871273 5602357 8704201 4828077 4130675 7254235 8710778 6935202
2238993 1614504 5547533 1321119 1427328 1596462 6471346 653016 3362900 2668238
9641940 5616622 264393 7663070 7091850 900318 1875190 278591 9957677 3302296
1227727 1452955 5223097 3873346 9041710 4915770 468107 8298411 6014464 9997483
6095681 2954552 4430243 6929754 2702447 6110963 259366 9106583 4586822 8381898
8049936 254539 5271645 2025649 138903 5394041 1364675 7144284 6043887 1663561
3652416 1888173 3366032 9722833 9641831 1061732 1244251 3905390 8882123 3707461
8267616 7882649 1390136 8647266 4883639 6104153 2037504 9987973 6200881 9506789
2217550 7665074 3496422 9691807 7074128 3813274 9830892 9547119 8847183 5665304
7786162 3537827 7035400 4007742 3142587 9477526 5927721 5666923 2924407 4566141
4980220 6307445 2956053 6369543 4697466 1431423 506554 8084689 7878326 9978641
9703011 8258619 6595914 2181149 7050153 9458560 3716167 6132867 9802389 5815130
9016002 7716260 2529485 2069873 8941179 7082574 3956053 8193972 8694597 4061215
9398765 8921045 3576655 9040061 4002887 9504823 7191346 2405950 8759857 8211965
7830836 7968988 6453128 4621087 3879837 2791513 2909068 6800313 7429842 8161743
1308162 6767394 1071745 9966117 183881 2573507 926459 6197637 1837283 4729845
9804571 5066774 4468225 5188030 9967393 1673185 2143376 4260263 656522 2479229
131020 8503728 7460432 8132866 9895060 8573148 5547531 6113811 9328146 7166204
8085203 8701940 9601295 4481088 8862077 7015850 6317703 7710238 213871 5748364
6351418 2665346 6600419 7390112 1961262 8005399 6919690 9162720 7749975 7333903
6933102 9330695 5428953 2466167 6408247 6203914 6017667 312525 704351 4793170
3084574 1990339 7750734 7431098 4850505 1105271 7136524 3604917 8118410 3917031
4843283 5441131 7460292 5964796 4356252 8436846 892366 7447641 6686037 2178802
1229397 8034564 2804591 5705911 9909230 1459846 1374634 4069659 1139166 2300574
9633858 1836188 6944089 9960369 2787904 2282381 9789213 570990 7167858 197783
2426219 5809081 6080785 1138281 5742925 9583924 2756286 3342273 3575473 5007663
789499 2791278 2588934 9847545 1914121 896966 5741141 6554262 1845805 9949525
1896870 4865266 6506790 5474551 8436149 7765534 2546022 5394271 9770949 1357426
3531758 4655486 6754613 7345399 3605142 6533530 502068 7594311 193636 7754941
4766059 4781801 7492502 4666936 7821170 4377689 4734005 2174556 9925278 6573562
6772802 7508824 8245980 8853462 6858154 9552273 9073590 2511312 8264157 1736227
3031666 7676418 8511523 1408929 448357 2823130 2927724 6712147 7163862 5199981
2129904 2154653 8416336 1227738 7220076 8475826 4790534 5189853 9093907 5300849
6278403 5422716 7841043 2094465 294792 6825106 640584 5589361 8785925 3992996
7141800 962643 5625729 9549635 7015302 5813483 5500092 2319099 9556909 4056057
9355065 321792 6344352 5198123 5403490 2057183 7686733 1153049 8439120 6456122
8808845 67990 6259360 5994688 2465862 5775057 1045581 6869911 1191568 7975657
1978592 9019164 3553052 6124397 2113773 3741722 9038629 6241434 7979014 3308894
1166143 872465 739928 7550289 3594288 2944996 3160577 2168307 9799906 2757197
1286543 1363033 7650224 5038938 5440505 7694518 6457852 6980195 4325144 2627612
7325244 7023209 8278249 6849725 3032071 3032033 3441400 9994679 522579 3092585
5045395 5669035 8042791 2037487 2756125 7474389 7647728 8473599 7462670 82045
9328163 1027630 2745181 573178 7915749 2741403 9812471 3045975 9026879 5266327
1429201 3793622 9986766 1063160 4016895 3729905 5474368 7553220 3979617 1837074
9128180 9694496 5293033 1373290 5665503 7526063 5959688 5127420 3496453 1600469
9353338 1070720 1402411 500565 773708 4318451 9037224 2475223 8961402 5340362
7142918 4119144 433038 766598 4654929 9538535 2394913 6806006 9646251 4156757
4626685 5395521 5083069 7183749 5760508 6466958 7155260 4217945 9157369 9256032
6398725 993603 8538844 3406105 4550436 7237726 6349753 4692959 3448583 7375899
9922339 4952410 1599200 4679613 2949099 5633534 4678357 9604579 3134974 6297284
2583548 8455575 6605410 4105463 7581886 9149010 3440171 1818688 5711734 4140227
8963471 7929201 3169427 2010439 5512576 7922310 4034100 7800457 7644996 946703
597723 4802165 602776 8330999 2551301 2515258 7956164 3211105 5582858 9844687
5884 1104151 7168129 4948934 1312808 419967 5899216 9599574 5477011 8743938
6288432 3435569 5756576 3369314 8997061 4599326 8681661 6238083 9585642 3306573
2630989 6906678 9662357 1204480 803211 4275171 5785585 478202 6227704 4665659
7282042 7043941 3564790 210334 1598115 7104162 1387873 606279 5075236 3898443
5270831 1202055 891217 8776413 3461850 6542125 9916490 9447995 199759 6611284
3323778 5939995 4939334 557216 8636 1123776 3916421 7852538 169964 6034218
9030341 786409 8426738 3512345 7463350 1734648 3696456 2064913 7351579 1583797
6414492 8693973 1471857 8099719 1562953 2253533 2024872 6315544 2566772 21303
2131892 9973951 3258971 6476544 4005161 8295249 5068674 2795594 9730809 9880297
9117881 3626624 1817009 5479895 8885785 4997041 1657303 3441269 7661607 8079428
4254438 6651788 3199032 2404862 4294337 8307278 209022 7490982 6203752 5914754
5743107 2902968 803532 3991341 1478015 4863477 9173647 4352657 3572599 7557365
3267135 4430795 4741427 6358729 7912369 6499106 3215451 8692947 1022338 9457014
281937 9733601 5979658 8385765 9925434 3646105 9484362 7748891 4292455 8032352
4604317 4650484 4961130 8558052 1104604 6833897 3533978 2484716 533333 9730906
1380165 743928 6116196 1271493 3629031 8357143 1096667 8982547 5443474 5693831
8463906 7553429 9794532 9339254 3861385 6228061 2638182 1136406 8131889 8239910
7399326 1559234 1913238 2255170 2229231 5073149 3638960 5432065 5978699 6285920
3056696 5197190 3132517 8817192 5785117 8445592 2436731 7572722 6275967 8844324
865503 3883733 8279877 7135960 9130246 9515926 9326032 4809350 4724551 9348268
1859975 3792011 4475409 8216717 4535752 1633779 303500 9153384 7877625 3743451
1484138 5837988 5889185 488815 936771 3830733 3231647 5344802 9940462 3374238
7965993 2132159 6594775 5452700 4366343 5054092 4981965 3890285 1085681 3563277
7753009 2472149 9282213 3198988 299087 4330141 3081643 680786 6962122 1963616
9388891 9608532 7969992 755461 4894064 5291437 2096305 8167964 4455430 6583852
6082143 567263 3394400 2832330 331650 4813818 1848298 3062494 4016205 366897
946809 6519032 6189256 741622 939202 3153699 8349418 5609444 2795138 1917342
2665409 6808506 8041206 1304349 8104196 9575453 8409220 8425101 8890644 2292394
5195608 8330520 9786854 5909819 7419629 6787356 8146110 8346329 4248828 7154658
8588587 9224463 7324914 1175865 8399687 4003688 4054564 2534189 5142292 9708775
3994194 4129054 7112545 4751402 4962959 7420652 886160 4645025 9235523 5928044
2235907 8906664 8089208 3480121 2062111 9929625 2221168 7010594 8074531 5894724
6055065 6327863 3352906 2705369 8726565 320367 4292375 1766888 1639617 5344572
6239259 2797185 1342680 2431559 3903325 1930992 6560208 3241618 8637158 287508
9053608 6209518 8103199 7603696 6471020 4604079 1031494 3803472 547586 9756808
3861224 2297389 4961497 6171345 1518452 2684293 6144278 589709 6299934 3825438
3650231 1752951 8279459 6186510 9593509 5524591 1939151 1553779 9972132 4333975
5574990 3203429 7629177 2634077 711557 5737781 5926277 903799 6085749 994240
9249669 6124629 3579807 4408837 2090782 5979073 956666 7500754 5702431 4780417
4902990 3531003 3346413 7791481 5192247 4012279 6554554 3911991 4888457 7892550
5580976 6456154 8970047 1161751 2356106 9533317 4849697 2614962 7978732 9548259
9084648 4594917 5695886 4723533 2964256 4168026 7568497 6879150 8274362 3564046
752362 6323616 4006652 4005058 388247 8373514 3395107 6401235 5825861 857625
281865 895723 6207545 2220671 4853528 8766722 3421980 6860045 7066066 9153661
2461961 9675888 4876356 6260 1560003 667121 5794480 5765372 8555828 4715299
3507264 5332420 9389447 2542729 9715522 5605838 1110957 4874268 5042331 4386047
2055269 2113672 8142842 4435115 7842585 3481559 4420835 9559284 9960800 6254375
451594 7224439 6983663 4302980 7544025 4568218 3900029 5632653 4240326 6167449
2491497 7099302 3611984 2038248 5620251 7465082 7257528 2117347 5174522 5300918
5317630 9682283 4411267 3228510 6505004 5987818 1089981 718085 6841988 8337147
5324940 6593912 5773266 8966160 6131832 1945634 4252626 8902836 2002035 1822602
6156417 3587845 2092488 8360617 6056814 1673081 1947033 5374451 1079204 2007057
6174423 9324872 7587374 4283115 3534914 6288272 2436604 4432829 5667840 6605260
6739949 5365949 9635040 3032701 6168233 5974411 4703975 5389280 7783336 998938
9493955 3789708 1492529 1965869 1642185 3642403 3640839 3944575 8746461 7807072
2926663 7395320 1420625 2989514 7342041 9760955 4314538 152971 766966 2936596
2149391 80292 7125112 8839207 1067864 3150310 9025151 1936237 7489179 6109446
388058 2456476 4370919 1446643 9558227 4887603 1115654 7717751 110906 6690958
9228482 2007395 1952559 4533922 8294454 9625965 1598986 1995433 6170976 3411925
4860437 2006990 8001772 2849173 6433076 9139601 4895122 2647264 4779660 2865604
6645674 3756469 9122392 9475871 7271673 7964510 4524503 6906683 469614 1574381
3396460 5440260 7932643 2492256 692004 1528858 1650293 2945319 5717815 5401835
4730201 4230150 3879304 1736010 3779279 1496641 7700024 3823079 2993209 583055
1028052 6115689 5265790 3438356 8793020 9864164 6882517 8950664 2472393 8753550
5113284 2018494 4822087 319942 4092872 7210116 474231 9584555 6102466 9385414
6963000 7521911 7530644 9614997 7290984 5520411 4670589 9801188 4330322 7739039
5226895 8395744 2985549 8695184 5124636 6437418 92248 6658180 7027700 3639745
3332471 5498777 6652167 7106235 1007112 1892972 1689471 662049 877731 8608620
7928802 5897423 7130710 7797386 6660415 5632171 4196479 2358506 7491033 7694761
5160251 6116022 1274292 6291004 8591260 1622167 3345548 8758181 1073264 5084829
8604384 3072492 4141218 9185141 8156981 3050306 848293 8399146 6161914 7690839
1483588 3888116 2857238 1933768 2634991 6401941 1746078 257747 5319 4628060
1222249 9957358 7977906 336908 8934915 6327601 7642059 3998355 9230353 5599961
7026155 2095522 7012336 4649245 5274352 2846164 5769426 3539433 7891337 6333563
9551907 8680235 3960121 28119 9254892 9033509 8942223 5514194 8828360 5806263
9199933 6012681 8489455 3015369 1003270 8225269 6005695 201429 3940474 2926500
306158 2070700 6291107 8269944 9975038 6501208 6809414 2100975 5841082 6858407
5540624 9644880 9502 317967 3216430 5600655 1658532 3613410 986729 1352534
6327186 4369085 7427610 8827230 9299259 1090519 2253269 830163 3814712 9341880
7529656 2850581 1106923 9012005 3050914 2706685 7860743 9446010 7451580 4861769
7240573 7526293 3569057 1858609 5049085 400382 6743353 5100650 6657475 9624942
7621625 2004861 4966271 6079501 7108049 6448091 4246888 2978314 1302437 5221529
296813 3550392 5218543 2096947 5292963 1966599 8685446 5939065 8069032 7379081
6488378 1334199 8856159 4137890 7905881 887182 9913776 8826118 6014569 5232535
7688986 1470269 9550387 2302756 7591477 8124406 3391859 4532626 7577248 8947113
3648791 1261550 8859466 2386284 359399 7959477 3840451 5733485 1244008 426224
5767277 6800813 4430053 6229967 487017 7108035 8287839 9673061 5379568 3941495
6225492 8604588 3704378 3742929 2644384 5093102 4715951 5621713 8443334 9755363
4233712 6480053 799918 758130 9335934 7999702 2080021 8559328 3176565 6620364
8582283 678867 4762873 1690408 9350326 7073604 2514922 8474615 4193324 5821681
6193275 4541810 4430261 3985258 7241272 726105 3123908 3461284 702197 1888358
2046494 8453450 3597901 5988691 9762271 616837 9844111 3999425 4852448 7829239
7455155 2410922 1638826 9139891 3438117 8894916 3336532 7850726 3539297 6077951
3795150 1596845 9133075 4031015 1714123 1594050 1009863 7335850 5593156 212542
1295214 7961978 1282532 217506 7532425 7438431 9903972 3162560 8284237 7602776
6535042 3048347 4730694 9035852 805078 7462767 2872026 8341761 5339360 8977905
3265922 2606249 9483971 323459 9594166 4657530 3651092 5812878 9550275 1930121
6183630 8533184 4644517 7059325 3615401 8086078 4777688 7359932 4549267 1720107
5288152 4160476 2699385 2223683 1449486 6998422 9156518 4970446 587056 4093644
8262007 4028923 8343538 1757409 3057739 3509299 157058 4695544 4690135 4919497
7981625 1398402 5483572 5592666 3989879 9907597 7818595 1369441 4629448 4116076
1746311 3010974 4041426 5936773 3356932 5358461 1133429 9125948 9404127 6290911
2847241 517699 5798261 6228319 2143626 8206906 4734513 5730855 5665935 7156100
8557776 7139426 2803896 3394406 9301801 2854944 3421060 3498112 1730397 6696315
1910846 5562923 3013320 4588965 6910373 6469091 5275798 980843 4362703 5352196
8844181 8481256 8020916 2416820 1124642 5709516 3578942 6788067 2407616 2923464
7813711 3464657 6927547 8729620 2546509 6661232 8674244 8516060 8310241 2293471
7268959 307034 5798669 5190999 6811201 1030805 9797566 4388827 671822 458845
2273117 9510055 9724065 8445059 4252855 3269642 885781 8145957 6776149 9343083
3489514 1586049 2120805 737406 7912394 2014064 4079841 154389 7923036 5969892
9754072 4614397 9871178 476126 9564864 252592 7980949 3754205 6555901 8706454
372589 1759074 7207931 2298180 8011200 1952642 1435244 5599572 2400551 2071467
5760549 3430136 3006658 9089767 3745886 411850 4030730 1048293 4188672 4459290
4863587 2431736 7228176 8267219 828124 4701715 3335796 6078866 773193 8234228
1435853 6642912 40099 6438479 4807361 3426109 9989067 6285723 4825243 3292684
6831085 2201571 1046115 3572370 9793449 2038588 1672460 4898388 9308397 8970256
6142709 4056744 6002860 979816 6324564 6843423 2843105 4108810 9816205 7608251
6483258 2351151 1035407 8586073 5588956 4149143 7223526 5170372 6878829 4270373
4343450 359123 1411032 8350093 3777751 8059340 4752774 9907430 7040523 8046459
6846905 9899320 9415262 1965619 7295373 1942240 2834427 8590985 7813023 3796164
9962701 4990201 7464760 2278811 8218369 1174023 6553316 8959992 18305 8674402
2917436 4969520 3792892 3421065 1255359 5476260 6538219 7259255 4773456 3984383
2255185 2604884 8101630 4426847 6044004 4699486 7066185 9479901 5498396 9214363
5343441 3344722 2611778 4870994 7794082 6725845 7609752 8157396 7311964 7373874
1151385 3147584 5528579 9768380 933271 1188828 7038003 7621397 370515 7724833
3954074 5875742 8850574 1510730 792371 4099218 5061135 5385984 6093312 8079889
6636351 7139532 6658625 8190998 8381037 1261436 990774 3471352 7090818 6874402
1836925 8668530 3966511 167216 8707045 7715992 6499698 5355505 4808815 5636155
6540822 7924764 9126352 6918337 3410613 5284861 8934323 9518574 4798459 677727
6512484 2481007 805457 4274605 8160799 425349 1530963 1353938 8035658 8657645
869324 1573362 8678700 9282944 7282169 3835183 9001195 9941060 7189511 2210424
9526929 5876788 9083984 8551456 1947198 6480171 6040179 6287707 3152497 7407357
3647592 8119677 8679870 3274534 3802660 4598836 17109 4320504 3976869 1825590
5663705 1754136 7280412 9922567 2997093 1181619 8207279 5349661 9701538 9169345
8677607 7985837 6985761 4396605 934200 5636903 2574918 1893233 3256571 9934697
6117762 1613854 7887137 6427723 6850200 7515265 8814874 8216411 9590917 5228412
109595 5365 5352127 2720546 2541010 9826289 7942727 8628837 1027426 9067194
2312386 464589 2308834 7213090 5518259 5154175 2894905 9118492 8461731 7359570
8064969 6275389 9633946 1899499 4747121 1731257 7008691 47785 5832127 6351392
8870638 1019581 6587123 2617134 5645370 4447440 1455519 1998011 4941558 2993996
4674660 2757476 8787495 9331879 6737328 3385888 266038 4317332 6722046 2147996
2938152 3898507 463381 8557281 5676211 6374964 4195263 9465792 8481717 7136183
9045830 4794668 9024554 8315035 7881351 4559813 3806334 8347818 8793451 2092302
7240467 9678851 1794532 4213164 4656633 537142 5159845 7950889 1343239 8270269
4157796 7169088 293437 5810578 1874449 6847469 2649213 6327722 5286541 9454088
7390561 2556765 8918082 3764774 2465942 5931384 3780764 8090786 2782546 7283850
9771682 3814853 2963516 4793814 7464907 3550894 5123998 8802107 7991855 6159665
5156343 2340440 1014914 6178725 5271487 1796926 7969879 8440361 3206959 6886979
9645088 5158635 5469386 4367280 8259399 8710537 7157751 2165754 3373336 5339322
9499011 8207 2338619 3125967 7254605 1342645 123187 6913437 9204609 5118758
5736253 6255645 7951019 9686764 526318 6286039 507169 4062959 5536315 8579596
728352 3053729 9690704 6225465 130327 8257479 9981437 7491651 2136714 6886760
1232340 6314733 2871505 6542391 6533370 9210732 7366638 8124034 3960765 2297442
3299284 1142776 974718 3528171 9306595 5514168 1409879 5629996 5137136 754915
3173738 2678179 3709766 3762844 3312371 9724335 2907432 7014826 1726590 5285995
3517968 201251 7665979 7646290 8037715 7749642 6501547 8803183 7989881 5337950
4663233 5467133 7640759 4922088 6049574 1454416 3277440 4115455 5312434 2116840
2560243 204258 6514501 4263594 391454 9143779 514043 1782304 3045779 9882760
63584 3623326 5264314 3587775 9779788 8030170 5746432 8101991 3954149 3533622
3365056 6518374 2158472 2452073 3153392 8131680 6890202 3445989 2948015 7409523
4156657 542401 6499268 8654078 7067795 9819002 4898197 6685391 1275051 5991602
7518858 708833 5231218 3016982 9517297 3491795 874191 4452330 3449499 2919816
8172183 1360533 256509 2134660 129012 8909839 3931082 2697752 8203657 7527045
8967287 765633 881817 408307 9793252 8365193 6057445 6486276 6336648 714350
9959730 5763330 3749026 5469560 9511966 8393429 3454116 6099263 5512129 3385356
487775 3692344 1572500 2263031 674169 396997 6622760 4696358 6469985 2977329
2883182 7960076 4256175 5622310 8513137 2243431 2385838 2292682 5434229 6799699
4308607 522046 818970 5130499 1980510 2253007 5618871 5445740 3250880 8663222
2539536 7125139 5675284 8401827 6383019 5217662 8703199 8139214 3225289 9921577
2218806 8108817 50007 5261372 6657411 6706937 5588480 3832668 335513 8436967
2284577 9917861 2860026 8096828 9182579 8397925 3833792 5802341 5343337 7331154
7559847 4900582 2193633 9580692 4568789 7092779 232813 5892472 4798774 5734219
113264 1114611 6456853 2502350 8854056 4896984 4866896 8880360 2044066 9736596
6540704 9803296 5474193 3802274 937432 2409993 6339226 7154646 1795961 59973
997765 8985936 2613917 7565836 2289995 714365 1654774 7082694 9848862 6253684
4239312 7089875 2455532 3588899 8877094 431289 2996335 9578815 890504 7214733
725625 6775392 9976238 3548155 504057 4764325 4044857 8031538 4742090 9015914
2333640 7422232 1254341 4590514 7844697 1604591 8329594 5812460 8143896 8668424
9018369 5354218 980515 3969132 5727319 212073 1785522 9250781 9788635 7093644
206635 8474195 7451064 5525583 8545190 9809498 1446737 6565738 7497846 8874687
6635388 840067 6701674 2895140 273209 6060050 9585650 5351375 1567483 5758794
7869886 7894017 2450076 1128525 6648766 8477680 6883100 6148567 3854575 3106714
3902155 2638801 9097476 149515 9207003 3201911 4059232 1826676 6635136 7318116
9179830 5116122 8855877 7728505 5471518 4001999 148800 9081196 3195606 4988955
4539473 826827 1101875 3964937 1046145 8456146 7240756 935862 2370996 9602386
8246786 9327671 9113947 2790427 579718 4365019 7856458 7290740 6717585 3139019
7737636 213174 1694521 3475093 9465796 5857294 8784632 5513676 787476 652472
5718258 6748842 9344314 6779191 1342983 1390577 6658788 3569391 6296776 6085020
8349855 7851788 6462683 3441527 2338330 9799464 5775002 1938945 4759859 733794
3359978 9100949 3679268 6304723 4401952 8333772 1660761 6612769 2399463 1819994
1610734 2342601 4314432 3359582 5597372 7696450 2309980 5751460 3334346 4144477
576288 9111325 124250 2488655 8253152 8409778 9888762 4533142 6688488 8799280
3173234 3363314 3513328 4007372 1478910 4493002 4207621 793010 2263281 4797509
613516 41787 8611282 7010947 4655986 9309737 214252 2506207 2871359 5921197
3854773 2015997 5624537 9722961 140219 7342421 6295854 9099998 9151919 4576176
1094498 1239272 3902853 8666775 1686169 1841499 6707238 8627294 1201610 2394183
3906227 9391114 9883286 9671158 7850143 4380072 7294521 6159264 371919 9898998
5422988 373310 953565 6782506 1563788 9250761 2457910 9811572 1941943 8237775
5681862 8431573 8938534 872966 3174515 6687496 2152982 4230217 8858417 3189543
3572691 1079523 4012371 8303230 4813949 7981766 2638790 9502670 9648617 7518930
5324735 8762520 4240426 6723391 1155670 9388624 1739373 7018243 9398255 5376992
7929912 2558585 3456973 4182005 7272113 6169722 8312030 1609045 4047776 6953797
8837564 4978776 5987364 635373 2601062 3594428 7661239 4223038 8690174 3931768
9336289 735553 2132627 590094 3564397 4266508 4067864 9180002 3916981 3208398
3622004 7354178 6238753 15331 7362994 3358651 7863329 4881469 5460200 4528764
8779286 2502998 437595 7707140 5366741 8296251 7414926 6522346 7403308 8074233
3830772 5984897 5062396 2836819 3466930 2970337 4779752 8262423 6140675 255582
4999605 7243455 4218854 5149981 7551376 2778824 8875151 988318 1324137 6584505
5537317 725211 7522114 5490633 2669770 947876 5757271 9180669 3302756 5902139
4440206 2340713 5292566 1495762 2163014 2461475 2239474 9287412 7170848 9514753
9065021 1398434 7742099 9499725 1790200 2424150 3520584 8980515 2427303 9086956
7224566 1020795 3217788 5290665 3955117 428729 2614618 1380719 7427935 4830516
7351431 4525464 3082390 5382749 6591141 7511115 5101266 6403621 1066391 2073328
8061190 4782863 9725737 9670458 1872206 8806530 2773963 5556813 6481573 6854980
3941739 5685122 6361016 245759 3647632 4030013 6853619 6955491 4039973 4915235
4902656 9085607 5835944 8698074 4783134 2024991 8059550 2135308 2613889 8694740
1356661 6020627 313859 8014925 1300078 2609171 7587471 3935508 9135681 4792947
4033794 7666163 6286696 9950431 4365304 6457936 9631980 656342 5964615 4948397
4482121 9500812 973995 519155 8777028 5269214 2682146 9771932 6520571 7072061
8495629 5343148 2656823 1505618 8730751 4240207 3272069 6353598 2457039 3199828
8935989 2093421 3366015 2532303 4809911 6719919 2489941 5385484 3482210 8700667
6798559 7512259 3621343 2781729 6075006 9109733 4415867 435998 819379 732769
9677436 7465792 257781 6830976 5534082 8923934 4607724 9347330 1198967 3720278
5175957 3915766 4422795 1623935 6378457 1713479 2024714 4089032 5770049 5470045
3154265 3071158 1574735 6220314 8158144 2565027 4652095 8103559 4167385 9195612
100682 7062552 861605 8182342 1055161 8381296 3628666 4095664 5458084 1934807
1161861 1806932 5022705 9406809 9757151 2443556 8290391 3282162 6792885 1362489
4784805 1124953 5614907 2798248 3331292 1610960 3096968 8181529 214140 2630597
1593541 1343404 6280979 9155338 2362322 8054805 2458205 3097753 2333773 8245490
6701427 5314628 8442727 8516856 6681595 5121564 6293225 5431820 7909831 2704277
1879924 8045254 954488 6540012 1875977 6777125 5704743 9461663 1769370 1876706
5088720 9388370 7122196 2674033 4754519 855191 5556150 1232377 4960257 8556243
2752276 6101825 6938503 9088468 457227 4336438 5501611 9703529 3592569 6029111
9432848 1641847 4343161 6732405 8183624 6173991 6171622 5318017 8225342 610000
4403829 6546468 285801 1305429 1710757 1159771 7948564 6658943 9267328 6764019
8326088 4203644 2236319 8218518 131275 6058394 2741480 7464402 2240818 6760856
9096669 4141220 9840881 9068026 32499 3792327 4448165 5056922 2711475 9799766
2055318 8458873 195673 6438005 2380212 7749095 306940 619464 1895248 7059275
2793194 4996453 1538588 8077160 7910146 3758205 2571870 6310442 3695346 7482797
3295688 4747085 5576615 9835636 252281 7938356 5666853 445667 3772676 991745
792344 665248 8633494 3757209 8486385 1837245 9129973 839509 8477661 2194608
2803922 560180 5006843 5795885 3359363 4197430 7611058 3925545 1684499 6845623
9144308 8816814 4985429 8271150 5187816 7900759 1069621 8851226 3721192 6628160
1548914 7028944 9294648 1629795 7648331 9138823 1935554 870508 5444012 8193805
2151852 7883411 5911625 5877362 8948444 8393824 4020428 1846138 4823118 3847068
5606355 3130055 9673083 5788300 4606800 5111911 123432 8062467 5996765 7291604
5412270 7839348 6685975 3063738 9681819 1256854 3106820 9358115 4209044 9568903
102534 7478312 5831094 1569993 4758863 208054 7579939 6033552 7264451 6731506
3267226 8600612 8487107 5727173 6044212 2158377 6492791 5983492 7244225 8434193
2440149 2407125 9404483 2536646 1673955 9309343 1673070 6329347 3041452 5495701
8395363 9442254 8302597 1028392 9727805 1010486 8323629 2746845 135744 8738210
7170665 5629516 2372626 6171928 6001392 4150851 1881307 8824025 3653967 1113309
7671722 4071697 4572592 4665896 2034302 8994926 2175467 4837742 5709093 9239806
4683391 2058726 1536488 7271175 8505100 9491431 1732953 9214344 6276857 8645161
4401789 8384036 9037407 654233 3455296 9794674 8355825 7265002 1659620 9267609
1597237 6876728 8270572 7927896 7528881 8937132 5742003 4213551 5816116 8633848
457021 4097111 8384909 3918904 4995146 8331741 7894142 5726634 3290309 8220184
4953940 5086961 9219428 9699763 24121 7919684 4709143 6002779 6053233 2628202
5056956 9572053 6757335 8973193 8164523 1263909 9277117 4656248 403123 1266512
1661107 642232 382616 7055263 9157468 1373233 6772578 5100201 9676161 6703088
8795433 6577852 1653834 2720027 5580575 7609741 4446509 1985406 2851478 9905088
7284050 6031247 7719069 5832390 4746942 259378 7313566 4910677 3662065 2200856
9477886 3297441 3141564 1396751 2515349 9379441 8156946 6913838 2524780 5764641
9868096 6361235 6480842 1726588 3109766 8742258 9815727 2652068 4143802 1035568
1692559 9522634 9695817 8206369 3482488 9888099 5381921 1412832 2086623 2403749
1096466 6824811 4359098 8725875 8870893 2765356 1603581 552525 6734031 4944195
2400377 9827674 7025507 8728933 7013037 2041436 2703356 4465719 6673388 7371537
6697829 172084 1901373 2769452 9592545 7697762 1968572 2213712 2360465 7097682
629249 9855717 2356386 5770822 1489884 2490311 5148453 2838939 9907843 8350359
4287898 8623393 9427958 7832592 5154592 9639236 258838 9308778 5927985 7043507
634975 2281908 5671133 7747402 7677672 268333 1850217 1408511 9450050 5180483
6533514 4144222 6084059 6438555 6471807 1145015 1145854 5299268 6911208 4186106
3867778 7447661 1811436 999417 2527705 983739 1908097 2927711 6908150 5930881
4969532 9882251 5870382 1327063 5719245 2550214 4530589 4977290 5277104 5548719
7989588 8331339 5336399 1944611 2154333 3691977 2385363 8943801 4640230 7581814
4764716 2247901 5350657 1933296 7179574 4599870 1819728 4569730 9741395 4149378
1126491 8462092 330662 8563842 7480318 9728609 3251717 2211279 3548556 6895473
8558915 7123815 1356774 1756358 323008 3863187 475892 4243688 2466560 8283983
291459 7779076 9962556 8648917 6704884 8437443 4634312 4791429 3630630 9578194
1523407 1752490 9497903 1008864 3112834 3601726 5245959 1105833 1024261 881468
4855479 5538379 4793793 5543235 3998916 6286054 9021963 7720916 1704079 8423579
5924583 6164428 5245012 5352783 99832 2440601 252370 6071507 8308118 1695640
6961619 3280700 416465 5652285 6002519 4109410 1980678 1554259 7333375 3836533
3782007 8958102 1196921 6827351 2425180 4149259 2005532 9479366 2103712 4285563
4564370 1427042 4097057 8114607 249578 7166882 9156810 2605503 2522195 4522745
9371253 9678286 6566577 389777 3751841 5810866 346355 7356186 9355657 5902015
7346965 8405021 3704462 4956181 1516891 1018685 5747846 3692687 4734802 1870282
8576724 8556789 5271559 4741045 2035626 3507871 2852548 7916714 8122781 5385879
8954333 3566370 6451786 8080526 598864 1199907 9524276 7560293 3464824 2561552
9529195 4841803 2229560 3858796 1405118 5936586 2102401 7771194 5724808 6877305
5001590 7028195 9996015 7282067 7059641 3867418 6671405 7943283 1636807 9635474
1479793 7963209 9513116 6554367 9122565 6927755 5963598 8405943 8701202 8960722
9350525 2498981 4528293 593261 4453919 1291429 1833694 2835915 534354 2781725
3132071 5031534 6269811 3928298 7362330 7571246 3590620 9149625 6326652 7059611
85708 2062644 6321752 9407659 4350927 8983292 4079172 215510 289724 4347568
8731784 4622937 2450806 1887068 1574493 2921406 1023454 4704505 9216587 1297431
863513 7482379 4771719 249621 2965382 4135321 1187167 608623 3505676 8192273
235166 1168205 6339172 7916606 2053543 5345537 6288493 9514245 7404894 6038164
1987161 193245 4878510 5380110 1999020 582105 70958 456706 4957177 2948631
9953266 2841397 9731373 7174761 3057498 3357794 4290831 9176719 2946441 483915
7651606 4433855 7014899 1026487 2117874 8837433 1271470 2168343 4918383 4459395
4178194 3896075 7485007 2482311 9854635 657281 883680 5340177 7498071 7571463
7922810 6491664 8133662 7760848 962814 8179899 6690993 3786787 2844131 7547555
1204956 3659570 2535083 5066635 4353822 4067396 7069395 8326041 9130057 8628816
7557029 6266500 9247573 4743848 4319383 2529601 7797563 6679770 5440504 1743310
5967981 2511857 3381177 2466013 9428396 5678628 4639926 9966079 1388474 5571915
8932955 2191834 1906200 2424197 8898249 962827 8704477 3152545 9826715 226479
2390281 6087940 1181339 6603074 6858230 5622421 1127280 9473265 9322600 8538395
3112749 9374551 16022 788053 2403079 6982014 3507709 6791505 7569341 2170690
74914 1123984 478181 2321551 6408015 8306553 6805975 3303391 8834130 4818852
5958375 2108974 1958968 4533644 8833852 5341309 3915874 5047778 1624826 3191234
1799991 687174 5825245 7574440 8174745 9624192 7573589 179558 3622684 3853884
8543249 230301 5297402 7191427 5756303 5362382 7064072 1653369 9682986 6978443
1907571 4373195 4515315 430510 3580087 5528340 306319 766396 3379195 8414031
1367505 7649701 5196695 1930834 6341180 7887547 275940 8055700 4208417 9585987
9780611 9213523 1881455 8234846 5109158 4610533 1321849 6566653 5086594 183426
237279 6620484 713345 4374908 1197396 356392 1118217 1285748 7530924 5332899
9127482 4677429 8339059 2986478 7517837 1966416 7099811 9270479 6009387 5101261
9382407 9447755 3852558 4112464 5107541 1870188 9781526 716673 2774697 5974551
2827722 8142846 2587002 2413813 8967774 8621786 6964545 1182679 6655367 6538499
8228925 6879660 8348944 9637436 88344 6427775 3650688 1992197 1636032 4302107
6062913 3132022 1132782 1156312 6643349 9745000 9044102 1305833 4103910 4902150
9486499 484603 198892 2361150 7849210 6471748 3449307 3549672 7320221 5789647
9894108 6139306 514478 5593433 9870129 402960 6596333 912917 329443 8754145
7580260 9040120 4330346 1404684 6346772 4912096 6871249 5192525 7956782 9662563
2749761 7723714 8711441 4247192 1717506 1147936 9308582 4319958 2696245 5556052
6032487 3141130 3965626 2244160 458613 9325869 7913728 8495609 5784207 2013784
783720 4142902 9651028 8748571 7622292 5035259 1633103 9204174 7056711 3706958
2490031 813697 2104445 1429288 5189538 443897 6274004 9074516 7640027 2861480
3532947 3199669 536637 3476926 5792890 5201512 3978881 4879412 4301594 2736444
4921861 1477977 5659654 1267316 997043 5174751 5407672 8586223 9565111 3324939
2776869 1007713 5446048 6662383 5900239 8171825 2350068 6406169 1059513 1812609
4037253 8880312 4361097 7293103 9593833 8472462 4783705 2361140 8450474 904203
5841301 9725114 2196754 9238914 240995 9384403 7110094 9448789 810527 6251345
6307045 6926185 8685607 7948807 2312182 4089426 1941959 4368869 3841147 4009598
7438361 6600983 1344125 7068209 8476636 6687019 4852670 6965200 4023769 1178028
8254135 4045823 1160646 3678683 3579427 5952188 9394919 6177948 2933811 9671487
3348482 2805795 431092 7903329 7535460 5935388 3481725 9410806 8903492 1835546
1944427 516854 2216968 9557217 5652349 7068813 6906036 6324000 5351507 9527856
682939 9418922 2802815 1586657 5006927 5899722 2908762 7843647 8824541 7945427
8569413 7064092 8250262 5272738 9585316 6830481 2466508 4136975 7831453 2722528
5749455 3281254 8422612 8906269 1721346 8540547 1585169 1523885 3006032 7265923
5111407 3721914 5439580 1740521 9232421 5310054 9719494 3729156 8278033 47524
1464238 8735531 7058131 4047338 4837257 1521495 6798127 4900861 7951589 4466544
5827009 7775853 660787 1204171 5938285 4085502 7652245 5495041 9289313 4666301
2526869 4828221 4101240 5218170 4933139 3913617 4001948 7795941 6968829 5668486
7111996 8949097 6504337 1311109 7437899 8118396 2766667 8567341 4340980 7305278
8201141 6056116 6475831 1046009 7723052 7948275 8537208 1505762 9856078 840208
8871392 9496976 2670314 5280574 1102270 5761739 7536626 9359590 1088140 9653036
6137757 5939003 9794166 1314054 1058366 2324217 6367822 6014186 9603399 5555855
116317 6230662 9035266 3647048 6052685 9957277 9882610 3791480 7445878 997812
5056392 4967032 3836278 1592924 6228415 7686379 3712122 696465 5811872 7664945
2551449 5232436 198218 5288124 3769006 9704236 4665124 8678950 9179984 9242777
2499079 5163641 1352606 7885723 4544869 5158125 4897426 6630088 2756574 4363127
9136400 662942 3999246 6913928 3229035 4565568 5222039 1287959 2825285 9174951
6143563 5229868 938389 1857244 4741599 7476068 902614 9408814 1402768 7583589
8029270 762094 7465926 5747925 3067078 3665007 9482811 3135610 3453150 9623532
7921795 2700668 1233296 5542387 2726298 6734915 7369301 5705517 7494367 4957849
3594792 799280 2004792 9587036 8053586 963950 9314276 4869676 8761326 9278051
4221243 7696559 1922786 4650823 5556515 454821 7905448 4953690 659894 3529994
5514679 8758649 2856169 7679244 9739653 3041426 3629887 3400973 9466362 5960821
6897975 4083788 5746838 2475306 3479952 5985570 8351473 1416512 9281622 4147943
6878657 7528755 1032140 484554 146538 6609811 9286048 4286460 5774637 1835091
1706990 1413684 2352081 7976137 4825984 8881292 2884741 6073998 6550041 774617
2399504 8154713 463299 28765 5304243 5040051 1105816 1425567 9274242 2481232
1676562 327143 5596418 7529060 1030254 7055107 690319 2467060 451747 1078693
5953400 4302788 4747790 4216546 6122086 2337080 6153337 2136303 9791802 5256734
2685317 303899 7526744 5476840 6055356 9693010 7405377 8939295 9525029 7362848
7652615 8983036 3028022 2283900 8863444 2881497 2404990 5196405 2056708 3943
7561505 4756375 1858458 8831083 2096763 604875 6950729 3839354 4919149 3945304
9939611 3857696 2487275 4740317 3110199 8657227 2073258 4372446 847140 9768064
1751219 5404532 9056424 1284813 2587289 6344565 4906507 4367980 2272704 3069363
7555888 3551120 2651974 861018 9733815 1228593 4878610 1801065 6718787 2595761
1639774 2452053 2944197 5888324 8240921 123677 1853454 1070502 5094276 4376363
8569603 5993203 3571346 2685611 2287291 586953 8951120 2933321 3488916 4273226
3623642 6628235 4776489 9239965 1726465 3190615 6179398 9352208 3062468 8763946
2045286 1679909 5626555 2973696 5447393 376907 7931569 474554 2191732 9852862
295292 4509455 3546756 5351592 6118819 5834420 2010017 5828789 9479575 5679699
1249787 7001795 6953794 50366 6959172 1282092 9240052 5437331 2029220 3461422
3715207 620053 4215748 5890005 4421675 7047099 7701784 9863347 6273905 3787544
2727117 5009744 5424089 6192829 7291969 6891491 9670941 9713723 7447485 9176463
906005 9713321 5530349 4467383 6283312 8151162 4768114 9228003 687245 6078474
7253951 5365630 8812537 7400401 4275816 318705 511973 6829194 3669044 8398556
112668 7317669 5961677 2720112 5263786 3868158 7847631 9158457 7278594 1850024
7771134 1090538 5683955 3283500 2716075 4926216 440180 7832837 2399102 9699129
735450 1509902 5567482 4225088 7441663 9876946 2547784 5743834 9499604 3452755
1964220 6364472 1238732 1154709 8998158 1465598 4888684 8150797 6125304 7827310
1142995 4281149 8290992 9787428 3614793 7035382 6022431 6195651 4557631 302942
9993098 6147117 2605349 4822782 255225 1234991 4069294 3613194 6544505 278046
1347680 5972730 1806280 3674985 407072 2943396 7944192 5208074 2057700 5957389
1507064 5994096 3154464 7999913 8581848 1443965 4051650 5833074 4936942 7914884
2978510 6674729 9324695 3640730 94013 4960642 5423561 786006 8903901 857230
6942911 5783005 3972165 5747108 4092839 8576516 8915096 3576625 7053526 7614985
5908685 5404391 3234991 156854 2024659 7670686 5931345 1019997 9678515 1105219
4283281 5707626 6775226 9685527 2124452 7942181 1992455 8961986 4414455 4799511
1930704 9251675 6511404 4892320 2515680 2231780 5606741 1360065 7013240 2577618
8652813 6443359 3203038 9594279 5624419 9983380 66848 652973 5266482 5956564
3595339 9246567 410201 7226497 789608 8065566 6095954 5893677 8426194 4337624
8655126 548197 558087 4258313 8796972 9870422 2654403 2062919 8906778 5649560
1192951 6700841 2255749 8509293 1342886 6174460 2196134 5288061 6094130 2635422
8493139 6578236 5682443 7563565 2034908 8383380 2291670 6277956 1179705 2491465
1643304 7854223 7945156 6363707 2408283 7969810 16791 6972632 6379209 2667062
4205477 7435443 4563943 2251735 6534456 3349603 8691314 8650751 9370630 1082307
7330691 2382044 3428714 9086617 7715744 5660120 2548391 7450192 5104777 5631261
7623604 810988 4076312 6286129 4114690 9545431 4561325 5834539 9166353 2395843
1027872 2229021 1341800 3024449 1110226 6159046 5815248 3774044 3118059 1096929
3195086 1717859 5223554 9460496 1299777 5947593 1952231 2244475 8814664 6358650
9970790 8170992 8867989 2694332 2813802 1695678 3275619 6693586 9829050 4881743
735755 9759600 9048303 4105128 591552 8481879 3587901 1250204 2918983 6862018
5941162 9082659 261745 1676332 1468484 5055298 7214389 4634848 3322057 8109070
7498316 7846388 4540337 9008214 588462 7308183 4694319 9401475 1671525 3076636
4876301 4590476 8707518 2554716 3195123 5587382 8751030 4417677 6211434 7776219
9225134 2282398 5177892 4299897 1251621 333392 689285 7931300 8503876 5157671
1715872 6629065 7116454 5477393 4719839 6862856 6800793 3328084 9938519 4183068
9043255 9206447 1005736 4170480 2794278 5348119 7015492 3401570 4778394 5766213
1857256 4597160 8463606 9305847 539925 4731704 5147415 18889 64988 9809998
2288659 5786781 7916234 3527238 4310030 8410050 8093352 6835292 6890761 4599345
915467 1347435 4482420 9640750 5952796 8977040 8746848 9063676 8148541 7445501
9768113 7251300 4522291 26983 3289296 7096138 7765230 5089926 7198946 366256
4070854 9008222 961788 3963081 8760717 1289350 3218838 1215571 4521093 3958001
3069377 7059647 1552809 4378865 3926759 4564723 7025732 2990323 8112776 8639310
4394824 1524592 1525286 4756932 4219406 2140862 494377 9369074 745638 3192259
5900872 7957102 3347200 6012108 1161117 7531756 2861581 1746525 9033359 9172890
5307834 3809125 1001962 8211304 2474688 5289427 4400725 6149874 8061192 2343444
1305630 6999715 4652695 2626028 392313 4442728 8353155 5335961 6863167 5218418
7431868 1779488 4611052 6482595 1305782 2265665 3427520 1905078 4562371 6770367
8991131 2974328 1851585 4552051 6499946 3486988 6819859 4678040 4330828 7744711
138466 7505281 9202344 7971849 7962780 9257858 4006654 1104395 4579022 8940192
6418133 8458865 58906 228258 2163373 7917673 1223049 1928324 9204544 4375040
7587758 7484603 548082 1872714 2243395 8939311 5065725 6811328 9868698 902432
4520775 2069917 5138846 528057 4437982 6411367 4747085 1043993 5210689 3239869
9986998 3134761 9194931 4619716 7236999 5965504 7639186 9830369 579735 3490237
1446666 1018631 2058029 5966520 7658143 6951813 6562455 6036466 3801015 2571957
5279729 5304961 4812530 5740684 8370766 9671885 5383437 8181937 1592636 7380576
8834860 7405639 1977492 8860030 3820421 142245 9028089 9495241 8644251 2728830
9524098 5653797 9676400 9175777 5656338 17716 7655230 9019076 2359693 3295883
9298441 4095359 9786469 2760978 7413886 6615400 107614 6143751 2791340 5739582
4004968 2206463 6403170 9358737 890016 1573769 2638109 5493564 5717243 58246
6246570 7347840 8979535 5715806 757874 2390717 3964564 2579454 266612 2889862
1440854 4745191 1011797 9596450 4146729 9330321 7882832 8201678 3571822 4927431
5801393 2446629 9963520 7578411 8553461 5519220 2551839 5489890 409812 2204427
58107 8777271 5664904 4604991 8786281 3225242 6120754 6264549 700847 4200049
4448291 7739999 4469914 2728928 4541129 9460930 2194905 5627817 8963887 8351491
8113586 1126026 939530 9396212 1209982 9139661 7248133 3099884 7932626 5437546
4789940 6182599 8538080 1157391 6001171 8036465 8462215 391560 6189732 6256614
6109191 7736489 4143871 4269647 4427469 3911193 2935460 6507557 4188700 687010
320768 543648 5161928 9568137 1722937 7260904 6025804 2750254 5831496 1996210
8811704 8298615 65226 311977 2484126 4987329 7981085 2339040 8681164 3467040
463152 1576322 1498859 3317339 1154656 4949425 7068385 2277319 8050221 402073
9116011 2499755 2183761 4907773 2483536 9806689 3196100 3426659 1649270 4595042
5427604 9116256 1174358 3743560 9216658 4662396 8064150 2352761 1506469 8749411
6524271 4451247 4209788 785812 8239058 6771917 1856950 2816332 3893813 1751379
1580237 890892 5351977 2526464 5150987 1442245 3476033 711237 8749591 467993
2162399 8199844 2267885 7850269 9293744 3476095 1377994 6476453 2648462 808097
4797597 9938274 6639339 1845274 796460 1056667 2276415 8454522 5105683 1579185
4030061 8394655 2572896 9648738 3187758 8003234 4826167 7201277 7135410 7587131
7457756 5567477 8228787 4894913 9170278 7127603 9839505 3634996 5002049 3170794
763271 7694435 7910059 8245582 3540094 2295641 5099710 7170045 9980202 7569925
4822256 2298935 5778361 6145255 9057135 9562504 8567686 873225 1604879 2587048
3577887 2801722 9687734 5337410 6250434 2201846 6984535 8007224 3646316 6814207
1446605 6228378 9105442 9941277 7237650 8718136 3585390 4634760 4766671 7613878
3440014 7825131 6249736 3740482 9871651 9239690 4668509 1748500 8821986 7399967
9176229 7349690 7737827 2130680 8783384 5214886 1468598 9608019 2511827 6383050
2078871 9454609 4168549 8931968 3714110 9629759 7899090 8849572 2220847 9467359
7107500 4330567 8870798 2411670 318618 3246415 4846348 9087923 8275858 4435130
5440598 9893980 8069437 5054443 2320661 6032631 8644600 4895687 5946185 7785986
519608 6576691 8944324 9782983 9219118 2120284 14596 9729095 4150503 4569002
6437025 2715773 825529 9480567 6356230 323241 9220811 9495238 880560 8700575
8034763 1399743 8653778 7517818 8873756 7114284 9556212 5780214 3987003 5452427
3151733 1599773 8270164 2295238 8801175 5391049 8185202 3983962 8354213 2288879
7579313 7495312 3165704 2492191 8745747 5879262 315205 7891278 7920865 9867089
5055454 8549278 2066350 1274582 1726312 1611865 2810377 8925456 6832967 1578931
1929687 6864483 5540466 1101332 6747191 1067824 3428436 7015611 9484977 6309686
2808630 6094321 4194133 3858157 4250655 807530 5673453 6015199 4451452 5881578
4147179 961541 3712573 5166827 6280160 8337975 8464094 9420992 9493937 5271039
8230442 4384625 2719094 1559637 4043045 5099547 5551967 2478337 1530816 5402851
5558028 3403807 2366041 6744587 4877916 8479963 6083650 2215354 7379346 9395136
9682064 9972073 5411407 7509562 9305595 9782470 8769553 4013416 759117 5802891
8566003 8929051 716105 9384979 7299783 6012172 6752729 5733900 1123531 4766692
3331156 8185616 8813083 8875670 9034650 4911280 9988784 8516311 6330080 5319453
2029864 5743108 9722098 734514 1565603 921166 8557472 2328668 1544793 1007770
3204576 8415619 2937500 1486666 2859389 8797958 9993595 5850637 2158703 5980185
6718587 5908667 2008270 6158572 2031083 54320 5800502 3121691 4129377 1128187
3990321 3177106 4091826 3339974 2043613 8886037 8779024 7544111 3012300 5456220
6139215 9132166 6362518 9276549 5478212 2213708 1885953 7187060 3969624 7443897
6772773 5217892 1654992 3048970 4962206 8948229 2195190 1098791 2962464 665251
9162095 8508540 1623365 964370 762613 4821316 4539573 183107 9027509 445764
7273779 291354 1170811 85699 6983735 565848 9257516 4630195 5545040 7184796
8092742 1289563 7252605 5206635 4999309 566545 682176 8964306 1176565 7873239
3339927 946707 7443113 7688368 4893353 5103668 6888879 1110351 1643602 8606037
8071435 1130748 9514260 4330419 9819233 9508465 4419049 6019693 5205449 7827161
2407157 9997131 8123379 6586800 7015176 909910 7439335 7911896 868021 5298149
7317182 9711660 1234230 5428997 5994305 3070687 7537472 7374135 6810441 3557038
5436707 9657646 7355243 2688455 9374551 4968833 2596974 7062632 8568472 8519705
505327 9380159 9501964 1717835 9513197 9285114 3798614 4809011 3338446 4951382
3857295 9307525 9232228 1747722 5348508 769537 4979505 7159916 7806479 6850564
7970317 6565382 9030966 4564494 3690905 318434 319745 842259 7533306 148998
8924809 546444 9371483 1294419 8414012 5217816 5509432 4490948 6153346 3135540
5564456 851294 1701006 4139856 6102563 6865504 4747244 8507867 7652684 9728942
5463602 7422554 9406720 5414122 8177524 2264677 2295121 5676312 9091431 7281168
7800120 8907072 2561223 108843 4572570 8189023 1360432 4053872 1101178 7589000
9647675 1458767 5481224 8580082 8636984 1332968 8691793 4028094 8656033 4314836
5758113 2707026 4440199 3297682 9154500 2008675 8694441 6725167 7085287 8025381
6632093 652470 5080453 1766884 4635252 4110416 5685371 124293 1084048 5323239
1811027 1504823 9319570 7867379 2340475 4941524 7886403 6942965 5351085 2249312
5911424 5638573 148367 2323364 6585627 8645760 8611878 1477561 283287 9276069
6721046 8498741 7906668 7956483 9417599 8833991 6867871 5486105 7746969 5423917
9616254 7749057 3447770 4869534 9503098 7639450 794158 6870037 5277753 2960996
2135538 5652083 1151593 3465622 9264189 3277663 636484 6601236 8606883 5207537
8245163 7656123 9358172 8924515 3110492 6653091 5857696 9583317 1062955 5598553
1227390 9483971 3299408 7246645 8059857 2659882 9147299 3624327 9321465 1667409
9577142 2997967 5363532 142618 6202798 9912469 1009421 3312637 2945972 2659756
8024393 6466047 1250733 4202964 7820931 2307245 2604320 56025 4803750 8838688
7846672 8275805 6511896 7365100 8480322 9490733 7070395 9231566 2785926 4967904
1182832 177080 4091106 4057784 5276659 9188354 4572898 3866288 901020 326729
1251822 4908116 9732938 3411452 7783177 936708 1473915 1647711 4886021 9879911
5991901 6433477 906353 2867611 9465108 4897499 1356585 6327161 1168234 930702
6792496 11847 9094038 2190493 1612655 4757528 7186159 6423309 80542 264405
5926760 6460520 2976831 3797751 184580 4404483 8669501 1417456 1888691 4511172
4888316 8532432 9188679 1204498 2387054 343177 9199309 1818382 8214786 4552974
1365347 3119949 7826872 6393516 6544345 2796828 7377468 1725737 1585889 3495909
3251285 2782429 9140537 149874 7072650 6651864 8711709 7151382 7025993 2439358
2251658 345682 6675959 6067418 6538287 268425 1408770 339248 1076812 2325429
8306864 8700587 6239089 9948740 4923105 3991896 2069157 5107610 9865629 1820236
7955644 3786370 8833186 4636321 4094975 3535285 5279685 7126655 7341629 6934188
4848529 1047274 2972484 4345554 9781415 7483784 1650541 3561597 4351642 1692390
7269729 187376 5832034 4859167 8125199 5020598 2016408 139415 3877100 8305164
9295605 1501110 687155 3020319 7672754 4372968 9754850 8291050 6366563 6541400
3650401 183408 4597135 6933511 6619445 7571383 3758528 7832439 1172392 4566809
701053 8922921 4578260 6347399 4337236 1815028 6772768 8534460 1810681 169843
4679676 2551331 4098624 6676556 6048780 1396349 1266986 9959721 4576039 1480751
7275250 5367201 5156051 3460531 6769155 7469957 5535232 9273479 1724225 941514
2625848 4113374 2663881 5203452 3530508 573679 4695543 5227305 3092965 3337176
9970947 8089842 2542894 4930790 8163577 5347069 4539211 2112986 2723559 7240412
8733307 3333345 6718658 390333 451641 3542634 6648202 7238581 855130 9040257
8455468 6104693 6784238 6531402 288312 3538571 6761812 8321878 6910974 5202663
7797029 8216821 7632061 2033025 8467483 5772296 7265800 8774205 6037681 7733647
9197698 7083236 8365969 6669912 825204 2055319 3736534 8154018 7315604 2782834
949702 41458 3880868 8707480 5544535 1629968 7148321 6585218 4801721 4178194
8325182 3467736 6655882 5394466 8874614 4700101 7251390 9835323 8308012 9992710
2200980 5949149 1400571 1323238 3494846 2173472 5433533 5774570 1295972 4509540
339082 9718006 951573 3727185 2378592 7858887 5649069 266158 4167683 6697100
2154349 2268550 208634 9476425 6981111 4262613 881869 3638993 8061824 765099
876085 6442297 4541055 2147691 5789081 4518809 3184425 428809 5952133 2915989
9730369 1603767 5543347 1965803 5279862 3191296 8041947 2941713 4157421 4186681
6386636 3982265 4885626 9082982 6928947 609449 3239245 1633429 8503361 2025852
4834943 3393443 8251911 4271040 5568284 7646505 9742163 3755044 5581629 8052440
4085138 3836059 743710 8067035 922972 2822175 5741717 8210082 4435984 5147015
4503401 1702854 3200208 7266428 810856 4402436 8093015 3194666 2281520 9888620
7115573 863537 5686892 1817214 5012164 496188 8865613 5304892 7863883 3691138
9420429 1187564 2157372 3411151 3404442 4459382 2734710 6620129 4560602 440183
1452428 7630529 9334287 318667 5036901 911563 5381065 5065945 4877847 7703401
9333059 3599007 4307971 5533165 5447677 2834156 511059 5495421 8199505 9352220
394629 7983986 3793609 9783741 5724071 5053355 2122993 4890677 9787456 8798703
7232129 5745522 4699808 5441713 7419862 3117363 1666622 2710189 2003503 2760722
1306539 8642090 1199435 3683728 7889668 5175680 3978234 2094551 6513248 6919393
603631 3710125 4343101 1753646 6056059 9854862 2875124 5124211 6082150 9009445
6044954 4500367 4453758 5041347 4904804 3435169 2081631 1106070 8215544 8854451
5935849 1769682 5436264 3462888 7134828 3472603 4871146 1968931 659484 8783435
4145893 9304991 3247912 1664440 672834 1699504 5819396 8498740 1313465 22049
8509821 7736144 2832970 834856 6454637 4104505 4838326 8602499 6435013 5124993
6206486 882622 2499394 778987 8850304 7703537 1675568 504929 5062751 3752892
7005396 986079 3432030 9551817 3828246 5254357 3779721 1122609 5789577 6258633
5303203 4658982 7861570 4331774 6869590 666935 5625065 1379843 5036738 4122529
3464765 2088783 2007126 7305803 4271167 3866639 7609913 3919264 942167 799184
9009054 1859533 8640994 5202747 9102708 6191297 513709 5064532 7402992 7472820
4355275 7980188 1013228 5129341 1826044 3275714 6748947 236566 7948966 3820646
3534056 8271675 9760159 4452109 1596201 3435249 7515801 4898170 7601451 68365
8165967 2577729 6039912 7003935 2026826 1449707 2209168 7859365 7868800 8922544
7169175 5610725 4549834 281810 2037165 7499353 178890 7245124 6190422 6047725
5370871 533290 1325976 874872 3059118 8647782 8309700 3084308 5757082 4247929
3321694 7035465 7248811 1437588 1428492 7790087 5310468 948986 7398878 782294
2725988 707726 6064537 7170566 24747 9251639 8026793 5915267 2352191 8471303
9770093 6141882 3090992 5300206 4512751 8885609 3177827 2309069 46890 7332625
3560736 3404579 86311 7582016 1859638 5061408 397658 8679063 2284498 5569252
9964198 3350379 4568788 4773053 4493601 6436931 7982028 9803946 6987412 8126886
9992100 164344 2925758 2354709 2272257 3619877 2218244 5018244 9185365 4284210
4231516 4668591 7305639 8203998 4312890 9622317 7224148 1880 3416028 5324405
5884163 6784499 2087501 4507170 7702969 2640965 3810274 2266525 6624702 3756540
3520183 8302618 9017727 2121782 6413735 858621 6471083 8455848 1764563 2692247
8270407 2271075 270218 6282983 6311466 233236 3261317 9728467 184505 641322
7103854 7543623 6912210 3095804 4623033 3658758 696997 7765502 1078945 1626151
9154421 9855329 7783616 1647810 3052661 1311495 560189 5802045 7302025 1952641
3156326 1257611 5159053 1026853 6944474 1061846 354100 3606964 7448483 2589670
9735935 7152245 5886333 5494939 1666604 5654059 7265179 1306837 9290109 9887528
3568016 4326056 4187131 6910677 7607248 3773063 8108532 2347798 1163202 190073
1795437 9137562 9850512 340679 5602240 1667940 9754569 8241915 5526554 1662104
9957111 9144293 2447341 7607810 2047311 9942129 1489542 2203831 672553 1936934
7325336 6049383 9848422 5821694 2353118 9733361 1819620 7481620 1179112 6429348
8872686 2717447 8256334 5663507 7345088 673402 5669781 7978925 4002049 3628571
597658 2514766 4628152 6109797 6094971 4423806 1380010 400436 1773726 513248
9101660 2611290 1699332 9176943 8024225 2846591 2269198 7186792 6739048 6241167
5739072 7405217 8067811 7439623 4839421 7520144 393157 6636757 2431379 6274886
8211769 6780857 4130672 9400531 903030 8258696 1987998 8218707 7137193 3198989
9432046 1586511 1148543 9646852 7757195 3224156 3787569 2440223 2451221 4436401
2630838 3549057 7986805 5691242 6586847 8932339 2153016 6100023 4993307 4323996
8472510 5120158 8482215 577470 6588508 4451321 6687427 4598972 4936700 1588803
9593805 965454 9497492 811088 6059146 272860 7051715 4305008 5552741 414874
4117713 7845324 5428150 2105928 5825346 1826371 2734481 2997223 4163800 4294436
3182580 6443855 2225000 2959503 2315082 3807257 870115 8365937 9601552 8411732
172981 4301438 343364 4743303 724675 6488137 6881467 5013565 3048021 2949442
5404747 829113 9836461 7238396 2225661 8801760 466897 1995292 1021672 5198796
4722496 9831768 8852364 1944232 5755223 7269286 2283355 9767309 373136 122692
4910299 1879211 1001513 2927955 5343447 2694257 9152261 1824138 5419641 2658698
6896568 263187 3520783 8872483 3434700 68690 9561860 9714334 7949161 9604459
8084446 1729216 5895403 8436075 7564356 1705902 9551533 7567757 1649863 1352111
8166687 3814986 5423746 9288530 7970877 2615701 8106902 4161567 198506 6171801
7659046 1587958 8379177 9904122 389171 1911806 1740451 8590960 9543019 7734388
3002381 8444540 5730729 4724759 7602185 9572138 9738933 5611467 3398298 6291988
18566 2079586 9358987 1886379 6269311 9769596 9719214 5758548 8033712 1167290
2493824 6168321 3603571 5117382 1263288 6365776 5857486 6343848 5998895 6309266
9571042 5310036 3158482 9312515 9785911 445863 7309247 9542523 78608 2872667
1567536 5269284 74888 3525336 6693772 4748571 2138334 8862579 219461 5988469
6471714 7834505 6249814 8051226 6907919 5262325 4944529 5984381 6999055 1117363
8082299 6052425 7699921 1410194 5222936 5822389 5329545 5712897 6732499 3751166
7920621 5505479 5402413 9524819 533025 9072523 2512418 7810873 3730072 5963216
3873038 7187504 7048747 9522022 3817219 7884007 2873360 8063625 2343392 5966236
8269707 2082590 5234364 8132115 6067118 2649563 5176766 3993421 9048873 396843
6985394 2557955 2377723 5077632 873823 3619435 5640232 2125294 8622916 202506
1188182 1223070 4285345 6868812 4504700 9689129 1428049 8929031 9642279 2914759
9512673 7790170 7619956 5205828 6566954 4240087 9618340 5402688 6984218 2043963
5735714 6202452 5645678 6676465 8005137 6611939 7861100 2376672 8929228 1745444
5763206 5234627 3502635 8283988 5947781 1412255 5182337 6757080 6570544 5760904
6658303 5102031 3522161 6311847 1062435 9331686 8414674 834096 4844181 5925352
6444928 8286441 308584 3421440 5338214 4860423 7287088 8668213 8540316 5078608
7725160 4163293 1887897 7136323 6337503 3745545 7813533 8524187 6116488 7814740
4743221 3053697 5361928 7451355 8173709 6751595 2915984 6963767 5414952 3750717
9568116 2212213 7854793 2826653 6815374 1299337 8239748 5832186 6001629 1037320
6014695 1900142 1249335 814302 3450175 9661975 3471108 7180215 8208436 7350081
2194660 4791646 6189055 7463437 1509675 4088453 2825355 1787484 4859690 9623931
857634 3045644 4182920 1507626 2602341 6735107 2779349 4285777 9494033 7475225
778261 8787834 1430460 9629094 3669841 3408330 9418101 4713613 3052404 7461897
8584275 9005999 93040 5190802 2287258 1648283 1373125 9559796 9976782 7710754
499578 3205064 3896762 2861505 1494545 1899143 1371635 3258873 9711884 4092247
2479315 7410530 8060654 2839500 5948693 8838795 5931434 5400861 1870886 6642043
7618937 5364338 4961454 575119 3152287 8929135 70819 4591594 5354787 5228219
1987561 9803634 5966155 5968387 6572012 5902299 1981545 3403611 528863 3486050
7428730 3018228 6241561 4227681 7369252 8628333 4707708 2710860 4182869 9922421
8303796 2751663 1749636 4097360 6667737 4794975 7694394 2438806 5207511 3029583
5849584 3542977 6025142 1478887 11730 4637523 3726993 9020881 8281892 1004322
3562821 3932258 4144067 9688148 7923305 5908992 947977 6072468 5370075 4431499
3525117 5545691 7201647 5039145 9903939 8642307 8762518 7843483 3881535 6484180
2112048 8267201 8208633 7113967 3289763 5111538 2068742 9610174 3391886 76240
5335499 5507289 332083 9716020 3315692 9129162 4429758 1762682 2389147 4229600
5391612 745863 6540094 4990294 8610827 5435974 4018702 8560793 4192232 1733757
6756397 7651114 8055918 4499567 9162990 4339346 1796880 7039830 8883130 8543205
7656869 6124416 1202836 7883626 3546714 5176665 3680611 1306280 6446262 5843115
1905953 7095494 7793742 8633754 841220 5034348 6617464 3897889 793046 1069972
6733733 1048678 4280875 9437183 763534 1651128 60317 4310174 8095216 4540967
4350350 2145041 9375890 8994665 2016404 7739743 9649313 2315424 3811723 4980888
5615317 9596258 6904000 8668449 2997111 4686573 2141789 8548005 3455204 2721268
3232978 4900280 2605217 7527773 2492639 8539523 1528426 9781126 7746144 2363636
2554522 276433 9448523 8635383 114213 3641586 8636674 8133817 1872024 170528
8058901 1695098 2174738 3795951 6876077 9291702 5853155 7067530 7611590 2017371
1152198 5187630 6601548 3574219 5924502 9138750 6637086 3595476 8967835 9327895
1961357 9740207 7888537 7296305 4500074 4793396 8344225 3732468 6603661 4755739
4059157 6807382 8315950 6784400 6228136 7467082 3618550 9987296 1061903 9336247
8740348 7355183 1483677 8483258 255169 2613308 9123345 3293237 4536143 3117363
2635714 2081824 2011542 8049272 9782023 1885182 1799292 7035096 5525456 9111736
2640808 4591186 5652960 2736260 9263357 3771632 4552466 596656 2481440 9768165
1514061 913373 6521918 6325133 6419615 4583020 8193884 8078628 6650064 4584016
46521 1184542 2100418 6347261 2693438 1517305 1406033 6625241 6273744 2012935
4949154 3789482 9539222 4780611 2522482 8244126 4940072 7333452 9097355 8308161
2678848 2338601 3297698 588810 4718508 6764631 2507649 8436734 9475875 4856470
5496945 2397704 649068 7708648 2077571 6159341 248843 727000 3667037 9225507
4081868 4882076 5609694 1568182 6590697 4439022 4495636 5666194 4129866 209015
9006054 8875230 2125050 9380137 5678949 2730023 602318 3489279 5678421 9255150
9579983 8374436 3305085 3527651 8033771 9232749 3076563 2240988 7343551 1526497
7681242 8838415 6898306 9265570 9945264 980380 4103430 8474597 5536733 2414871
8136166 9366942 7920886 8401345 6739469 3853312 5213016 237094 1147462 3239972
4178030 3401232 9202361 4683876 7514017 9077194 127556 8172828 3491109 6362662
6634158 9757431 27001 8050279 5369663 1186098 1124927 5233120 1360073 2021931
9318313 1019251 2043809 1367221 6844842 4726182 2753817 4115400 7696275 5251474
854983 7629672 1572419 4003097 9320472 3488869 8610423 3778122 6968641 4293978
3261358 6423545 462987 8730510 936383 2359999 8921097 2829528 3611543 2527375
3179823 1015766 4542528 8460069 6153326 6854332 425202 4828229 7364761 6653354
3085820 8895528 6674831 8002731 5904915 4265614 4461791 6766834 4610844 5235799
5510388 2001352 4471288 364326 2418504 9939558 2793820 451457 2498250 2951985
1312616 8946913 5468115 6447615 856792 7811301 2878007 107639 5122530 2411155
5908506 9407549 7611401 9193763 7624853 4863145 7970060 4959473 743186 4510427
5245263 3249345 2471958 3645132 1624000 4668232 6560776 4937904 4073168 7894024
5274718 3427753 7445583 5703864 4639136 3576727 638296 1502157 1827817 2808184
9410191 281024 1459734 4370115 6556664 126651 5769493 5253760 8076129 9455391
6734811 8098160 4667063 1531493 2760003 63330 5709165 9581242 6275125 180804
2076632 371817 8578340 9983806 9329352 7609305 5113823 9718738 7084805 8044129
8374980 7813691 6140037 1964404 632628 3139746 6948553 3847126 6211852 9784515
9876972 7353397 4829696 1553228 4847711 9235780 2157494 7236307 2996975 9131087
8885541 4669130 9421020 5909719 1288526 1131180 697639 2035828 9065895 3270009
4336964 5098865 8922426 5125175 4201634 5686631 7125436 8860163 1167778 6917922
8339858 5090522 2557702 5274511 3637442 8216222 4832600 2215935 8496621 7082620
4566185 6297721 358918 9394261 2369731 5117756 8460165 6857489 5648526 2226978
4463949 1270530 8147202 8757944 8223235 9680605 2941023 829963 7521474 9918259
3320672 7001871 8754130 3291615 601883 7880738 392261 1583691 7283627 8292019
2547659 8140650 1703787 2203708 9894894 7421154 1646052 1535237 108802 6261645
3558855 3647221 8814685 6152446 6165596 6639988 7348233 9578871 5129258 4517197
8341527 4554581 1033166 9323633 4977858 5772107 4142376 8586110 3519656 8528906
5270931 1653484 2817825 7368759 394316 6628621 205861 8191449 7934333 5136607
3705345 8719479 1630472 3680427 96546 5310243 7681159 7260855 5179685 3600869
7575689 6854765 2855306 2743913 7793540 4151186 9697913 4087245 6660982 5992752
3819231 3323201 2287602 6878883 4986760 7758774 3590160 6572667 5355506 3306804
2561465 2106466 3661328 5402979 6915736 73826 5451398 6532343 6411182 8823948
8577446 9696142 2995756 2097478 9561110 6406291 1297566 7484830 5085305 6710298
1508018 3092465 6786030 5687447 129299 1597342 6462352 381719 9879901 5637150
5781861 6477374 7511775 6890231 9453241 381094 8167525 2278766 1838482 1371398
10018 4839908 871104 2166531 4476166 1310990 8084078 3646524 2408941 9433902
2717281 4009098 7980655 4137615 8728070 4391326 5711215 5178757 4132340 1933977
357934 8968327 6586175 6915783 9201888 3736940 1934469 6418960 2658574 317611
7908164 3407810 384693 7954168 7804574 6137401 863049 272948 3199321 6460253
1875758 805511 5435685 7461618 8358639 1432487 9770636 4086639 9791558 9299970
1136981 1643784 8832888 119230 4909280 9432328 150035 2142974 3941308 4787827
4927001 2984646 505100 1987707 4628243 3915488 281002 1535818 8721110 304410
9845664 4301978 3991216 5483875 3594433 1519788 8395989 6488985 8308079 586468
5238792 6648164 6068252 6992629 6071600 6093910 7675308 1539915 2026576 6771871
3633318 7089760 745493 8223423 6317964 1478164 9196803 502482 8870853 1800825
7915714 6535404 620451 1022692 652606 343570 7723212 4717147 9005766 2903736
5216262 1390950 9283798 2988251 4169393 5308020 9595805 7507553 8630994 1992443
1952707 6466702 6620453 7955913 4585173 9098284 7236477 3314859 8500850 3525291
8354910 2501515 3993719 6909310 7068662 1473803 9513378 532977 1058960 1294716
4944010 7841236 4315536 9929033 1125863 2491760 1806161 142089 296458 6840349
457462 8061661 725793 1444537 1455411 2040435 1920836 8553355 8657918 3436304
244330 3536258 1623838 655685 4112853 3902176 7095573 286231 5489102 2636380
1610440 4158112 1903239 2342550 624053 8917713 7518080 3975947 8640228 9227642
2551074 8579888 9030174 2800886 3835266 9060492 7133999 9304784 1146670 7164086
5931557 1910031 8899294 4656472 3894220 34475 1002667 2944450 5787400 3339073
8569984 4116070 3658071 579623 591151 9888716 5240579 1216207 5203715 8741540
9531284 6679904 145170 8869597 9605614 8484090 2023190 4546321 9461201 3566560
5933098 7941527 7855321 3383507 6494729 208019 2326171 7731698 5674219 247986
5534095 2786070 5879519 7399473 7759389 1824786 503627 4059830 1914075 7406809
2554048 355295 3349705 4998734 4785419 8802745 1653826 4819527 996922 591486
6048435 4127145 6733568 4896 8986610 9471722 4049198 2305095 8779066 2999805
727332 1443407 9673281 9871422 6159673 4323247 8986349 379970 9798975 4638114
2717860 9157978 1378120 8135959 5077233 6718026 441983 9475041 8497907 4355070
4729063 40975 9902757 9705866 3545499 914200 7282036 8647147 7988021 4876145
3020307 5025122 8910081 567104 856604 4072378 2938920 7999382 181174 9863552
2568707 1145716 2549969 1056188 2009684 3464450 5114718 3942887 9110170 3476894
1471372 5510790 9662165 8037223 2507004 2916834 488198 1909562 707088 701053
9199116 2955311 4228783 1720458 1004757 6727612 1465836 1715830 8311230 1281139
2831971 1831499 1987930 1199677 3005917 2646741 6934031 3302517 5263162 1161169
6962987 278940 4256312 5575062 5873571 5273521 2901532 5289501 730746 7582458
4129838 3850215 6660956 7136994 8878052 1296943 8688664 1201719 1431697 7045235
1574384 1900826 3685187 6817489 6575119 1768238 3075390 1449171 8273094 9687356
7812560 6077409 8803907 7174656 5759625 6752187 9780843 4328199 1614534 3899925
1544138 5131687 773896 2793848 9251269 1690263 6799591 880887 4619876 5542623
7246100 4759209 5850000 1926825 7137737 6470515 5031160 3176163 9363325 1678082
4642271 546860 6853337 1833544 406679 6944453 7503839 6150065 9078929 8118085
1148327 9339873 2439830 6729242 6665062 8902101 6087531 9728211 1116654 6094014
484995 6341511 9274361 8306536 2777444 8861706 2902985 1850758 7330893 8463979
7926608 7250486 351839 3791355 6534214 3402778 2877327 6771120 4964215 9413281
281781 4807022 6197075 8497206 4892953 5792775 3045385 3658862 7132563 5074203
9096946 4202269 7920464 6738353 3667459 5455117 3288801 1672388 8050768 4582588
3221755 1104430 5380361 4983509 4766878 927395 3602767 638988 8897691 5921504
8582094 3688844 5331757 5388176 497067 4826764 391561 9100843 3599939 7397469
628736 2724662 3028037 6214849 4467691 388305 2025556 38343 7565437 6282761
7409696 2530525 2367351 9683023 5197244 979765 189836 6198078 4087830 2063918
1687537 8983693 190806 2978853 7427600 5160049 1080229 3159209 9202132 6203527
415928 7922606 5832640 7835522 1479370 6701752 3464249 7969861 3686838 4258252
5224359 3308106 9765381 4164314 3959879 2113103 1047126 1685120 2116021 556086
3947985 4077709 6696252 471912 1885114 5395104 7178153 2119065 3199673 2288313
9175701 4812711 3664951 891605 6399387 7675448 2285259 7706915 268581 543007
7602851 5563331 1571713 4021884 1139335 2325231 8468310 1033542 1130975 1467690
2510501 348060 4682351 5437953 9910865 2207628 5568793 8977136 9935736 3322495
7383437 6786373 6344814 967024 8864990 371217 8683848 2037109 7131494 7192271
5265911 8623424 7844157 3853947 1186244 2514620 1038963 3501571 8862155 2495061
3386975 5508972 9515544 4467907 9180287 3800190 9590505 8879610 3815358 145223
4761555 1969496 3486298 6296245 3414281 7378164 719360 1656012 415040 6457632
3236597 4604996 8033386 4839167 1381599 476062 5857344 5617286 3163764 3926071
514680 8337430 6004094 8649368 9658738 8994739 5602847 5045975 4813829 3619668
6644357 2360579 8493230 2791731 5469690 8108253 8675203 89241 4168663 3248804
2483609 1508893 9722790 3907907 2355319 6150553 8825063 6876490 5947765 4199551
9857636 6138974 7483127 7681705 3614298 8123544 5821845 5900077 9097654 2195504
1155545 8954216 179668 6037077 2825787 6283852 4389401 579835 7574872 5877055
277517 6045030 5463437 8544366 2402596 3709328 5364411 761024 5141736 4307274
4766450 9282430 2324205 7699482 6659893 5378242 1302722 9042013 1635077 9030669
2315859 3988898 6732328 6813181 3221522 7834350 4837834 6719541 4834439 8689333
9962374 951013 2550910 1105900 1195277 6621960 2963253 8477330 5617456 1659628
2072002 6505907 2176935 626550 9024672 6586137 3848943 5952569 1742875 1490554
9871939 3717653 5434027 8497327 2237136 1840133 6207745 2958205 750934 5742938
830312 1993053 6070805 3708336 2859717 613293 4472631 4555605 6159154 7322291
6165618 877468 7565868 3639754 2509023 7115686 2956244 7427752 4917467 7052761
5380184 5278301 6514426 3617582 9869760 2910419 8839016 2057609 3387645 9623409
3553513 6376237 3268648 7339222 7550028 9407730 942280 8850539 1869505 4616159
3660855 5958002 9297953 9448938 8356337 2795867 9285619 8604791 3574149 1047517
5671837 3137878 1620048 5086680 6715120 834923 8547328 7703314 715449 4551100
7701122 1618278 536403 7719569 7440597 8880230 2569169 1972988 2865206 2626060
3614735 6411469 5414842 4509247 5648781 3667291 1849541 734576 468494 2745348
2047645 7459426 248133 2845971 9614219 1429913 1171475 2228713 3039495 6309021
2282319 5674307 1275180 4905195 4005565 2816689 8239772 3179406 9657536 7657496
771168 3471426 439306 9331787 1562450 4435355 6265122 3719807 1202891 3999699
8171653 8476377 727647 2708083 4190768 2481621 3753953 7187850 6079899 3134372
3760299 7823491 448481 2280789 3782104 1892452 8969815 3290382 6275348 2308148
3301276 7953420 1414049 4178585 2972567 936008 9693413 6872249 1205944 5498030
4150113 7207586 8680912 4704656 4044477 7024773 5931127 3341296 5686975 7120906
1641725 1936752 1349805 6020308 6412862 6822051 3504956 7849209 5323415 3658335
8967241 524357 6133524 4365625 1988864 7924654 9527819 9766201 4823071 5627017
3849466 1235556 6947301 1274267 479048 4279031 2427978 8312802 7154342 312147
272739 197094 6224948 9901560 4049253 4011475 1873042 831464 377929 2102532
7965 3866321 3431680 8109387 4942523 1878770 1450872 9133074 762587 5640272
874189 8753032 2348896 9301589 226850 6410996 134769 4931093 7232664 502039
7550356 3299821 2520648 3184569 314836 2103463 7188343 1254654 713874 4911273
2842588 3972217 733797 3228383 6528392 9873368 2359317 5390740 2856482 2926126
2535789 1750712 840489 5416052 2466477 3827572 7671637 2975143 311500 994082
6143275 1013313 166676 8389082 6757508 3931031 9621990 3802664 8679564 4481567
5105841 6615592 9593681 7344709 9134206 2613007 298905 1985043 4843370 9886312
3168621 6186651 8782453 8959861 6308015 281905 9200242 5822535 9705609 1005645
3029504 2843723 4133789 8529416 8726061 4233501 9298964 577327 5810029 6708715
6584629 7216808 8833851 3615928 3596935 6061807 9340318 4000135 4840258 1153942
8607128 3388150 1547667 8338014 5915463 4794065 9633056 4935424 6986233 7698359
6474421 1957875 3987980 7268473 1308668 582928 1416158 9763095 6934230 3175623
7265277 1040106 4665944 6472813 7085682 219056 1851692 7532010 6454110 438809
1669123 6049116 8352199 5388187 1192177 4353104 307620 8583871 3745783 8555224
9926264 7745747 3360730 4520691 578890 2595425 6315654 2066919 4635523 4042196
3534654 9806308 1254167 3788538 8002618 8562684 8579614 4798111 2931014 2615682
8642203 5400648 7716260 4404657 9160843 7788183 4226236 9573382 9412632 2580581
7115761 239811 2090576 1488404 3584230 9416963 5317330 1659144 1518681 153733
4470640 5527936 341339 6271310 4922126 8333305 1182801 1017052 5470685 1447627
6457680 4271169 1017601 6440151 2911009 5514048 2773370 9451204 3760701 3604499
7937513 6245193 4591137 6913789 1314056 2167823 4013690 4523144 6918068 2333014
9706480 3877439 4860947 3685983 6881007 9257349 3518279 1538853 1243950 4618370
5646146 1496978 6345862 5482663 5956309 2033004 206046 4543608 1854396 5739015
4338088 1129183 2499477 460440 7451036 9734479 9396065 4835553 777593 5949652
2154334 8929070 272519 7049759 9848794 9296787 6403309 9717985 4400796 6225194
554879 80050 7923954 1259635 713036 6132703 4418281 3172265 2528727 257921
5746 2210269 3464107 8318093 6571894 2827595 914469 1458207 2276502 6075407
2677391 9582492 9029180 8606929 5189864 339875 7197218 2121915 3100438 9021595
6708079 9389040 7684987 764442 433410 7238940 5563989 9438355 8192399 4409611
48662 7261295 762888 3581140 5958862 8402776 1104095 1002908 679949 8232963
6478832 9197198 7302038 610355 8974174 851076 9891416 8524762 7622843 3260026
1931199 9295824 8206144 536582 7555382 8327542 7348358 509606 3528800 5528854
3775144 4872834 4060428 8811659 840097 7126917 2696043 3517988 4564833 1586397
7290394 2983353 2646130 6501346 1998165 9656206 4499930 3487094 498357 4435288
5095948 1308999 8997331 905985 2298617 8723903 982339 4953769 9721189 9973062
2834306 6280208 7380738 9102015 1006539 413968 1194934 4235123 6269065 6821760
6182694 8693284 7583546 8652539 6834995 1718698 636565 3400615 1952689 3460185
7934182 9718009 4472577 502393 7850248 9769716 5853692 9238687 692543 5249804
4185068 829156 8989672 3111561 3338197 2568057 5046776 5924508 1983964 1692264
4999343 3904227 7818857 4325855 9325305 7270823 8191140 2747183 2544794 4354391
879877 1947887 2529281 9817583 5979474 8250411 6573825 2766651 2228509 8356247
7975512 9315814 78557 3770329 5929408 9841761 5091944 991392 2896403 2410838
8007926 1742423 5492806 9783672 5529675 919190 5260361 2798531 1246014 7193466
404110 3331663 2943266 8387035 8540236 9249574 7709583 1975579 7533012 4725613
2106544 9723928 8476230 9645017 9114164 5484133 7775955 2634244 4394084 2532683
5222820 5079610 5162132 199296 3659492 4255272 2993931 7282685 2190955 2708538
8656532 6522054 4481195 3664112 9394774 4686652 2390834 2619949 6941508 7841361
9257871 7637257 4665597 4683056 2048369 9603917 5677177 7104769 6012013 5663158
3356164 7276889 8097236 6892929 126104 1339245 7820751 4393632 281309 5882359
1970125 9803018 5044257 9053188 7187616 5622319 4952979 5154948 6786514 9573223
4229263 2402270 3465742 9168734 7618415 5948483 7082085 6259948 2559610 3485099
2618281 6387796 7804136 4620475 8254398 9842840 3090850 5738410 7745552 1704319
9176812 8227436 4474516 5890871 845533 497244 6407996 1206707 1079909 1514802
864444 8752398 888344 685929 8734203 9937971 1755033 7227456 9935513 9852867
2788522 3500505 6523131 923492 1935430 2629511 3856774 5725209 674906 5710975
4740105 9692552 6857511 7462900 6238823 9764170 7414815 1350862 5577675 9800342
4589641 4343567 6942293 9674164 9321097 9847145 8439380 4696393 1604162 9057493
2783026 4603438 6556297 1652865 7334359 8809155 123242 6245710 3174985 3257804
8026464 7934319 1032111 914289 68182 5037207 6264239 4559844 2835247 5525100
8785571 4148854 9311324 6912008 145839 8863919 8345662 5809765 2352128 5483319
778004 3188602 9309767 1895507 5957459 8502746 1380801 760545 7194895 5130292
826480 4851724 3421798 8706069 7393907 532247 7100365 5558192 3831933 8550222
5197717 8202621 9471728 6279982 4342892 9395636 4019831 8349069 7887975 3374598
6979486 1893140 7824377 1897669 518929 6526876 707226 2310853 5746054 9593225
3588688 6367605 1813850 4668729 291673 8950309 8589132 1819985 3156305 1347807
1363346 5296989 8650021 1369574 371803 8636857 8905514 6996840 4860551 4132348
9311351 718027 8558002 2766373 5600491 6759380 3878196 8616952 1380289 4132902
5473566 6107637 2101169 6449521 4159772 6485344 9696560 2826896 1266311 9899691
2983426 7280201 4055645 6149003 9064599 4457685 5729053 3677907 9531332 4273027
2443820 9975135 5084278 4578574 784856 7048882 4709001 5191693 1419870 6967991
7185205 2421586 5393449 5918202 487065 9348116 2562794 3292800 1174333 9796573
7480315 7527238 4153782 3883601 4549978 9470377 7690231 922341 5585179 6082267
5548880 3138098 7018917 1078402 9400072 8661457 7179705 8445861 3280035 9549290
5117092 9003200 9653707 5152559 9206153 4519127 6676227 2419859 6649960 6036939
4992715 3914874 6306426 8931019 5740706 3626719 4966952 7462424 4020029 3926958
3009499 2451715 8370800 6070910 7622974 8990107 7008560 5089486 3197912 1081230
9715187 6630386 2327824 5982224 2405370 1409493 1794089 9759644 7628451 5534421
4182208 4653330 3837534 5167863 6174583 4751644 4861338 554843 1900148 6701306
2557783 7120878 7592111 1348383 2220037 5431499 8332874 9509312 152843 5606799
7690056 8497992 9529451 256737 277731 1709354 9154541 3088406 8328218 6671393
8494467 7075608 5877837 8796999 4248122 6012639 1903585 9570561 9929564 6336151
3213537 8841880 6748283 5656180 9347181 5661921 8136142 5693254 5143857 4247512
31116 844009 6747828 9558540 8120749 7655634 1728125 36270 5751294 5641357
6081362 715871 758199 248988 5593792 1991208 936035 9436635 4209751 4865340
8618297 8952327 2979698 8060166 6986470 9487548 2856404 2055707 9363360 2327975
4590188 9093095 1019772 9160615 4201539 5997904 8964034 6660746 5107168 7385433
9607393 1686204 2281664 3011359 6348067 9854311 7661929 9956664 9398414 4486895
9851755 6781146 8648706 1858262 6120092 4393277 3838359 8142001 2361779 8846294
6933559 4029502 1864581 8631993 6655994 7292808 5443111 5645972 7337692 5257142
3986717 1310783 5756200 3950583 3143685 1452870 2027186 989553 3904477 8410986
4360208 8678210 7828078 437696 5048941 5181816 1980625 2974041 2248010 9141094
105494 832516 4715578 463309 500770 2673356 1609687 8171630 3821417 407823
387663 6730653 4657663 124233 4944897 2031416 4406948 6560779 9115142 5026812
7513602 6296355 7428936 9205203 906001 9453941 3244393 2730201 3474842 2660669
4770555 5354869 1309420 9977551 887830 6685265 5541188 6887795 3069285 6344133
6842895 5860404 2849908 6013988 2232245 5281165 3165426 6167533 2359803 280528
4942320 893599 1599765 8098568 6216293 182188 893012 7856700 4949786 9819856
9317322 2642708 2214548 7681768 6194990 6483008 1499584 5964414 4406076 7753741
1680906 7396966 6259266 5468922 5612944 6756021 7561761 339083 1136399 7322290
3965587 4869549 2527493 1413388 2981997 7343490 2000995 8084845 4608547 6100170
1198555 2451971 6970376 2354050 3387739 9182076 1600457 9336462 370250 9243508
5553180 821385 6177065 4215693 5920747 8976768 6881246 515923 7009092 6618763
5359033 4820068 2424238 1086241 1042808 4527191 608398 9637764 571531 9722208
2794511 8805621 172948 9523048 1987212 9521975 7960721 275888 6651480 7641855
6744606 8750701 3307506 9267299 2154975 6127659 3273308 1062571 7263409 1938339
127720 7604520 8413044 336285 429270 5749266 4122566 7417860 1668703 6817051
9111673 3164570 4413689 3908706 8374094 3825393 9616694 5261549 450530 2285649
6940741 4444368 3182001 7036744 5359846 4456706 4957265 5021352 1183960 1059610
6965870 8002161 7241983 3560477 6731707 310992 5549184 937071 1339109 6661245
6759083 1029693 3599094 3218599 2477390 1219841 1388455 1149009 9959584 9297964
2572536 9797003 2916805 5830126 7893496 5999642 4072685 9215265 5235798 8029900
1023657 3034163 5118082 2057927 5887751 1298014 4371444 441144 325041 2897647
9266886 1558900 4044272 6364389 6656917 354468 1390810 6331966 5751998 2083526
6955000 9239931 4516161 493577 9800669 4682167 6637732 8798931 935288 8491736
3681905 7670772 8143901 9651303 570578 7685704 5990432 6527694 6184938 6557821
5341979 38968 2485256 4890229 5887221 8429263 1604046 7446142 4214842 8051095
8605662 2408116 8830467 6476810 6687138 6037549 839936 9418111 6144999 4055684
3894340 3464098 2827041 3820658 3452610 7342321 9470284 6510996 4473192 2110315
2712661 4707256 5603261 3225347 401337 9744329 4103719 8967399 5715150 4514945
6252023 1205065 4610555 1420979 4255486 4696389 7309364 8611070 6200355 2222162
4396540 7819328 4870123 3177949 3351692 9328143 6516334 6666638 3479984 4579060
753886 2863434 318735 329848 7101386 7604124 2730457 7969483 2322388 4128230
6179657 1402106 6837802 2357956 9687258 3319126 9986464 4697267 993903 7633901
1532573 5433431 994045 8251097 1072726 1223635 337962 9903504 2692488 9634204
3107231 7959226 1483158 2052755 9880486 4440158 5031917 3039148 6762474 1468108
8355745 2858528 1361716 6632978 5523678 6343591 955166 5924258 8273878 8146930
1896734 7186805 6712644 5169785 4203174 1118293 4718126 4877123 7271477 312188
4213603 3919214 1749423 6420357 8763544 7672964 2286302 8642306 5683057 1145314
2584866 5200130 2194371 8595815 9282993 3262713 4885619 9742746 5162893 9880589
6875857 4784703 8749683 7202110 9933465 4875696 3569022 4082877 7553800 3121287
1421838 1146636 7146883 1907538 7686458 5788066 3381054 3700571 7535847 63352
2508864 4098754 8924848 8709913 7538006 4390787 436335 4319612 6654804 6642410
5195227 3546449 7949942 6013693 2514325 3875932 5082295 3741315 2030792 3024101
8631781 4911771 1726180 5904527 1271515 9761328 8596684 8493397 4333144 6912935
7442803 2802336 909360 1859265 3550652 371741 3339585 1147155 7142847 4236148
2929841 8822118 9775841 2274955 8261042 2091619 5033652 4569733 8765209 142727
3615559 3074412 7846398 7508231 9516896 3572777 6170732 132993 552336 600726
2469953 6819187 7364980 4074291 9968272 954318 3412036 104633 4025998 4897981
6125287 709035 6648688 1048667 2078100 7936751 9431130 527188 5458150 5425391
7258840 2343834 9597599 5630246 4948774 5472987 3350126 2401072 8105820 5700378
3072155 3297413 259690 1290803 5091625 5621026 8158671 8019312 2732514 8772862
2091837 9954309 3271955 3736055 2872247 4337325 3056156 7723943 4349004 7424082
92081 5618504 7966227 6230997 7876026 1149372 9299871 4140331 6960271 8391785
2911957 5346354 5764547 7163052 3829355 2478171 1893334 2838788 7554873 4103181
4545281 3885863 145288 7123825 7705832 7630923 1266367 2060792 8843017 630530
8202636 9769404 5025381 7599178 9888021 798932 5254612 5148984 2826824 8963992
633469 6733235 4054052 6505095 9653386 6610668 1303054 2471898 5848354 1983498
6125275 33871 602637 1464438 2428101 3603282 2336760 9858551 4046719 7123564
3754965 4394027 4216294 5394568 6283776 570949 9124193 3221924 2588000 6141045
5050698 3626680 3436137 6624627 4068279 5040458 635840 5242543 5746742 625940
504308 2154983 492451 6691928 7202558 6321594 4000795 1412302 9688641 7342048
5025164 47737 3268126 8085421 5448708 6722847 1878895 3820376 2873908 5394864
7135217 3399334 8651344 7979554 1431874 8735122 3110906 7927638 4095257 9515393
7904090 6908683 8178282 8569142 2190547 571018 5141688 6273268 6303530 1608926
1942692 7114035 5411113 7451303 3085615 2561375 640913 9136832 5482312 345608
8619816 2129180 4085237 1072400 2825386 9822248 2300345 7505613 4553936 2954462
1526343 4472318 9822303 394221 196369 6647365 4829945 298790 6952380 8197250
8269166 711603 7059062 1351027 8697105 1831178 8506943 1683235 9513445 4547335
4630630 7519011 1767094 2727872 4442741 8895728 4243441 6941878 4022722 165323
6822827 4706682 8430214 6552302 1008097 1662663 9557250 8694830 8977576 2928810
7441808 8766203 6815204 5472139 78420 8748149 6949851 8999438 131023 7460814
5165352 9273348 829330 246711 6549695 7349371 5501421 1025757 3416158 1892323
4703677 6123409 3664544 7687969 5181523 954266 1014818 8937864 163693 4869816
105258 6245878 7720172 6984473 6905194 585449 5892571 1954396 2201036 4717504
5299378 6462791 1648350 7492336 3687058 2272979 7860485 217495 5371806 5256908
4946118 1558333 783464 9354768 8633704 6319739 7519232 7107240 5418577 2621951
4760719 5501459 1709460 7179939 9915644 9790436 531941 7780883 7902806 8805072
2776953 2882624 909133 7491004 4364511 8985940 4594864 6301767 5430968 846764
2361429 8787467 7286786 1501774 4915223 1488392 5097141 431140 4769571 9560059
3153646 271071 9403609 7688022 5484444 4752888 892030 5394645 3790758 602619
8610609 3049041 3382921 9345883 9580169 2593294 5009637 4855040 4207176 6461690
3849285 7190386 6376941 4430676 5484770 4358419 5637885 8016040 8741128 5953713
7379895 7061002 4822982 1945890 5747098 9139438 8455313 924199 1309539 7489123
6406274 4291746 6596786 1305210 1458069 1515985 1266206 6483003 5609534 8129232
5908141 1373658 1160177 3487193 8136642 2297311 9353832 7339270 2587450 7949956
4478733 5480200 2904677 2223479 6793112 4533053 6725255 4000812 3268119 4445173
1996193 2247177 7205597 8922981 2816451 70901 2417902 185828 2385055 5389078
1513468 1038708 3780653 9609507 7467865 8143776 2871225 9539421 8917448 4360205
1109763 4359416 2702885 9862028 55066 6804802 5289607 4270617 3367782 5474029
316172 7533363 7623820 694093 6787955 4269322 3623650 3022396 5744058 4908973
875787 4416475 8996990 7129683 3569620 9608911 404541 9598163 6251351 5705554
7998120 8734616 7547740 6701925 1045609 8518412 6414959 6359315 6987130 7860343
4576402 8513734 4900933 4355169 2258613 944958 415868 7997341 2912924 6537752
6781517 861152 7445386 6530515 251056 6166446 8273120 2025773 9131872 3523246
3417102 1336269 6173450 3528987 8509614 9013479 4225031 9517076 385741 9509845
8031314 3608773 4899908 4494344 2900315 9963793 7332079 480125 9680470 9885547
9498509 7959418 3992178 8123275 8656110 1711552 4422543 3197878 4090925 8820055
585756 8522111 4025408 2256805 2154236 6214946 3683708 4907245 3920347 3434612
7648337 5195026 2209705 8218763 8547950 2112533 6339419 5329773 7766708 4185893
2229826 9062817 5263663 9358190 2925511 3661430 2927990 6674801 3269202 8415476
1005282 2817688 2666281 5079730 680696 2475965 7098447 9243801 3707840 3940460
7937961 4311604 933028 3086627 2672162 4486977 3432744 5567653 4866979 8431693
7584561 878645 9890218 1756123 2804049 5854320 6498825 6885534 1033506 6795150
534086 6446636 672646 5492478 8744895 4350148 3451903 1097168 8012578 7860993
5462442 655604 4968140 9190390 1607186 3958640 5890071 6954191 1484185 6260892
8924144 3470409 1349490 9644835 1164884 9615190 7914975 8030064 2970546 2096645
1460969 9949681 5578582 895849 8531807 3642535 656721 7063802 4151825 5506165
1179304 6521457 6388791 7576843 7737337 1233023 3903761 483551 5492906 9332643
5294536 3071364 3022680 3589117 2213668 8326952 6389120 581537 7521781 4850741
5116575 7103497 4915093 1430761 9355295 1629344 8271759 9168298 822535 5179110
2300008 1358580 9689878 23518 9354029 446950 5644810 9358029 9030729 8346587
3111196 8294497 2132072 4471951 4227889 2015042 7122620 1970290 2507998 4424325
5015603 5598001 7535549 9363646 9911662 4463573 4693629 2524930 7252815 709341
3872361 4348471 9273261 8475038 6504804 6684166 2349506 2355677 6731473 2068623
334131 583625 6753580 6496585 6475829 4562362 9694656 5083681 4236278 2126727
8603813 8738405 9886501 3116308 2930450 9313869 2839400 588591 9561786 3086745
4848024 9420768 8007484 5817167 9684486 3345430 1227852 6719729 599481 3527370
8610006 6565139 6314942 3752488 5900458 549123 8762994 135904 7362483 5746085
9195648 7639533 1014477 4934427 7991501 7762386 1945521 5554954 4025922 2673868
7336798 6596309 2751976 759906 1851154 1843257 2203576 2454351 1964707 407201
1109874 4745487 3122204 5741471 9869109 5290705 6033680 2842925 9114793 4591345
5506287 1920436 9683796 1446044 5991298 4380408 6864952 2253122 93407 1551892
754538 2138137 5415075 4184590 1948729 7446989 4354762 4321472 1015192 7135662
4124925 4077340 7767168 766723 4075900 4169035 4726130 2406107 8976228 5185332
9476210 9737785 2983129 9070993 1574686 2827597 4090909 3010067 1288489 5338049
8581117 3236772 1185721 3895485 4312812 4139472 2268612 4721686 8059565 4930909
8804900 691330 9974365 8187042 3363310 1766073 7416160 6936750 4553419 945534
2944284 7191249 9177106 4912108 7243911 8093926 1683773 5359224 8607062 4854683
1962930 6052596 9226920 1409640 1464398 4592151 5425977 629016 6459479 6053740
7415062 3280479 3249205 9494428 3937047 6711356 367023 8678808 149844 5597664
3266091 8556490 7488807 8740106 8991665 6929011 6300510 1008634 6310732 4445313
6684582 9179100 2292100 4384074 5158122 8241479 4337190 6657168 9937251 295939
4290343 6975818 5128443 248725 3969690 2568761 6465301 8978971 6195179 3971492
4389975 5388177 5021677 8644140 1351052 4489739 4429087 9501530 7980579 4069041
4161726 3598538 118675 9906594 3551077 8620234 9304421 2398031 5965047 4468567
7949118 6908577 6609033 8227568 8552273 1257304 5244051 6771467 6796080 9326937
1016198 6576011 198426 1042117 4869448 1875154 265173 1405631 8372437 1140808
5569060 5494938 3177085 2394717 6425735 3875428 8769016 400483 2868628 1092603
3170538 5606450 4120645 3458807 9129046 1798152 298533 2730768 2234974 1052329
8601199 27141 6376375 202854 8520844 577990 6630712 7260327 3736262 1963549
2561825 8325791 9008928 1688488 8396351 9584364 7070645 8522335 2927823 2784843
6944046 9710789 6559654 97866 5122425 3824732 7643828 6661664 7940490 693132
522414 7185406 4299126 470595 3383768 5483181 7445259 6710113 1426982 3449291
4199726 4649000 763797 7032955 7773575 1702047 8084746 929993 4916296 3987606
7064470 8938153 6321239 8195852 1643411 5816496 5700459 8975717 8953644 3748937
1168721 1899541 1561206 6439427 6103107 2393379 7854974 4705190 3306895 9847662
3663829 3240245 4994243 2948252 4364406 5950164 1842129 6603346 9538991 1604393
786368 4623010 3287543 8979098 3362315 255852 8438230 8608552 8511813 5211857
4659046 5035563 4904674 1163208 4796116 6769707 332358 2395211 8132375 3312937
65213 8651040 6430127 9820832 1920891 8429114 2760556 6762906 813752 5174765
837542 699282 2720618 4277177 2876239 2028657 1741249 5408752 3126323 2495709
9700032 5117131 8478839 8532918 5710980 273543 9059704 540679 8997898 3195034
9219444 1536674 9656284 2387752 2452180 712124 7729496 8722231 4783009 2423267
124506 953393 1872923 1973971 1831064 7006653 2708428 3729137 417108 2467539
7592829 8244390 1040693 9633176 5328441 6562378 2518900 815606 5779337 1490526
8290103 5634399 670809 1338470 498050 2936604 1294080 6604915 2127075 6329406
7737915 3622991 8621443 8088337 965467 186707 8598560 4521086 908226 8788738
2624237 4909287 1781300 7944237 8866781 3403257 4936931 9816422 3829303 8280730
7965931 3509482 7785933 4304231 1393382 6308719 8816501 5139044 1085915 771879
5571246 9377695 5194821 2740469 4519009 6772120 867376 7749828 9970610 1648452
7546015 7661243 8725124 1425715 3963164 1705420 4095708 8478793 8411510 8546810
3053499 6623955 9693389 3411160 3334611 3979177 3325527 5373367 2408325 9616400
9586826 8357278 2061653 3918223 7460624 1399906 6254687 5604260 2459171 9313431
1753496 970124 523664 519660 4645767 6078868 3015194 328004 7952680 1549398
7383692 8987620 3406091 5342942 9502470 7790300 6361584 8961974 7532204 5276205
9122281 3340461 4895591 1348251 3348008 4865912 5454595 4373958 9769642 1243839
6542569 858060 4480072 3330461 6760246 8781731 7789176 6639390 7342909 6315414
8987497 4021728 7541402 1231012 9479274 6876006 7788231 9884860 7426668 2898969
8736755 1145079 2648208 4555644 7940411 2978591 4043756 7349793 5840325 7748233
4523188 8901991 3264303 2739863 5167884 7017619 1304399 4495691 3814814 2630566
6520517 9859677 3989586 8002189 6087210 8479210 6102164 2909781 4833536 8277328
4534317 4945363 2781768 5380708 7588997 3699658 3566406 3280083 9034945 5204779
9505455 6386633 6936404 5137990 5827297 5420926 2342596 6183020 8758738 8645277
1145942 6864742 1587284 3830094 8765008 6296128 9462530 9512469 566569 2351666
1771201 1519173 1097740 7428078 4022757 3024561 2846700 9902530 5403760 8400419
3054689 3783339 2128847 8247762 4086265 6232483 1667402 6565821 3580280 4625535
4488996 4239980 856708 1155565 244804 6499624 5794378 7823686 846514 1362939
9310042 3145468 4820696 4722573 6380103 3763846 7835380 8244096 9481377 2729053
9384272 7025605 970954 7119817 2769863 3654235 2893194 2016040 9658642 1008942
6172919 9136059 7066353 314992 3665856 1975721 4589493 2070379 858781 3586714
9419803 8268225 699406 6285741 547480 5656673 6540630 4907332 5915707 9464534
4146416 81432 8790690 9041141 6561033 7457399 5363086 7641727 1160678 6877052
6485703 378176 6793034 9941690 5711751 6431788 1023043 3117829 7655277 5211797
383784 1419947 220720 9277811 7136333 9354809 2810275 3608246 2748679 2587306
3117489 198827 9189576 6409135 1900568 1007324 7456933 9535115 9143841 9484831
4275339 1373148 734461 8157854 4812929 253451 292831 9675518 1829632 9844779
3110245 2817814 7187184 8301429 5151178 1764109 2096849 9802411 104412 1329052
673726 3198467 6296749 2004009 1698229 722233 8692266 9460863 4656783 357592
4417028 7472475 9279736 3997426 6924672 4845554 8435135 5932535 5105409 8525717
551221 4510242 3884047 4077641 8386378 4039058 9445395 6449122 6108312 9499259
6207390 7798741 4250826 7441776 7460699 5104420 3965976 8749904 8891474 6805885
141268 1331137 8909962 4575242 478840 6201522 4618052 129351 6193048 9180808
7300596 3158202 190572 7571366 3510231 9516533 4429087 5603522 4168426 9228152
312304 6914330 4882366 1910404 4957643 6997683 6833286 8075729 4852519 3018860
3492265 7797131 8808869 6937972 3299777 8971202 9454792 5573799 4590957 9999606
5899708 7755997 9679429 9099503 8492198 2692461 4360942 9510195 2347921 6602828
1137968 5844727 8711950 4528274 6622616 9050709 3007680 8978103 8529034 4573745
2713341 6497479 5134334 621138 895895 3338031 4118444 2834375 9356320 9569598
3532839 9742643 5983378 4346446 2693313 7452593 6526550 142311 3691517 757475
2313259 9751776 3145106 2102372 1782317 7081757 2227622 887677 2079339 6427220
4886123 574161 5869903 4967646 9237783 6229447 590997 928968 7349157 7324688
8151071 4733927 5744838 4930666 7442946 1546189 9871068 3182527 3022313 4655317
9045832 3789676 6030556 9230042 9673025 8281528 8797101 7191466 3677955 191367
4098376 5183604 452790 200375 3228109 6143865 2034746 6821513 9842502 3558341
3464228 6590222 8965184 9068193 6447629 7259595 6570784 4250260 5856018 7218593
9493820 5811729 9438711 6099962 109362 1156213 2559756 2501568 8221734 4011409
6322276 3337275 6273437 4649553 6654953 7406759 5501920 6797855 7260727 3100375
2389350 9940265 6367259 4542544 8301379 2371128 2185873 920561 5700625 1049585
4825821 1922934 6047234 2573835 2452132 3117962 8503829 3910286 5763836 3288944
7148630 6026260 4377880 1764227 2846413 5640045 7453577 9845207 9029865 7155942
3026404 9417028 1431334 992865 8695306 4911030 1332862 4409833 148353 4517291
9897870 8382630 1136999 224665 1006633 9651174 7263903 3285427 5817671 9785386
1684420 3416630 9209842 7783430 6199921 5454899 7633295 8158667 732042 1503893
7599472 6932047 1358506 9658860 1474712 6704124 3186251 482832 9210822 2358169
4786543 2037952 5018461 9012647 3662463 6244626 5950228 786345 2321546 1512167
658939 5883414 5605220 8370126 6136545 9552815 7160950 9544683 4918247 3117362
643468 213008 8773535 9352984 9613186 9649064 3837410 4518736 3676724 7964321
3123025 6014993 1688824 5540293 8702420 7721505 3821880 974279 4593976 803256
651971 3992832 7798564 6336295 3922344 5093107 6432914 617244 1495189 3356814
7887902 8669144 7854704 8024510 7441385 1488107 9422598 2813318 3919067 6107146
8238145 8049709 861700 3447467 6107822 4920451 4571411 6799003 7438140 6596225
5924851 7231741 7027306 1129183 9843492 4723511 4133955 9604531 3728439 9796929
5923841 9637057 3326562 337879 8182371 3097004 4214506 1216283 2706049 7437618
2296753 4396629 1584834 5871626 7523056 16097 8551410 54431 7379099 6878734
1523166 2406125 4625259 5979880 8115892 4406528 4131052 3075339 4051939 8558004
8002658 295138 8090270 3791066 2111108 3310050 8619425 3685251 3918570 3020560
4305261 4091440 1063680 3166745 6053922 9129967 8556406 2024414 1590431 9534342
7734787 5990364 6160012 1696275 2090647 7378334 2137449 4437752 8278746 9638124
2447413 447508 8825781 7368023 2952285 2763609 561644 3659077 6395271 2969698
7240520 9967279 2793855 8475278 2763395 4691260 4665165 7255238 5357514 6372334
1014650 8554499 107060 6227670 2260896 9457524 1254057 5061732 5598846 9164048
4147537 4604381 935388 1986875 6929191 5309559 1477123 1707726 7314458 6387851
1787847 4579965 6594767 328023 4549345 5939141 4765698 6937134 5912427 6590391
571956 5764562 6505558 8204507 7399529 5123858 3123886 5649620 6797314 4141355
4097001 2572558 5218145 6223411 954418 8572391 7955038 7731653 2301744 3172238
2939600 7873455 1675507 5814683 6418692 8449239 3733525 4278058 7781621 5858235
1358059 8310342 5218722 4686142 5399627 7225261 1966252 4004528 3423288 8018504
3884377 1624338 6121657 3484331 2111152 5667624 9569983 4249382 1558701 1574568
727212 2233695 6175319 6666150 801219 5478589 3048677 5864223 4484296 2967747
1237970 5843709 8099236 402621 9877100 190334 3896127 4823272 8623067 694413
6269573 2344184 7703211 5258029 1296859 8514864 8688890 7699422 975513 2208247
2448894 7697468 4739773 339897 9152271 5401113 3497926 7915423 8402911 3790286
8892100 2681504 9373972 1215574 1543512 6670917 494646 1249468 6776537 9303272
1066438 6930604 7640446 8765257 9533165 6256088 9450676 2123850 9432023 355531
8892322 8097568 3672752 5315275 2470319 6663071 1490271 51646 7994151 6810620
5816864 4032028 9383102 1982230 8832485 4295643 409523 9313153 6685858 6519921
4710358 6553882 4725443 855468 140031 5837259 4415151 2402200 1308343 3351635
1499910 2351428 5623407 5608437 8140776 7694124 577933 3985123 1210969 6188321
3338569 1167447 7310811 3080180 4951465 9631373 7557906 8613508 2208952 1159226
2315063 1727000 3513687 8432561 6117251 9742483 5798864 6311056 2737892 1468618
3467536 6480280 2619607 4358173 9977461 9002923 7262589 1423308 1094414 7551836
8236323 1442265 7279659 9888172 1947478 8200073 1713403 5202758 7482006 5377420
5345666 9930480 3898869 4982325 9312348 6533206 655623 4283760 5475921 9531940
7718971 7700116 3400089 1691765 6660481 7167833 4603340 2355224 7296251 8591405
9171460 8127043 2414290 4386741 9363976 4124699 1445957 7227535 1001299 6170464
8803011 8232831 378116 7173765 7459546 8144292 3294223 654893 3507874 199305
4261977 6899454 7438903 3717974 9024300 353271 4737540 1118067 3908744 6442440
7932282 9565317 6209011 6388449 7635186 4609365 5977456 8290903 232664 3650133
4986044 6208594 9373235 7053872 8875172 2733264 4814174 265273 9388418 3045248
9773322 3456689 6795367 6519209 4129218 3004596 9936237 3697779 3368473 7019525
8705738 1146767 6121857 1347118 9359514 8700144 5699035 4017085 9781410 2868545
7775025 5278018 140264 8901239 4479053 659683 5710542 5871424 5145872 8727900
2951589 8690131 9386548 6261773 773160 2177653 4159278 3964184 9620955 699262
6299299 8644296 2143254 627084 1694804 4275064 9509456 4236155 3033510 5791875
7992227 2407685 8577211 5852180 4786313 39061 3954749 4248555 8856494 5514072
7484929 4415624 6960943 5956424 2280131 5444030 4167584 148984 7299568 9946905
1007423 6231307 6528200 7677796 419660 6827664 1560246 7264934 3816262 7189521
1827529 6393058 2048646 1565013 355281 3654549 1775667 3296824 8701361 9831964
6799962 5884964 2437789 444544 8344150 2351209 1463541 1149734 8225393 6289657
5805754 122864 7321631 5734981 9657069 1693697 5212290 2192083 6805315 7279453
4218311 6088874 3880463 8435246 6963220 7918031 6921555 2966446 5533 8262142
3571261 2461322 7654696 903354 6475620 5009289 1460307 1825 2285426 7685334
7998196 1925582 6935700 2141043 1400649 2312631 1263624 6429025 1409142 9922217
4502768 3611247 7020956 8947182 1235445 1450339 3955426 6539767 1351508 4778829
8614841 7322643 8647337 7897186 4888969 2938887 3402168 9062734 1923254 5328972
2503499 193261 4709208 9591696 677719 6162297 5951001 5699340 4170560 903303
8781300 6277595 4841319 9170026 8933867 5789199 9622492 2664258 1270237 3891403
494437 4108171 4534956 3588144 7479303 8893441 8849095 2230506 7539247 718558
192553 1460999 2596101 4319149 2056138 130091 5210186 6703273 1049192 9063230
715805 4779735 4385668 9291196 7361962 9363667 3600315 5296230 3716970 9954748
8094772 1188607 7262800 5806889 578418 6366776 2619883 3376546 700601 8138682
3198104 5380027 1102587 8930895 21851 9839564 9402845 588516 9874292 9971228
6443622 7875637 6682307 4619884 283653 8479849 7063317 5667143 7410 2215999
6514434 9658347 5034515 9420278 7446692 7707060 6928733 2634694 2703030 8156899
5091272 5066951 8900649 9164470 8591330 7760845 3765279 1722017 5447487 3773383
3404630 5932776 2330460 1069331 8607504 4554666 5122360 5971062 4479127 4963011
1074584 9239361 5209305 6246210 9329684 5867850 8195371 3002496 2288464 595708
6653443 8965586 9475025 308979 9705471 7184192 9765030 1357057 4570156 6893746
6462464 6986896 9845812 2936113 1989909 1822526 7451210 2206345 7684265 9829746
6594494 2248661 8752073 2285851 968747 7292807 4545093 4312308 1126374 8579669
7379206 876728 9939325 6672877 604078 8444410 8179278 1413491 7836006 748758
4824999 3826188 7619568 8651715 5759250 6522622 1822299 557736 9274005 439426
1216868 5872436 4828433 9766367 5274044 6604885 3998217 1903593 8856058 3574280
7567752 8156287 5261816 4837744 9397280 1113813 6620324 9523776 9659287 2681733
1835964 4227643 7009051 7010173 3060150 3378356 4019848 3331274 4909003 1240667
2103056 4932923 7712442 3795683 7818366 5638894 9524498 1920524 6860900 6719774
5176113 999867 1486262 6570198 1237728 639768 7822125 7951165 7501794 2561229
8455938 4104832 4294542 2154648 1191621 8526140 7687389 7925 3286229 9090207
1794506 12995 8934749 6903880 5096312 6300092 5049373 1652662 1749073 8759709
6239455 9219916 5407928 9356915 9300390 8713358 5929950 2438833 875580 5599598
406213 6957099 8741242 4259461 6717674 5190688 4378950 8973704 9043958 785948
4220790 9644508 4539740 9410543 3062749 8560467 9135888 6476094 9033456 4246698
1665954 1829360 1957690 1445351 4966377 2322108 5939370 5731836 2156987 9914700
9927365 3026208 2331546 7822056 5758781 7335491 860809 9179804 7650664 4352638
2888035 9294802 3142722 3395620 1426132 9562567 2497684 5014061 7651309 5831075
6712340 8573024 8024350 8144018 5531591 414262 1941953 3417092 8688070 7371207
6302248 7588645 4336138 3032550 6552206 7344821 1137240 1911070 5423733 836871
8122221 9147545 3572675 460110 2402354 4750776 4885868 8345564 8536739 9764112
5732536 1831068 3736598 7380677 8915897 4231642 2548370 7632849 6902941 6853337
5294553 6210576 9742321 4607539 9074115 3782619 5617771 7616796 1404840 4000871
8811661 4249757 9847122 2343204 5758254 7028323 1185125 9641535 48474 9438307
6844093 2794199 9893162 2893336 4773339 3442622 2196975 145042 883443 8737596
4095570 5947514 5641786 8419420 1460884 2482059 8183913 7341768 1997181 8578905
3091749 5183632 4732947 681833 2632669 9143239 725410 3992154 2538273 9066501
3110195 6223128 3306148 4756579 1982692 3871247 3790724 6327680 2904504 5226446
5041415 9590510 1102510 3926946 5111486 769582 3971594 8791313 8938292 3053443
938074 8702865 8616326 3378165 5992618 2221554 1378607 3401604 1149459 7784731
3402554 5824514 9734778 3689166 7450477 9237891 5576542 1332601 9592305 6368627
6780198 2224662 7282555 8327946 5150079 5418119 4266965 4530699 636887 1271289
6833339 2667073 7637775 3565561 5246530 2368897 7988924 3771171 8477383 4602608
6952276 1982128 6059470 3523238 9023649 9535829 6153080 6964145 6546328 5700689
2031212 9632241 3461116 4267134 9665198 5617001 3538744 6362277 7524218 274897
4971489 2085865 2326482 8786802 9895498 9533393 8509288 471263 6674830 5608103
2895048 7810060 7501633 2258273 868297 8568295 7450669 8178655 7578197 3061201
8790436 7179442 35715 4946549 9676298 3624602 3810684 8523474 8960737 4501256
4720043 2450678 1728942 3299787 799668 4213064 6652372 1670379 7687168 5571941
7037489 289718 3588231 7112851 1779660 457652 1447268 7347102 4568007 1076555
410408 5199411 7971988 2926890 5390039 6903031 2680203 8496945 389190 168130
4662194 209722 7183483 7047385 7006242 4734223 5405355 6526847 205662 9059529
958707 4622937 57256 8421613 4775009 7820658 5519030 2581122 6512276 9120975
6995702 8650221 6171247 5272684 3773409 9072807 428310 4817514 7836541 7203002
1433617 4598736 4264058 4318063 7164148 3308995 6968440 2853295 5174771 518376
2393450 9691509 6430747 623868 7032519 48684 5819930 5150997 5770434 1319302
2091 6004142 1937936 4540850 5086685 4299067 9476001 1742580 7692510 7918870
9248370 6369348 8072595 3758030 7411809 9581467 3456337 7187346 2801930 6273733
9027173 2811848 5010246 289362 9089732 3941530 8008061 5026577 265824 8779086
8029083 9037795 4769656 136627 7978456 4958014 685205 2090201 7971533 3231862
4143685 9789619 4807790 8080120 8437914 8601003 9074177 16337 8475099 3070831
2116001 4942316 7445964 8121416 3913751 9156160 8982717 2145461 9591937 7248434
6923198 5097621 7032580 510459 5257864 3049447 4680166 6584651 3384657 3416651
1149054 5900225 1452312 7176381 5987863 1548968 9415459 7397160 7229547 6426600
4670417 9296189 2828712 9496695 3966900 9091735 4292678 8072356 766749 7861750
2997546 3723978 9170141 6680748 3267508 1167605 5637715 5195264 8540940 4579338
1092238 2033441 9951142 473959 8187070 4178066 8573262 5373082 7247599 5601677
810452 1667003 591548 8409078 1189692 3817305 7025676 4025744 4008930 8427862
9065639 2793721 1571824 526392 2403775 477543 4407416 9114195 2716088 2450143
1796278 2148216 918150 6024193 1878517 8496878 4727161 1558491 7585936 2335766
7509191 6177575 6725242 2643229 8907277 6635679 4553143 6043454 1790895 4888793
6793562 2606702 756110 2494135 6776004 6621966 3564210 9957412 6082670 3761482
7183065 6429820 6557030 9156646 3551432 2970969 9238069 1582740 2687977 2293631
8645408 6959688 917874 8630196 6191831 4683358 5942191 2378050 4580376 2300182
5317095 3853095 7792765 1525606 1003538 7454004 5653318 2958826 9466202 4581135
6159130 7128530 251148 3594833 4817866 4223915 3568988 8477947 7150665 6748551
899465 69868 9262625 9750053 4530923 960888 7489934 6966838 5877808 3688150
2945016 4333407 5374522 7315143 2267336 3077634 5366806 5234692 2760614 246157
3375272 6730559 9394358 2441491 7468160 9241242 4408992 2584757 3478926 3191959
3853869 3697120 4423049 8673930 8843897 22286 7224627 5026146 8054307 5152782
5461780 4662215 8339389 2666078 4388498 237704 4837309 5707652 1194693 1581213
3379793 3130322 96858 4122155 1540613 7075130 9805616 6766043 6059566 6399348
4686136 33275 6411444 1384038 7208850 1578591 1105680 8376054 7548469 8065419
7253959 516592 8319338 6113558 2646123 1868369 1445952 8988773 3332291 9957785
9400397 4666018 1218851 2678224 2210359 9986793 2980821 3383413 1769137 8504223
4092318 6486187 3493120 4019229 3441758 5143099 8007467 4770351 9534880 7871578
9716264 8504401 8734138 3960067 5033463 6544169 6633527 657034 686682 9595519
267580 5103067 2146163 3110269 1765640 4089946 4453461 3723252 9927972 9186809
356172 7646212 2540102 3036349 9710542 6457677 960480 6234430 1040411 9968949
8252096 4142577 6479098 3208584 4861661 7262629 3001687 4097813 9020877 5569014
8785706 4553157 2200740 9341867 5507700 3958392 5693037 6417121 549233 9055476
188343 1896726 6578192 1362886 8280793 134553 3012376 2852959 8105621 68577
8370962 297786 4888330 533003 2964320 499457 1818150 6272609 2907931 9002620
4530326 6732816 8437965 6868052 2807085 1397828 5573535 4061645 6490895 6187988
8427812 4016981 329854 7084177 6307259 6839962 4376508 5316699 3675917 1496182
665340 2517832 7681315 8410933 4481280 1250072 8646236 9175667 3843587 5464421
2260059 7602444 7289954 1045999 5317882 7230207 5488068 1650805 7265532 5335678
1073041 3352524 7111972 5682816 6651050 2611439 4532602 6213662 8781744 8471752
3413319 519254 7096115 6889492 1386598 5497241 5747923 8737671 8651645 6408978
8958570 5010656 6847449 1338874 8499839 3174240 9236985 678180 4195268 3976025
96152 7363936 3272218 5363767 4748670 5988242 9922031 4638976 3095415 7110369
3327463 957823 2177709 7009431 2980348 1809244 1820363 3451634 5664690 7211360
7436036 7170953 9748091 9617201 9281476 4749856 6855586 6541716 8902679 6513706
4239447 5085675 3686603 4485664 282429 8361730 1846166 7559671 6766336 2983255
1607188 9230364 9020620 1128952 7206382 6315880 6826800 1731441 4845394 6634971
9996645 6262601 9299812 2676174 866730 9401232 1641555 1195910 8032834 6449106
450424 3386510 4228520 4545225 9581300 5838105 7719535 2910095 6278269 7743847
9295776 5091144 2032921 1760359 5981069 5755931 7685703 7758905 8932111 2207348
1133749 1290033 6741493 1073453 5759062 3558339 2372165 686270 7080923 9115924
6231754 368225 4424730 6592549 2790898 2279229 6308078 4322670 6441906 6119160
2665898 640149 603282 5336054 326446 9313664 4260837 8138164 9994555 7721069
2799918 9376587 2216060 7495947 2943291 6278761 6566266 9329876 3236558 832470
3077812 9407848 8893980 4205108 6188204 1731237 1513206 8717399 3213878 6470275
3692896 7520044 4991437 2562544 3925222 284386 2067763 7522096 319176 9441936
5766767 9678604 5541596 778579 9411458 9960721 3425961 2889028 2914996 3048328
4608620 110775 3601394 3069864 1284318 3293659 6262684 9018586 3791742 8363890
2160560 376730 9327959 8437657 8197818 8909643 9596422 3125289 8108904 8602645
6404818 1455497 1184759 8357379 506672 8411475 4136795 7901455 2619473 198369
5806762 7316780 7116650 150789 1837673 5436466 9420709 5867902 4745082 5558361
9467257 4134566 1953887 4659768 8336376 5683308 4611714 1347097 7068919 1441651
8295879 922265 4374519 1799120 7701873 9185270 8998161 8280646 3384123 1277597
3012718 8302782 5233162 6605005 3505108 6175506 5387514 9905358 9039531 2183208
2079016 3537421 5862164 1267793 8795022 1049060 9981610 1542178 8885310 7728273
1231252 2095587 931425 9332372 5651482 9545628 9455952 297463 3629002 8394229
6756775 1119481 1808613 4737533 2878904 8198028 115259 9707167 179679 9422894
9661261 8571811 8106533 497073 9784654 7690178 1604158 2064565 4925097 3888916
8184470 970229 538753 8779844 794884 1219478 6904911 7311888 1805454 727273
3086646 9253802 102509 4238495 8262836 1620432 201532 1014718 3752753 4241703
7705744 1612425 5548043 2434302 7590293 4913450 7132833 4195936 4989441 669560
3208692 634206 4834480 5157875 7862095 3759392 3450806 1731898 4385296 1043316
3735825 3659470 5090423 378570 3630247 1854216 1219645 2996894 9026191 8422739
8637822 352799 2049969 3695616 5984780 1277476 7739909 3814830 6794243 4443479
2587920 9652728 1980227 7455202 8571125 5755186 3150783 2116348 8041691 8630464
7975849 5459609 1595778 3695754 4071918 5231608 7015350 2480388 1583914 1785191
562943 980818 2571926 1448520 5460859 2844558 325807 4228765 626379 711897
2284989 7387123 9531507 6882274 7608187 3575308 188040 4458889 2543626 6992533
7088691 3605310 5372333 2444845 261970 6472194 9388357 1251986 5547713 3405975
1307534 5002463 513774 6898370 2664201 159059 6862869 5223773 2143916 6141920
8032251 4129495 6594018 6529974 281522 9385434 3448773 8554662 5156550 6142157
2106355 4630900 5047652 1043472 9288190 9418282 1042926 5041251 3556940 6727809
139446 5706975 2203555 3942817 5707104 6379627 1281383 477205 8448887 4560366
1155234 8731175 7486515 1620864 4382860 4167167 5154998 5351563 9150585 7064525
6342583 6948715 8186315 8279987 3541242 7690913 6173096 9597250 9492764 9442735
761234 3504419 8107680 6542923 1061672 1313475 1980823 5576791 5184601 9851085
180151 8127138 4506990 3897551 3804225 7287679 6544944 571318 2533652 1352232
8618024 8437202 5523411 204331 9728474 3016955 5163980 252948 2802273 6659419
6587674 1252910 2679925 8240592 3362133 4039640 7331396 2161853 4174499 3007165
2549658 2913207 9987618 2641669 517160 2379436 8215505 5791033 5789264 2607094
2678194 8777288 3563110 4354661 2352976 6856760 1404922 7888787 2538586 8336592
8136442 7793739 4740662 2497943 3694812 8032509 1707401 8007648 7892222 5737419
8355442 266356 320094 5413835 749966 949588 3334354 5234858 4647088 5389463
7671134 8169663 2175732 1786584 7981074 7975557 1284560 4632659 3325986 645281
7206846 3080644 9898769 3242728 6651730 8723565 5096534 2012838 153162 4098243
7330912 7254567 6183690 4593035 4273783 9118790 8292378 8976423 1609888 7273191
5048656 4674465 4209009 911452 4803086 3462755 8401308 5445500 1310598 6859709
7755472 5821659 6619544 4607382 9414832 2350492 5473243 610577 1111179 7695128
9075619 8556169 2114393 8778670 6610428 581012 5955620 3769159 7708951 9595242
5224130 6196188 7309984 340162 3708205 9167151 4852674 6184500 4146894 9896073
1385607 3036084 9143067 3762324 1870137 8739281 4630216 1811069 6306622 6396533
105024 971866 3775419 1563828 7381864 3759281 1554428 4732727 5078814 9095710
8668490 9647896 7104765 6452438 565618 6253142 4776965 7781793 2849033 5798746
9252019 9415345 114560 3448058 5225380 8995548 5873699 2220960 1481580 1543649
9895377 835328 4458650 4133659 4796508 8263348 2398238 8489106 9265630 2506223
4150014 459915 7528784 6762854 3813211 2672991 7954730 7031569 2379340 6104086
2786034 558291 7078809 965560 7392844 6489680 4695075 7272222 680413 6090272
3749314 8051942 3436557 6109508 3012424 7716961 7517882 2840765 1854908 7429868
4061256 2231273 4621240 7313461 4416406 1335455 8995577 2813858 6072738 1766051
1081313 6084384 431754 2512678 3946171 1669089 2412833 8300464 2738712 9553551
3002264 6129423 7696332 9697998 8057569 6204417 9599086 2981020 4868446 5318750
2619679 3218693 5979250 194197 5621934 5782741 1781427 2049165 5506612 7420778
3218917 6066836 4088990 8089355 8669528 9367311 4469020 5805096 2070946 6279005
7906886 1705594 1221889 8506678 9175222 7767020 4333792 7987887 9456553 1627542
6415315 7642537 5806969 3699514 3125939 2459172 7642971 9642790 728924 8688893
202215 9183307 5976571 223527 9901972 5212299 9103191 1917064 9448838 1170424
6906586 1943850 8930451 8943058 7025904 9017678 9807906 9010086 6028244 7054705
6576511 731122 2179543 4417533 8526724 5061169 7346224 588864 9174786 6136967
3405177 2524466 4008815 5816780 1509872 932722 9632455 455050 8055300 7267345
2805826 5905744 5319817 5611391 7356700 9103776 1073565 5820252 8181795 6923779
7621439 3932951 2250650 1780458 6422213 2052413 8994949 2841927 7233063 6710142
5432465 302588 3570753 1701471 4613039 7461290 2706566 3768398 7194888 3306507
8574228 6234106 346573 6013552 2581991 4236896 2839737 2452520 2938204 8205833
8515193 9734962 4821723 5735289 4466800 5660210 255150 1002619 9206888 3300087
8703346 8965314 4388414 9616926 7636229 176491 7262308 2382373 8847950 2629868
8730669 2568402 6005945 2881289 8116546 2993872 257297 7101192 4829448 9683986
6313714 683994 3159366 9491545 5482597 8386433 7113772 8289172 1282323 9575199
3668631 8652805 2618896 5242239 6344336 5533747 5305097 5340833 9997395 5487176
933121 5289036 9566884 8966153 9466228 7293730 2221326 5637103 1009734 5699028
6066359 63608 1510642 6593339 9453859 9773225 6518751 2679479 6179328 5253645
8966451 9833287 1704565 727012 3726991 5052323 8197408 1652819 3530688 1496044
2368046 9823666 3462310 2440223 2990117 4008760 9568454 1852689 3531419 4812853
2508966 9631197 2951331 4660329 2924297 8690045 2334794 7809327 3105036 241086
2232531 7487926 2399046 8667857 2292447 9416102 2695773 8915112 8002558 8787574
5256320 4293055 7411117 1420113 6984101 6066731 3353728 4668577 1453048 8733530
2286715 493431 2360795 5617866 2080436 7621305 6217294 6046319 3220142 7053635
8404500 9506084 6086746 663232 7680046 3997600 5472178 2817754 6966792 1440955
4381428 6599865 5166420 6351400 6818940 8354684 4623729 7510264 4585987 8852508
2907222 8927337 3433341 2601234 2829655 4665981 804325 3706687 7985829 6444402
876130 6542783 6190547 9555053 9663442 6683951 5806433 3173775 8245074 1388403
2186448 9544584 7940694 2665951 8630827 9409807 2571105 9583852 4443511 3880031
2854480 4434989 7498726 6816109 4434548 4367321 7776930 4525222 83543 2933573
1458248 7628091 9663797 5379912 1268273 2423533 5222472 6557576 8287861 8469169
8903496 9139886 843929 8442300 8872823 7307283 9962866 5905285 4713415 134615
7850895 5191289 5043089 1875925 7124231 3034598 2651859 7092 6664827 3450366
7071292 8270152 5596796 4499638 8574982 1732306 9383435 7405622 3662924 5477077
3958853 6364269 6899975 5152469 6104140 6416749 8119240 9694327 3769779 3668098
5702824 8244380 9403433 1207424 7698676 9874060 80670 7954379 8121864 1155565
397995 8337690 9512865 2089318 5619591 9914465 9507205 9320234 968123 1425704
504825 785286 2715933 4647545 3207723 6514825 3045961 327277 20025 129937
3771776 3960333 81799 2328422 658883 7587337 9158801 2170640 9328231 5094337
412576 2121806 840503 6367683 6553054 8002095 6544242 4441140 3667500 2717889
4242883 5254627 6570029 5681214 8887566 7594241 3386268 1482758 8795462 4906652
6948963 1553290 2663589 4105318 1241123 2580552 8917854 2119824 5491970 9670023
6816984 7535327 431016 7938003 5791212 3695900 9575927 6808088 1152931 1333524
6930975 9510364 8897753 8692221 2031483 4342347 3989165 1705821 3645951 6477350
6820553 7945819 6620531 3224713 5443215 2795462 4066724 4239374 6187147 1369538
931893 1486395 2207644 693528 9484085 6259308 7299027 5130248 1674632 4245521
2972593 8320459 3145444 7663626 1171922 9113710 2982304 8408237 5945005 3326423
3193827 3199843 1763107 1469689 8661778 3870640 3265152 8089803 7603270 4311285
6978761 4171657 9699387 5951306 4766066 8186442 2854530 8444827 1547495 9387564
186568 4413913 9625310 514668 4684650 3473844 5569347 2946863 6632974 1936284
4443157 5103061 8590990 8290170 5032569 9279229 5392624 7367509 4119231 6191790
9947385 7794148 504184 6702025 9432561 2252928 5999116 9303457 9743382 8970060
5710788 3736754 3851893 1291818 8197153 6585819 1301020 2782287 7008734 9031121
6252732 4875848 468182 5914555 4128365 291641 4457705 3229464 337086 8535724
7633946 6172671 3774560 8392893 3431148 3049867 4434574 4790266 7851229 4636611
38478 305415 8258206 3373787 8353591 8493861 9625815 4328830 3139742 4586387
8062295 6440248 2451270 3792291 771058 2219453 2723864 7117732 4361100 6175777
3143273 8035405 6624878 5110645 9621429 6317085 2102614 1054263 1166664 9956371
4898040 6480285 3064166 501409 3589176 3321659 2994341 292147 9861844 7343408
7405063 8382036 1695882 6269711 3926236 9335901 7837712 1940967 3085471 1194604
7532236 2179598 8741894 2665304 7580782 3027485 742020 2401181 5425756 6151076
47098 2712960 7662105 6597014 9774269 7296966 4476727 6758534 3428082 4758078
5718678 8596156 57523 237372 5353319 4938159 1965155 6961687 231350 5427735
5027125 337937 5327327 3189838 7866708 1783846 1219803 3990992 9478963 3137190
2105818 5545092 4643451 7532008 4638117 2441999 7165500 3182593 7872007 4448649
3008001 4277899 2775497 1213419 2838496 3556132 9698878 141181 8233012 8110338
3379553 1776309 9777052 5734754 9179732 3463791 3288189 2421044 8078087 3105665
6324536 9496703 6191969 1626171 4508949 545346 5922370 6441506 6032539 4219563
3480468 3990278 6167964 6732589 1615278 3876786 312667 4384927 6193530 1721666
2360522 9518611 2514606 6330968 9128915 7638435 5717596 4375249 4801041 8340453
5722867 9433065 2247996 2606865 4213951 857286 5319905 1316563 1479619 7778672
1524913 3980513 5335494 1699494 242513 7347335 2353994 7705757 8830382 1413660
6366392 7610963 4688918 7543006 2263179 5277445 4245628 4239326 5302996 9599884
3794147 2046233 84548 7230014 8215809 6643409 4009046 5018293 4808341 6418083
3490467 9964930 2271334 539803 9739221 8597846 2380360 5826787 1564070 776765
3732460 7825955 3367368 9175908 4670423 9208530 9658949 687373 5404134 4507220
6706173 5994110 8188060 5236494 2473801 1484721 771410 3992960 2296833 5429254
5286272 6656575 1886752 3356350 8568366 9821704 3020062 8430916 8425797 2235442
2132099 4045242 8277713 4424678 2915809 8867475 5524388 1906040 6867735 7294759
7261103 2013282 6171522 3827024 5657531 7883281 1901696 237791 2741545 3791686
3130067 6736877 1098391 9758976 3733606 9594431 2256270 4607045 9422965 8871233
7008113 3238876 4377795 5918790 7677148 4687702 381854 9484540 8494657 7774253
5503714 302388 3226259 440430 2262551 6158246 9724005 7264032 7412438 1956407
3867515 81013 6469375 7112675 720929 5732828 7932517 1907797 989246 6262744
8280693 3182182 6854634 2046374 288407 9602571 9378619 45200 3829073 608415
8775506 4388035 1699452 6821154 504012 3877593 9330369 5935157 5369782 874291
9621978 2503057 8330626 160994 1841747 1517497 1696433 3388176 4895490 4707284
9323237 3752055 5208343 8637178 2893655 7386324 8490593 5149583 6329064 683048
6528657 8495129 7989012 7761609 4443362 5527573 6541592 711258 3788107 7005405
5601393 9786992 1546829 3413199 7787880 1284085 4809596 8094778 2954650 9195690
7402449 9915614 6376486 2041433 8618565 4891326 8782166 4975473 4332843 1545617
6078121 2576097 6346840 2061148 5353611 7855261 3295788 4552994 4999689 3853382
4136607 965863 7170246 402022 9063344 426256 8592366 7490175 9592366 582378
5340517 6455339 6009670 5725661 3282691 4424942 9185731 4198481 1168885 2286843
7118637 6341500 5208732 358457 8249347 3356533 2927082 5270315 7426060 6199110
5022647 5413052 3491143 6366275 1989184 2663235 1376367 9037923 8578689 5264221
5506793 1558128 5810441 4225326 7230082 8589347 8375555 3375517 5775990 1452475
5025132 901283 7866022 5233080 650462 9376241 2224849 1813529 5955163 1994438
5272660 5538665 401149 2094524 1044016 8623531 3460400 6111681 9876493 7157232
1022356 4329675 5273162 6666719 5077254 935614 1568006 5015809 7608704 8653891
1797275 1353712 1019964 6243705 8466744 8531298 6847250 6569242 8401602 458564
9367877 2938776 9518552 3779759 7430823 12594 2837030 8319463 2508666 10693
7340822 2480342 8714719 7081602 9830813 3248725 1448316 8675632 4122759 4661045
4078301 8395488 4683387 5291848 4465049 3410949 2056232 4825607 6095585 9190053
2912722 1275893 8168836 1728204 7625891 7357331 7115825 1805673 5321275 602252
5854749 6326606 1889262 5350044 2727950 9649942 8092937 1757754 788149 5394056
3028188 639079 1068642 7824658 9423902 5828817 3831934 5787145 1608656 413040
600803 6822728 9229456 5331077 8790476 9365911 1134631 4807456 5942541 3200990
9541267 676203 1250333 430179 4906947 8246354 4160899 1861928 2832981 1242837
8913301 9499555 3486679 9737366 7460062 1981056 7090675 9264371 2056308 688493
9670128 4113863 5634767 1413164 4710884 8879593 2596296 7851336 1981591 8030387
3812430 8461765 6050113 6249528 5743662 3227011 7917966 9709708 7198739 7067036
270811 2070741 202997 6357723 5805682 5652063 7560660 7486944 3404650 3961665
275596 4166139 3061108 5786184 6753248 8992553 4788640 4203325 3455096 3546545
9339638 2140594 2694672 4076089 8746904 9608796 5415726 3113073 6136590 2737139
732205 1759583 7953892 2496229 9109199 4673866 1547596 9040504 2225328 2922635
4153542 1039843 5891849 1617232 498950 6885349 5729603 3225901 244705 5235710
4708090 4601704 423509 973489 3663210 2293582 9329627 4502697 9865135 123977
2544470 9261703 6872885 5921186 9513030 2703718 3176373 3218443 7743301 9336598
5057645 2152453 5625190 5537806 8272410 4365896 3392909 4328563 6353226 6815223
6183466 3043537 2307778 4928262 6244777 3354661 7764888 365652 3634450 304465
4808758 975692 3172684 700690 3240645 938508 9769814 3878618 2047358 6326950
400710 2527645 3497874 7298395 8547778 1094415 7589827 365606 5898580 3650123
9545306 2975513 7705676 7103976 6446028 6033046 3528371 6082650 4996963 5125957
7163221 6034934 9264023 5705020 1578370 1154235 7855861 46936 2479557 8431282
9649616 1049262 1233947 8470386 410488 9840390 6544972 3251876 7138203 4016392
6345686 860918 9695499 5801030 1123817 2268985 5467197 5921428 3770127 2315235
205870 4203536 1904107 7692964 4905091 8307250 3887233 8996607 2144480 1675126
4617484 52993 7546002 2235868 8833772 3751958 1174403 3167530 7162429 1793878
1723999 3533723 1302263 8930056 6112728 3687298 8350423 2160605 5146939 3033895
490079 2156453 5925143 3888851 5298408 83746 865424 3176854 6281432 9349891
4680183 1052082 2595387 7748200 3028990 982803 6911961 6586683 8047162 4616260
5842373 6651625 1660572 5203319 9584110 1922297 3365717 1831437 2615469 7479447
9768401 1090129 9899614 9772436 133081 2112382 6255239 8109926 4008145 5737775
6131438 8203572 7578228 5779179 6370244 3595719 56017 799807 4907632 3202090
6071515 1103768 5871549 6588589 6675604 1092834 101838 57448 602706 4637911
2870647 898423 1845914 7654745 885940 1777181 5452202 8377266 459332 6981910
1787060 5938407 4394477 8820514 4973474 2158800 601324 3164706 7421442 1636510
9665367 1043456 9743257 3739950 5265650 8292391 9165972 2657064 2152989 18288
9700110 3067438 6382426 151527 4894507 2688598 4674007 2878319 5567975 1335915
6914478 6526551 1789240 3618618 4328653 1493118 3002142 5162202 5656221 5506944
842126 8130950 1087695 4274009 6859008 1817010 881556 8216247 4267188 6794488
6228126 3697904 2109731 9971376 3672840 910305 5264652 2577269 7580572 6599321
4021745 4896377 7552178 219359 9116647 8942853 2698837 2649265 1228038 5453126
8311082 2119835 6492908 1656693 8751489 8986620 4997088 132560 5187711 3937986
2191557 7492090 2407767 5538588 20339 1694986 7761987 3746243 558410 6643455
7978915 4570234 1425493 9689618 8202936 9082802 6043228 4548772 9341192 6191136
7773110 2351309 6821736 1544145 5238026 3747902 9324497 7561853 1852077 4876208
9026397 2089372 5355127 1263090 3529929 7485052 9080429 2930909 5411590 6439371
4395788 9453034 1234038 6852444 2566615 3484205 7008243 5812221 6709982 5706499
1762941 7666512 5454050 7593252 2053638 932016 2204963 3059917 444884 3464417
6333132 47930 6813717 5708119 947108 6954039 5840910 4454501 6564307 9143783
960239 6215195 8719865 2497293 626947 4080956 7307128 7519072 6489377 9759355
6069908 6610455 3087098 1159566 716529 7972693 4468594 6270047 3895204 489206
8145865 262544 742301 7351902 9254938 2877903 9954393 6990604 563535 7837013
625380 8070855 3274064 1522557 291863 3730794 8821849 837184 1819011 5828174
796066 6346377 581095 3714310 749258 3968719 8672612 5274384 4856367 4429142
6228109 4390169 4720306 3218574 2291229 3259934 4186455 4218169 6388452 8840684
9660518 2008312 646427 4233732 6123885 3053392 69670 8017461 4799787 9347855
2995486 3308530 5690832 4500718 9754869 9059025 9446243 99395 5915815 709084
5620304 4525835 3708939 9553265 1217221 8573454 9838970 8873892 2664765 3833523
4680465 8382022 2788261 5545813 2267707 5746655 304247 2061693 7433784 8839649
69870 8106565 5155050 4016432 8761197 5566762 4885802 9050039 5423196 4135045
8383482 3831235 1367815 3893373 9147318 1414343 6403390 1312614 7738244 5502583
959917 6156039 1583476 7209350 7872447 9610749 8400403 2436371 379770 2065863
5969215 2815933 3741696 7188674 6767187 437119 555695 8986187 5584766 3985301
2690729 4650457 1332634 4013063 2585186 8120231 573190 258120 2884747 2022981
4125095 4351526 8115705 7313318 6034702 5150470 9583624 2908384 2080063 366077
4160526 5539768 7125407 2326148 2364936 16234 877759 3909058 6372741 3018452
3982629 1076271 4965892 2694618 6587658 537445 1257416 8420934 150478 8105807
772528 8764156 9628451 7153645 9959311 3619657 3802199 648887 991001 354862
5561297 2350332 8641418 6299959 9211178 8086012 2078100 1400558 8737318 2692466
3826449 6811739 1928377 2908175 2051512 5878510 8545531 9670090 596832 6149356
8703957 2324737 2055255 4609429 6132499 3056073 5933887 9579419 9174589 5975700
862761 1328196 9628802 9243566 94564 1512204 4093656 6976940 3575062 1311014
3706315 3580236 5539755 4809504 7371171 7364009 5063806 2081365 7721195 1115984
6523915 584298 5471647 4126573 6559646 697991 934750 1241347 5884829 6576837
3179834 1296706 8817442 3273225 4965383 9489916 3648418 353004 6072702 2140672
4497155 6560630 7278830 8000713 4349879 462461 8327634 9825339 355679 718735
6837667 4320855 2790855 4775245 3661202 292121 8965638 9397513 2057067 7994997
7718480 4121899 5981029 3668028 5597701 5152272 7949380 4916212 1036109 2017243
2426863 8349987 4050627 665949 2916714 2118434 2066086 1811337 9100728 9284545
6490908 8742121 6850314 9303314 5721353 4470940 6045491 7382817 3452218 7626063
2629793 1268112 9161438 9681147 8380837 1178353 929934 735577 9879186 5801467
333560 413913 6890663 1565546 5015959 1247935 6768190 3130387 2721407 3389850
2701385 9198389 935219 5677127 844844 8689114 3955513 3440424 5921652 5793290
7138850 66622 4585077 9917406 728242 1090211 3209900 7537438 523088 2238367
9527302 9270206 8304286 4010419 7093041 8973366 9666109 5043913 1151909 9572310
9497002 8427598 9609333 4094935 1284566 5255351 1576819 474974 8948174 4114826
4765333 2338955 5116139 8865341 6052688 3807598 9231139 3021594 5958789 3842288
2970788 1554181 7279297 6179952 6968254 4055039 1908271 8916152 6404822 648891
6855203 5367296 8323897 2685743 4898372 4800531 5696055 332975 9074626 963454
9983275 1635410 8153777 7840013 8558818 1727734 2692375 9733225 6261140 9509393
3958736 6429926 8064718 7994529 594465 5022863 2111050 4556356 7660596 8310927
2439615 4801138 8355745 4795972 5732141 2572144 8209057 8068663 6272113 7170887
219597 4880512 8243450 7181350 564008 2128100 5253866 9901451 5997940 8179895
6240794 4704947 6406982 6327997 8880079 6775970 2029758 3107207 6352067 4194034
4329479 2858654 7869004 9017350 3132398 9332277 7161323 822066 3606009 1899354
2966054 7028782 4441175 9130900 3553952 1493386 3215108 3619310 2984796 4883903
4754335 5702512 4019200 6265480 7528443 8086994 3055951 5072425 4647561 2176218
5686554 8345338 4786655 1817965 1087407 6169020 2255333 7905761 5871349 854132
3658131 1844353 3013505 8808338 9186768 2065097 5664934 5100840 7052441 6370424
9220797 1706444 4106288 8592835 1790519 4980718 5740531 6897070 1961272 8655599
9460901 989491 4251643 4008426 1529740 9691819 7534944 9848726 9802472 6522875
2935558 7149902 394072 5014667 1805003 721721 3512648 625472 1075068 5265607
8556238 743754 443353 4817959 6950199 7974520 9381053 451958 1280713 9406091
9502557 3198571 7285376 3104508 2121945 9673558 9962538 7984754 4205407 7600858
2494207 4654597 3180445 7311072 3646694 2490108 3378797 5317939 1736133 6858473
5512586 4744459 559474 5408410 6724662 6948338 6944451 9321094 128233 8693511
5198322 5752872 7042538 4397600 749078 961970 999791 5380698 6418369 5148439
6477066 8758544 2801184 2620476 380968 4803302 7449824 177597 1159871 8973188
5643777 7810649 2026548 9612421 9671037 785996 6813502 1548067 98507 465685
1965997 3343523 6005788 2817461 901840 7996927 2991837 865048 7951914 5522902
9875201 4594046 29136 8269757 3816918 3084203 9570959 8165348 7498981 1567796
7831321 5315200 2260040 9635752 3023148 1922877 5768338 2139751 8022354 6082659
8307804 8803702 9791626 2179925 9914856 1150868 7078041 4970799 2497341 7428220
726489 4272456 5705255 5665979 5601538 3219328 168773 4537303 8075892 9394761
4938671 8602385 1759986 6124876 8770063 6446517 6265650 9340479 6079623 2405256
7196854 9025388 6469788 5814348 1475516 186752 9309368 5997170 3056148 9569008
9381648 6410835 6942108 9721122 478703 949318 9417886 3899500 4520031 6170447
5527853 2369395 5503781 4166939 2274909 8540222 1625106 1485217 581233 3645222
2407248 9176649 1538027 6288978 4884574 7106505 5497069 1940809 4744821 4906704
6461446 1928462 7219146 871224 2035398 6941344 7970221 8493685 3087714 3362989
1361013 8910670 4510169 7828912 3313872 9456597 1835971 1658734 1339633 3423172
9197354 6261557 4708124 2353025 5331879 7884897 8584052 6994149 7167186 6189083
2833543 932735 2047801 7053568 5289844 6107277 4713483 6282894 8863177 6734769
7830097 8058112 2756200 3611559 1386363 914097 5258827 7729240 4978934 5756256
5573674 1049293 8884163 7098445 1412537 7947369 6542574 3683522 1689907 7804769
4544186 3774373 7540120 741080 2237251 8290673 6456511 6271135 3817509 5166884
5217227 4377940 4632347 41700 2638044 1258984 7109833 2256865 5513808 6874536
1928172 7348535 7840619 766221 6682623 8332605 762405 2970059 4298764 9764689
4689399 1459450 26285 5651299 8089897 4651917 2223912 2912312 995883 7681955
5645918 4113256 8789133 6826245 1575108 622161 9082895 5717337 6297746 8529296
4322744 6685971 1644103 5026211 5297081 6606168 1373823 8995614 8501537 2818153
2635647 4170809 8095288 1107674 6459352 6914014 7421366 3128513 8803382 1455274
897849 1024142 3533007 6742955 4374016 1239427 7447145 4970044 458424 1292301
4866533 2373805 1157271 9658217 2752603 8969512 1084128 8261565 3195057 9282370
4506953 1059997 9599426 120818 2105394 6382223 5682689 5407384 6687154 2330004
8582106 2690400 4673504 9983425 5884811 6681438 6199700 2895486 2358446 7344701
6363939 6414306 1489656 663121 1834009 8553040 6729829 6497965 7496174 7739824
4265106 373299 388412 3228922 4497998 6030566 6742613 7717739 9271837 1305343
3404574 2955545 2888153 9598826 3379029 6050349 9650476 5209409 9267175 4315747
7867441 1567923 4030192 9955322 8187615 858868 276855 5001549 1113807 3460322
2784530 7997242 3932322 6222399 4339849 8662206 6016762 8267857 9076393 8760162
6425303 6507306 8925064 1338842 4828515 1049346 971665 566809 9450470 2076424
5338639 5200558 8740711 4858295 8579086 5348040 1945040 2394543 8871751 4116726
6519734 5154202 8741248 414439 5351053 220455 4514161 3693385 7308468 7269683
8177447 1703404 970797 3850484 8468296 5908259 4620945 1155780 851326 5950918
8925893 9789580 382723 6946395 4512419 3821799 1468953 810485 4357622 4743292
8397018 1929793 2820703 8725637 8744694 7111895 9135001 1894709 2262564 7158617
689927 5458091 5192206 8667824 184941 37745 3766686 3595633 8068852 319182
5206516 8513813 572088 7970005 9971952 5713885 7062144 2486098 9692025 3364629
2163101 1999538 9679733 4386548 7366472 3404091 2876096 1409755 6122986 8081551
6493780 6418038 6402868 5957342 665383 3147231 8289743 2017687 5696672 4996627
7752286 2708695 2262678 2825203 5667933 2430689 6768865 9448758 7732305 4848706
2817339 2923368 6013841 6857090 8321397 9074309 8060051 4885440 4922111 9597816
5067294 3247074 3696307 8476287 1461291 3209624 2479036 9148862 526209 799974
1021986 4142031 4380816 9530702 1191746 2648883 9398266 4961027 8075549 718058
5780861 7357026 6733197 8008933 9584356 2133250 1486093 5890407 3808616 5631445
5934704 9538128 1930116 2503448 4268831 4278974 6101121 3193679 8153440 246267
8232069 9094776 1635777 8483644 4855653 1422343 7959804 4291011 735508 2840019
4659727 1579173 2284982 1778396 6698783 9352098 5044561 589111 5872694 4099104
4106423 8220685 6812379 6364136 6824115 6780095 5140445 710817 9570598 9544794
9285698 1133661 8719236 47486 3577280 6171547 8212403 7646408 6742687 5831994
1892522 4630936 3262391 9098721 4482061 3622485 7845638 2766433 6873904 9897879
7253624 6552644 7342185 6203728 7079415 7227924 734494 5807671 6908999 5186571
8832922 8976013 9616089 7634359 9339978 6630867 3532053 369787 4522601 4306786
1125136 1379639 8598905 199568 6103281 4060705 5791867 9765804 3394638 1055192
7185506 4817997 5236738 2510278 6045072 6455715 5537626 2639384 2317852 7490568
2341555 9509810 8545206 1951373 5844522 4180444 9993723 4533390 4675151 6162783
6499198 4807112 8472885 8575372 8103333 8224023 9531951 7109093 380279 2004298
6683143 2694373 2551379 2983480 9116363 3070948 1167012 6560592 1668724 3576795
9845233 1343229 5251212 7043452 7530876 6853081 3035176 2839007 5638158 7987140
9465273 7866379 6066371 1261380 7348499 6210396 8592198 8622665 1584517 6073607
5025748 7493690 1103902 8001192 2016904 1178147 6664804 149758 4328471 5638108
88426 8539173 3013074 2671225 5483468 5278943 9710162 1236517 5403404 5385426
6102750 6320532 1893351 8088231 4057490 4089075 2257694 3603320 5736290 832374
6094861 8745375 8340335 8605987 2353490 1920799 6252777 4847504 7500691 4377952
7867780 6401983 7340542 2096460 3435560 8014421 941555 5517399 9913796 3065375
5967376 9665635 3933677 3271184 6927416 2356144 6776107 4250436 9659688 2265485
1204520 5180940 5431174 4947789 558820 4395434 8348096 7693802 2102699 3932298
8087782 2905188 6776063 6593048 2052527 3596806 4864807 4020589 1987870 6968966
4246100 4848128 1979439 1799470 1817752 9967666 8790901 9283463 4227573 9829973
8110166 3447123 6606791 7486784 5471620 4668709 4181187 116319 7530054 9440022
9707940 7090696 2693478 3088502 2303461 9288366 428219 5843614 557923 4738166
9895021 2172857 5425851 6798530 7883054 8572922 3306363 6918645 8972862 6465462
6163938 5996447 2686223 905158 553566 566174 8499251 530451 7870671 9177493
4854960 8910121 6617967 4706404 9658841 5571892 3138009 2733087 8056971 7650655
852907 228084 9661817 8216748 2988233 441935 480607 8303252 4002016 5907068
9982875 1108139 7650681 5287102 7248470 417402 1201945 4600092 2778649 4703071
5460834 4178830 8235004 5197009 8770265 7897582 8056603 2558876 3313205 6703678
226754 9851243 4018462 4170172 8215623 4538734 8359960 7294396 653065 730273
8449574 4597530 1982450 4784404 8528842 6514081 46374 2305724 3712257 2203625
9592490 6823997 4376537 5596949 1584612 443426 761217 1115041 5834773 4689418
8371356 6894359 3496858 6313493 2180479 781977 709012 7788963 9312235 9991800
4181006 7103349 1537526 4282628 5330913 6978757 5583132 8196636 5018016 7130081
1309544 8618635 9449064 7288771 2311075 112801 6375184 2119025 9284606 3257428
8470164 8994219 1473705 8693716 5725318 9136060 7271048 5700985 6471680 20548
2473487 4040771 4526654 3588853 4200820 7202321 3221875 1453837 5664302 2339110
2141162 7968260 4611427 8742582 3653426 8630738 3031068 5031262 2355124 6204030
3202977 3150562 2157553 3256786 960286 1170595 402707 4337610 8876823 6624651
4798987 7023945 9104241 153615 5781402 3245002 8790345 258457 3522729 1474422
2826779 8277404 2462663 6791824 9188205 561646 7894212 5783414 3745517 3902441
6232612 7589152 4915281 5727078 2734887 9022475 9388396 1678213 6038524 380486
4219604 6062089 6710298 6869081 1624281 1833422 9863726 4171743 8214108 4758588
521860 856537 5563403 8739450 9343448 8982552 138540 2939278 3393312 5012021
8230364 3935474 7325186 6962068 5714998 9286940 6933787 222685 6532386 8647396
4973606 2949846 8361672 8154325 5116572 850756 5188031 4333527 8611305 7832169
94627 3790835 5285611 5858507 424945 8649949 3127379 401336 3738750 5262212
7247262 8285322 7182438 3378597 4305345 1813397 7137624 8218183 9786641 40283
1817356 3648013 9623547 5995184 1970163 9780116 1138529 2597514 933499 6073921
8634018 2118936 3229163 2534819 3547529 9622864 7237815 7714430 2651773 9053867
7178138 5566416 3051627 9583120 9252748 3564400 4710872 964918 5283659 6565308
3270855 7175407 717546 3477046 4359431 980924 6663335 4635317 783291 4833785
2259038 86749 2920864 8847705 3998036 737975 6430387 4009613 8857207 7846900
5321350 5126099 2927235 6691707 7033301 5302296 7261551 6688352 4673654 4944617
4324447 3929343 1571211 6492612 5614145 6142461 6593075 9130369 1742939 9529
9051117 6385743 942838 5397833 5225512 2294087 2375260 2649353 4872590 8867671
8864206 776634 3131862 4651364 666325 3660703 8449897 9868102 9113657 5181338
859200 8553594 1915292 2178613 5821803 4436976 5238514 2903448 4406668 5446669
6049536 9271663 8236881 7178064 9640326 2894474 4478390 9995916 2665950 5314672
2683109 4408348 9511281 4579957 4991943 9627150 6788764 9956931 3529158 2703716
5422983 6388180 1847174 5064548 7858886 1649960 2845154 5270635 9709935 3253605
5230927 2868911 8217306 6228340 2962126 7499327 6580083 4942635 667159 6072321
6631448 9633477 2974784 6832165 3197070 8379673 7335173 3105376 2966684 995158
2213372 9664166 730246 4584158 8800280 3655027 8364474 4207129 7411032 7350167
1768277 290658 6708307 6612229 8483177 503178 1383979 7054141 6454743 3843418
4691200 9444114 2777359 8399717 45610 4018403 444758 6177195 6526047 5308025
7882763 2058868 263581 2442276 6283748 5598578 2679834 2882359 7673438 3952009
2373593 9222726 8392534 2780453 272119 8002078 1907571 4218085 9626208 4597593
4922972 5045995 7550807 6560037 165115 4286957 3422844 8613014 2559411 9506990
5932320 2388917 5643308 9053666 4932303 9737067 9817452 491993 1164305 4321701
7897413 9257405 2840724 1671172 4543037 2577312 1080701 63890 9409265 5911495
7029625 308069 4604746 6756990 9449827 3878804 4392426 4973244 4763852 5448841
4541348 9962182 6798368 3590599 424515 3529578 6602910 647564 7105419 8926711
3151938 6410930 3000681 7664164 6829574 4023533 9877831 5545110 8969813 7174647
9113875 8808439 294764 1628072 6705315 6685190 3641018 4187562 3108947 7601752
546553 3529716 3205761 5141473 3474750 6514869 5029946 9757542 1928517 6182838
5773594 7547751 4737166 4988577 912954 8645210 8832739 4042217 2109793 9959377
2330710 9519590 6763581 100985 1273486 527707 3806413 1901664 2163198 5538152
5242872 327662 983856 9041415 7888290 4398657 1141272 1215939 7888480 4743953
4284691 410072 5989950 5650641 3780261 4913276 8859575 4120525 6044144 5845402
4115001 2234217 5782814 1062464 4759738 5362774 7645463 7054681 450888 8795430
4719577 1791367 5251145 3629215 8777706 8333590 9693845 6825352 5589224 8508544
9268470 9159895 5949306 6237144 5543154 3877091 1586573 6304779 3251365 7869708
9105483 4938462 3837752 9850503 1988439 4636245 5303284 2532277 8005049 7399841
754722 6869180 6835412 7829997 8195905 3271639 3336497 8086180 1145237 3936463
8673767 6050021 2201776 3291192 5994535 4242706 9532207 3105616 3880865 4413501
797611 1781657 5868774 6795996 1850951 9885968 9703483 8194740 2466998 7809945
2573710 5717316 5747513 9719771 860855 2650338 8885982 5819130 8365938 2413248
1025766 6524856 5146844 5006294 6722477 2302203 3000373 4861132 7341539 7186243
1617018 1155897 7747341 9826191 2162013 326856 923974 5173713 2445689 9716082
4929568 6242261 3127091 355010 3402965 98047 8490467 7645671 4452317 1882115
955316 881649 3719653 1492800 2089150 232316 1399862 1440700 2909171 3249101
8731504 5028708 5503690 4606673 1493224 6629283 9103917 3941342 939073 6139089
9920354 9673654 4081577 1863913 5326304 3458795 9879819 6876201 7740165 8224994
5392291 8193750 294130 9614883 6256856 8192823 6186588 5316195 1026712 8357009
9581724 1098553 2867358 3435289 9486161 9073113 429160 9554778 2181678 3465997
7976020 3860773 7636885 2887033 2969792 3019771 6661091 5811143 5710040 3678609
349620 7994780 3296517 8643376 9863900 2831372 4580706 3319144 8618483 7179644
5379979 7246506 1587281 1129970 1078335 2944435 5901452 4178955 7248395 9069253
5522010 4155410 2183114 1317891 2862724 778789 1001539 6189663 6850053 2625933
9532944 7254928 230820 2919712 1239784 6970055 9482917 3656977 8691860 3496158
2115216 4797376 97262 7460394 4757839 3357589 501297 5939227 6917829 9541618
1525654 9632328 6354571 7047280 6847156 919721 3209253 8678184 4094421 6898663
1316727 4086751 251922 1979467 8193796 4964933 4318169 58124 2045794 2508464
7179785 9466924 9394851 4633776 2098060 7082102 464837 6487260 575275 2030190
7710873 1303494 3042887 7876503 8098934 561805 74107 5452475 9060707 8466383
1937553 8012311 5220044 5423171 3910449 7611901 8970170 3008117 7770230 4995690
8515966 11084 5806998 7212937 5979796 8596129 7772437 2584320 6924977 9230824
4058448 4447290 6689851 1110371 3821283 7760128 6916579 9287635 307761 4199401
1546842 4335497 6817520 3339295 7295704 4060413 1845688 4677137 1976662 1509597
4634289 7616452 3384374 9585817 8996055 7701725 3070623 5049268 386727 3040035
484522 3830217 8733041 1627989 806825 953209 6939866 9247807 8254489 8942983
1336719 9970444 7835889 1995945 791750 2737252 1801697 694095 2831801 2624687
2908580 7521046 6994552 9653127 5501717 4815550 7223871 8667651 388619 9016169
5134359 6253029 6391377 1409156 7793754 6897453 3580971 4616597 586335 1649993
966826 8537967 7469604 421394 5643172 3497862 6201104 3546770 4754801 5004142
8317510 897981 2652353 2434905 4031899 8836034 8310056 8089484 517764 2389390
6924290 8226190 6451253 8181341 4073799 2687932 524994 5863663 2375283 1229813
3317671 6231514 2114188 3449586 4731511 1687535 5424316 5154569 5635089 1158891
3585224 7763660 1200322 7657816 7169305 284469 5180163 5822704 5659355 3576518
7840585 5127338 149923 3496230 2773847 5273270 9565743 4361982 6723233 232863
6940789 5278426 1603000 5623576 3661442 7340668 4392780 8305041 5758069 5591864
3040464 37248 7586845 5758318 9427827 3318331 6432923 4968923 2633325 5579922
568810 1352329 9837983 883152 1203359 8801685 9987028 748186 3063243 7669903
2104281 2621282 9011732 8567998 7374874 1748503 8119092 812435 9930469 725412
738760 90679 6221783 1520654 9920418 2067637 2720680 6836243 3655817 1134060
4726964 6285470 3257650 5957407 1052198 4764814 8459436 2472052 7105547 2284957
4939595 6073132 670311 2177421 641181 5050250 5611062 132841 8362878 2455210
3782132 3907876 9316597 1174028 1560433 337008 5914170 2576713 5344491 7209155
480559 9977453 813068 6528392 4971924 5768513 6354468 2723562 4050603 1016446
6900499 4276128 7469361 7897054 1813278 4555443 6934650 3930036 11497 7117568
4501515 6095971 6737482 3853635 4232970 2115109 7711884 1751138 2736062 6318785
2684539 8043712 153747 8281855 827067 5014017 4736264 8410018 4195274 3887203
1101065 3106624 3458238 2530805 8847334 150078 4915284 2902162 8422531 6982804
6833549 5842089 933904 6759895 5402760 3538555 1153988 4202798 4574614 8804227
7587121 6563204 8705605 6617365 6451364 1871885 8226794 7282367 3598592 4474227
7582435 4918656 9552891 6918843 6206002 9308714 3135767 6968848 8677219 372071
8213726 2391920 808770 2099875 8692467 7116915 156090 5291137 1483868 3692645
9703079 26526 1245268 4705742 2979775 6266012 4936711 1153022 6372474 2458042
6015819 9258184 1517091 3342827 7281572 5602515 7849989 8202560 5683987 6141291
4009345 4848591 6481195 4091194 8914286 8681694 9664680 920002 4174016 4696640
2212323 3461545 535913 8281234 8030405 8199399 8999093 9772075 180201 6918922
7809738 5446282 7386584 3304335 9039530 8446874 8820777 4793127 8184894 960693
6780336 9278813 7339011 8544150 4070643 8343186 193387 9560568 4998520 4580384
1788047 2132382 4162001 2158638 9429988 5744986 2798777 5016663 661554 2403771
8658851 7234884 8773929 9988658 6558196 3797061 5521012 7014359 4405326 5143759
6295052 8725821 5062103 5138198 1413921 1936624 6000220 6418411 9353884 5123680
591199 5841810 9509345 4178366 6998366 5987782 268418 7755948 4198440 5137213
6489705 9597705 9262984 4546026 2590423 8167947 6597169 6883501 1355798 7962060
1638850 2362566 493038 2731651 8660842 6346470 3490708 2286099 1943820 3520860
7135243 2117777 5026024 1389743 8121777 8950236 8380845 4491846 6553460 2620970
687856 3025953 7369118 1560996 116414 6757339 6016949 4234357 1300227 1633588
6424091 9548240 7031663 6389856 4621550 6915746 861899 7384261 9109224 1944108
7214237 1144514 674559 8627715 3995910 8133407 3323110 1682508 191761 7051999
3854255 5472261 6293889 6493947 6476973 5794929 4194987 9546032 6377875 7037639
7663670 7379595 3483465 4239105 2976186 3313448 2333057 30413 4721911 8563165
4040801 7014910 8758007 1880457 9622934 2268534 8849508 8894620 7692547 9285964
2920796 9144557 4043692 2733937 4262391 1007262 3180767 5183729 7384182 4144198
8204914 4984362 5793706 5104157 5562598 9911536 7722085 8305782 1976987 5187930
3871778 9199666 72779 1811678 6208002 1380103 4662307 9839142 2868435 7912411
2379064 5796126 4842215 4997855 1741742 675442 866810 2157579 4474017 8795023
2959464 7299164 7654613 1263927 3242456 1876266 1667396 5275904 9312762 6215915
8327112 9899471 5428748 9181747 3852763 5077429 7184484 6646272 8471057 3712386
8007884 5368959 1960767 7405801 3687884 666249 4292220 5118797 9903624 3243463
5047683 8923198 2380151 4096108 7255419 2769502 2816073 3963940 1859622 6256674
5539577 523993 2150341 8943878 6002088 6195580 5476597 7423148 3767356 8699866
8567458 9929425 2130822 7128775 1383956 4516840 4226872 4765560 5634391 7091172
5837364 1995877 1493021 7021410 630392 3158050 5013009 2189533 2589438 9654414
4009713 7431110 4469110 2158109 8708408 7965351 8753227 1272071 1864972 1347455
1276963 3353727 9375644 7790009 954386 5212380 8205290 131227 5812991 7426442
3232304 3778770 4049391 1697323 935367 9273112 8011727 1194973 7603638 6980376
917163 1216904 542290 1317751 2841666 1945311 1935757 3096799 781578 6852180
3263509 4705848 8543678 1395379 6518907 4221720 7951998 4312548 4921005 8550886
5771993 4686508 1836514 100431 9402858 6976404 8082645 1583223 4008602 2170064
905202 4780632 9396637 7587274 848366 1683756 7389952 6227719 4538472 2525624
8385365 9228173 5030873 5189771 8549298 3667945 3236060 1441679 79375 4334624
2478888 3476964 205157 9154279 2209337 1699081 2697021 1695951 5624260 9746454
8755239 6454116 4938421 4419793 9104306 2107820 5813143 3156879 4285614 9105554
368477 3755268 2209583 8651117 7071063 4898551 7696645 9146298 3705567 8282121
8606806 3077529 4763143 8017966 3910127 6952665 8701360 6897042 6957910 7593381
4634999 3563596 4585811 8547663 1274562 940219 1288985 3663966 5560897 5419251
6830642 5398114 9824686 1481262 8747695 907914 5795567 2794236 4526023 5694130
7127370 2784451 3222204 1541607 5394191 9224357 4725467 1461179 5750036 5918758
2541743 7357464 4102636 7509645 5196795 2861720 7853545 2290355 6394242 6082968
5361561 5250914 9757684 852730 5779800 2836829 3301856 2430063 1121885 2622813
6071825 8867775 5587630 1757996 2665713 1555050 969095 2042033 6407812 1127785
8680377 6490960 1613984 3191336 6500969 3571402 9692036 1844378 4263659 1406372
7591225 5650677 8732776 1538779 6758996 6160298 7849701 3480085 7775932 1631005
6751047 9388956 1306654 2005736 1874087 8429492 242896 2881840 3719710 6870395
232365 8972558 4058956 3569235 5187475 4302139 9412701 4191541 1825337 6140005
7765795 1490651 7264478 8752684 1870138 5329437 2937075 9805428 4798701 8791713
9776161 4201880 7950094 8575309 4539994 5220553 942621 2292206 5747302 8609751
2954821 4406667 6823741 37868 554447 658318 6912398 4556870 7792727 6213007
4318187 7364417 7875889 7985922 3244700 4718923 3392965 3736189 7208404 8686958
8200053 8132543 6527696 1969347 6410547 103610 3630920 8364038 8298545 4575152
7793762 1043159 3282662 2752080 383571 4447987 2385980 6143159 7137399 6678253
739600 5750439 1749346 245499 3769371 6807869 1424424 9355442 8058543 1788892
7494891 6497174 3510774 8670440 5517073 1415364 1334947 8324993 2644130 6777029
4492553 6504233 1979617 1128441 7043605 6463642 6826872 1935355 7960562 3696535
1103424 7313756 8564437 1657628 651979 4639358 8912200 9450201 56772 4169241
8310189 3009117 9651492 6794916 2871255 912294 3890116 427111 9675166 8350536
969728 6721768 4381367 8844002 3326012 340722 8863112 8144979 9020340 3483506
5311587 1904973 6923923 9209209 4506911 2936030 6935240 6954420 7123983 2193370
4729092 2029001 2338359 3766504 7924532 8129639 4198675 458264 6936298 5184908
5710251 5458987 1121040 5558656 3306202 197841 3184977 332203 5405498 6931438
636162 8764806 2118348 9565476 7905103 9764750 7238630 835550 5611478 7687702
2130831 1336964 3505497 8702115 6899502 5534439 482100 1680162 521811 1317498
8898622 8153220 6718443 5917503 7490552 4202129 7714504 1281651 2656831 6361969
2276227 6058971 2343311 6174698 2308173 9470677 8555774 1833076 8143517 2750141
7078049 1562452 6474401 7526980 5838811 7616386 1599212 3522251 6247833 4557695
9447281 7266521 2769152 6313395 8294732 3880253 7269209 8413538 8996596 8390150
5479811 5234787 4512754 2088815 7973170 5973180 4465407 7336506 485233 9162682
8534594 6295149 9955809 7643766 8322641 4926514 715399 8376805 1828245 7734733
3344405 9431129 4040289 8872259 6155431 2839461 43881 7634170 1865510 9138050
7560536 264444 5025066 7048312 657790 1592777 1174998 2336103 500470 1362745
3469296 6767928 509151 6748131 4152753 8667431 1232091 5704282 520234 58846
6402122 3636954 8315026 6471203 3020343 6700190 225082 4201212 3068599 1757759
5916271 7458227 3698261 1297772 8913788 1137101 1905626 8027989 5607443 5747518
9643497 1131601 801885 8184259 1865922 9439292 5465384 9705702 1544841 7104741
378832 151574 1217848 9214814 9004294 6926392 3142743 1617046 699317 8537218
8095224 1810737 7345400 1120549 62871 5124244 9931418 2709692 2619824 5035504
8046842 7201059 5447977 137871 2320125 9589212 1214239 6184102 7942391 7798307
1000305 163724 7404633 3689051 5108811 7242097 1715558 9150986 9366851 6926779
9351629 5486256 1673563 9702908 3447424 6851485 5490757 6252242 4855237 9695539
2064166 6784038 7311535 9750860 9070268 5132345 7260791 8844277 5320728 1635579
9376247 9324848 6250460 4581422 5183668 8245299 1828468 3567879 9044723 4303806
8896082 7837256 1112724 425241 4275657 7795654 2327324 1682828 7765685 1020076
5904079 3049378 177598 5457257 5453566 5208744 7505855 9654753 9541450 4160348
9957424 466920 2344731 4338788 7390183 2362112 2072519 7580189 5449453 1104224
8201128 4382570 964031 8097591 5177165 8053847 3391619 1879742 2714481 7861032
5500923 30663 3643815 3182699 5202801 9507371 4436960 6606441 8068954 8173908
7478779 3913987 3657622 2130109 2927140 698512 9498984 9635546 3847434 5958141
7817218 2576781 5378839 1978515 4940981 6510553 3468268 4649478 4842927 3741173
5335797 7073260 9856934 4397271 5613824 9871937 7794891 6766460 8182391 1731357
5374788 8984616 481860 8592035 809344 8372381 6081557 1581591 4516372 1075604
8443961 1294261 4006647 7549902 9717115 5005512 1128623 6642489 3117667 1817215
4178062 8208703 2510723 7111442 9281166 5844028 491478 9563951 1621032 9376689
1359475 7122771 5274763 1257317 8173141 748044 1260052 5822458 4619903 4244538
1044342 2603164 9761972 6681964 2628608 3242909 2826988 457192 9095797 4497419
2665716 2216194 3230763 2511119 5036100 338305 4020622 2848227 8666966 4444223
718927 6212145 5752103 7617223 2981716 2275110 6609869 5673002 3692743 2572514
3416576 1557317 8371424 4630624 1255860 7167145 2512973 1250435 1141506 5118808
281387 8868255 6701643 1321879 9858635 8500548 5879231 9558858 461119 1189701
1251428 977985 8062525 7933697 5964406 6848373 9057933 9514376 9025749 3976820
7250304 2890074 1482207 241420 5300640 9581681 9576034 6899290 5206597 6409004
7094716 3528834 1365924 4053614 9297636 1451200 202119 1384806 1551311 322487
5590602 8777770 2844397 9045762 8636113 6096201 599272 7023205 1640336 8569584
4093319 5975826 7943541 6504007 4665015 855577 3889019 2100803 7037575 247604
8283864 4943835 3377671 5329344 3469760 2383309 395568 8596020 2102878 417169
518482 129710 7576328 8778420 5053248 1937856 3536778 8437012 2624319 409807
8940054 3946021 9925595 8113151 6831035 7859276 711224 982370 2318877 9409487
8306717 3156011 9587703 3191390 1111591 619200 367496 461522 5545058 8904372
1449003 8863606 8403897 4090727 8854698 1821762 1387151 1532853 4167120 3222868
5162947 4303821 8177479 265753 7880541 9564588 9752544 9802655 3915357 9442652
5020110 4596818 1247054 6523616 8561560 9427319 9171080 6521666 8123434 9698309
3082042 7909932 811816 3077140 2389872 3477550 7049174 5655239 8650253 3225591
204596 2991042 3867030 4162258 3169008 6928513 7321579 9995552 1701290 6746352
1436273 1838673 9472286 9045481 2928781 1481109 936907 8626258 6229971 7633893
3969925 4765866 7359671 7155173 5643081 8580328 2963404 5776964 4168576 4850255
8511927 6709313 7509195 5933520 9622357 202173 2890424 1398454 8735294 8428088
595147 1814800 2244313 9879280 9179220 8312719 1057240 7011349 9609196 7688451
6188308 9528150 3166281 9968924 7453411 4438060 5710809 151608 2437482 7069143
1149997 1096566 1134076 1254652 7003851 4597026 5017060 1262876 106304 9727802
783489 4363320 1863225 2385403 2488801 5508717 7622275 946764 6096382 8954680
6729074 9504705 7254829 3842699 9554427 1515923 3864870 588351 9506021 1775452
5036922 6576264 2043259 9155237 7331361 4858748 7451532 6888754 3041335 1865203
4427007 988426 1130041 9224813 3397178 7381778 6337610 6162750 8476221 3493825
3196423 3523664 4650147 9945519 2658278 5003474 1687854 1983145 793595 8792083
9372485 7574150 949777 3278578 7946356 7731619 269923 8221896 3760966 4653237
7110421 6400977 2860247 5886690 4457499 883411 5289456 7272535 3785051 9560897
8031382 3417571 7244754 249008 8868589 2580514 2265628 4369963 1903262 4443329
5092893 2685067 447244 8150774 2801424 5770273 1007351 337775 885270 2944601
3046648 4753833 8126933 7317714 3253012 4961941 865461 3809394 9797801 4774692
1099660 1355004 1251949 3666221 980741 8414415 8327472 7630431 4073457 7083275
8411880 1279180 496277 9952911 9273836 7407574 9835044 3152407 9559753 392410
6291589 4179145 6556170 9084047 5441733 3257586 9607632 3216104 664320 5672009
1324340 8256739 56787 8740513 5964377 3225107 1257794 204156 2990832 2375688
7515319 7063659 7821722 9510380 591978 3323434 553734 4730611 667674 8107199
6654291 1569553 9797769 6642068 953751 4806338 1954212 6207753 2419929 3908349
5361434 5210097 7165888 6548851 153072 616144 476604 9858867 3526916 1604958
9457311 600434 2051017 2069809 3897271 7182025 6904724 4216770 5619529 7046974
4611821 9224554 876736 7280303 3173670 5002801 2380422 9809628 1781119 4451255
2759552 2651824 6705208 2010849 52720 7391262 5905039 890601 5217337 105093
6572631 4446950 778994 7035040 65968 4599721 3041154 935678 575343 1233961
7956436 8917611 8696935 6131348 4207021 1022091 3404675 7632729 4382426 5805989
7239160 5888461 492707 3648047 9093399 1859270 6776025 6376361 3653933 3065843
6298807 479600 9072924 1905016 8166377 5267584 2218371 1422258 890842 3513974
7366499 6537695 4434331 9871206 9982560 1501610 5875420 3621435 7947410 7537719
9811795 9507093 7835651 9881198 4599669 5175274 9129481 2552394 4742504 1268182
337356 227864 6215386 522936 1834783 986318 5274343 6710106 5782844 8081342
6279952 5393474 6510353 9141195 764124 3650677 5474929 4659456 9095617 1364083
1095318 5429643 8149796 8861940 1972390 7918079 76487 8152133 4411873 4911509
2689013 7737442 2815019 9821592 7003695 3397164 8700042 5938907 1721462 6099587
9606883 5173073 5279248 9392556 6428618 3355802 3138673 5529254 2457073 9762472
5760902 3022432 9332796 8373294 7132376 3240778 3763775 9877946 4817217 11686
9243969 8409586 1153204 8912653 7504192 583532 3216225 1372846 2704497 6173576
5090676 3856985 8407212 5403703 1419696 499653 5203103 4115183 8440140 8356683
2780453 2059832 3525261 6768335 6472410 2849813 3882311 5218551 3107373 8348501
3345432 6464376 3074551 4517219 4372937 6435711 3040802 4205679 1558254 7077638
86519 1797710 7268565 4102595 2383746 7521671 8214772 490311 1553143 5685184
6836934 8207346 1247972 9227817 6530757 8405937 6128029 7903112 8222481 7315553
2574064 9508373 3357429 1941969 1180504 7198314 856441 5255692 4695914 8924726
4812600 8571446 2947050 1282759 8290734 465098 8635490 2314715 6326196 8241864
3249526 5148218 8172243 1059945 6105081 2344808 2598903 4985502 1806168 7768834
1644201 9744815 3002361 4933071 8022051 2411826 8811246 4696851 6357785 4653318
4524645 7192828 9525171 3229044 7724303 2146772 6039710 3197389 2962096 1870008
7723046 5741842 7429200 9406890 397189 413437 8301894 3921449 5699026 8716600
2273099 2635939 4673604 225547 6004987 1137580 8266536 331079 3307861 6027829
2246758 4683417 2236795 3219636 6137954 7085288 7531431 7204397 2540591 8049250
1020678 6814472 8707464 73940 1318208 6989167 4583867 9224802 2487355 9506806
8576920 8750058 4891323 2257417 2989060 1782138 472713 1836656 9531157 3999997
9031295 9529584 6232145 4298131 7368997 6718126 1487852 9069719 9245007 4421948
630199 5291908 141435 6568286 5475959 5029453 1854973 173106 748734 4773146
9057233 3095175 5035105 6312901 1912089 9794051 8773485 2351762 4893861 6563891
2848378 3678570 9618406 8483963 9147117 4592769 4225598 2382905 2998887 9255335
6340661 4460794 814812 5777267 8808989 5989256 7087880 5446099 6134513 5756835
2383490 6916127 9396996 6435942 1574104 883040 1147732 8347733 9876910 2761493
9176818 7919914 7265662 8307742 8884149 3513075 2178236 4831679 8163763 2143260
6890629 3121468 2791868 8748885 8677043 9288826 3256431 4787548 8477689 495812
6028683 2968791 9448312 6001125 5082306 6152808 6327444 5506631 3820945 3214200
8563126 84573 2549678 5206366 5953114 4966505 9821534 8218433 3982322 8938214
9554020 3442794 2743969 419875 724175 9091057 6439571 6055289 5656945 3257495
1065189 9831651 2403994 480220 3372471 4644977 2405331 5255322 1449369 4343818
4804917 3366169 4754036 2567070 6851652 330577 329419 3055233 2239122 3870845
5084262 7651302 5096493 7963362 9966467 5938010 9145206 2339755 6871084 8347646
4165714 7864275 4146827 1923571 7686878 2266547 7521446 4742910 9065957 8380527
6601023 9698010 8064061 5017426 4843481 882727 2396210 3814827 3621923 8616796
2906958 2002288 1479466 9385510 9867352 9284172 3238626 7064591 3773776 4719225
7337366 3925876 3394477 3244014 4402608 6338344 5864141 6482403 3083365 3746811
9537521 7457113 3171520 7370254 3226725 1303612 8315873 8411129 5555910 8354430
4394009 8976302 9976622 4629580 1808269 4385275 486666 1599139 8063654 8898390
4501414 3565195 3160242 3064869 4367489 8139454 3514904 9319270 8010548 4250059
8229187 6168438 5011085 6432012 5889384 9324187 8482419 1784460 9945979 2932979
6367235 3875794 5999067 5557932 48863 6495953 3041396 8347425 3968743 8124803
6685661 3319800 2152389 5828994 8194145 5526384 7559630 8943583 9358904 4619830
7820011 1391476 5408275 6854124 1897406 1684082 949599 8302331 5212803 9289338
9949433 7105210 8327181 4679619 7678517 2298920 8543063 1313967 9089868 550151
3285872 2355052 3742902 6911327 824729 8245964 4010489 8072310 8099852 9060747
8354969 8165934 5407439 3703998 325350 4142386 8230479 7532732 3584994 6006068
4451008 4972326 3046570 8326664 3522656 4259898 942318 2768079 2638259 4564835
9875220 3826484 6873139 9294401 2875675 6655067 6762740 7030398 1180573 5813587
1913416 9435941 872491 564985 2081597 5810604 1684627 7155854 8827565 3067619
7579585 4164779 8256443 9109634 1307282 6442605 9806436 3106693 2389456 3729699
3038757 2659308 839826 979853 2255983 9807242 5924126 7834258 4584394 9417405
9291225 2572286 6713423 1653610 8185641 8453181 6400604 7357519 7318979 801734
1186909 9156288 8827766 4535230 2923409 6879772 7524316 4192208 4494977 5410031
3952457 6488521 8926741 3823786 9327592 2445290 2205291 40742 3693158 6329539
8824654 4910226 7876013 6463425 9968342 2960036 8904884 387735 6225984 7151336
3537198 6523479 8332469 3298404 7931713 8539719 5212051 9176591 9214951 8504083
3247682 9466828 8081375 5665047 9098165 1060429 8948840 3805418 3557147 284973
3546173 7510830 2065864 7201008 8832151 2317316 5963243 7854884 5531027 3350366
6357898 9800103 7507535 29167 7875544 2083605 9581568 7030886 9246144 1488866
6014224 384899 6660960 5354668 6188972 8863725 2555105 8145623 3880174 552276
3001419 2475595 5244091 9318809 556216 1422590 3232320 8338649 5765131 5539713
6859152 7629957 5900354 6261467 3283173 2954612 4611500 8608981 2729439 914209
4839948 7120074 4311635 4700107 4651824 8190884 4925319 7440123 1134075 111225
7331609 4618011 472668 9744713 2945998 5501951 3929144 5919704 394387 215509
7583604 6647690 1262576 8545410 5990094 6224891 9072805 4328669 72346 1849344
8530707 4133546 6293074 5836220 9602476 5209337 8480969 1965420 2799236 7263453
1680576 2120536 491709 6276143 9678547 1545407 5646203 3944010 3455639 5279685
2657709 9262814 8857245 3190444 2015018 3234452 5679326 1414316 4098436 7717848
3695335 4271128 4818711 7608578 4251375 5266839 5433326 3256021 9403348 283277
7395135 9846547 9388216 3314802 5591796 2371504 4022444 6646438 1321095 903284
6676331 359741 2133876 8225789 1715826 3677571 3159210 3641352 9146785 6468776
430404 2586772 3452947 951222 7953994 3332091 759497 4198797 2954601 7787534
3461228 1016300 6094866 9344094 4868969 9626879 870258 7950163 8623902 3289129
4979463 5850397 3254375 969557 9307291 9703526 8494472 7011098 2743941 3152724
7473003 6841225 3492406 4539456 4476831 7665128 4169682 7064591 5461737 4184389
6311233 3357348 5628094 7723670 8577353 5359588 166208 6743970 1973446 5354437
6409668 8776657 8949164 9461887 4355910 2841088 3510116 2758882 9250714 1476523
5822230 4744073 3905363 7162847 3263362 8081469 4067985 5521174 2444223 2645248
689234 7965411 7539466 7951024 4752332 4167193 236660 4580622 23970 6055652
4404041 5708461 8452703 9453518 4484774 8245653 5205720 4024079 5043293 6841887
7377637 5533551 5006688 4963075 8024060 3539369 9395251 9970807 1354746 8152221
4199196 3028872 2958511 6516619 832474 6888809 6947126 2068607 8577315 3570688
1529524 2415376 4248024 598440 8941107 1663726 3980124 4043964 1141823 7107833
1341330 6413885 5691039 2976862 8644523 3487763 3734308 4337338 4980567 1947648
6441871 2573324 9990305 4022280 3093857 8956943 952630 6374519 2435120 4558392
4247588 8999297 4831014 7337390 6938665 3288830 825851 9305053 4165162 2031181
4932009 7959824 4419188 4616157 8639515 6884492 5366872 4134984 673454 8760956
3566327 6075271 7933647 9624498 3913928 5516932 612871 5151674 6008152 4802147
8428487 1936885 9282093 3061010 907427 8942534 5779640 7563355 7324355 1764564
1100653 3609907 7808504 2016741 6650540 4232980 8809432 6962699 5295363 2086347
822712 7052511 1633927 5646375 3993789 6050666 374047 789410 7978436 726859
9340521 6255127 5493133 3743364 6314289 5281073 2837151 3589242 31645 5665747
1378169 1003466 4856565 1804312 3513543 878944 9419289 9637701 868216 7131355
1368017 6265677 6018047 7796459 8402228 2123121 3699624 4540957 6395257 4352325
6519575 6671114 7150535 4013479 7740168 3256757 6843149 6757643 4622445 6630298
9246023 9281531 4400913 6950601 308473 7389232 5490959 4150088 8852419 2579027
8022187 1222554 8650076 7082293 7563594 1645218 1335886 948631 627743 8997176
9186930 6213595 9414738 1997979 1471490 2174993 2294522 5124652 9646043 1557891
4575386 9370832 1080871 2325021 169886 4487386 3995725 156385 8839142 733220
1244437 2730232 2902066 8530820 4612043 1927138 5531650 3050927 5261357 6233321
2200472 106776 3126581 5101791 8055958 238167 3152762 4014308 7221720 8480019
2725251 5936746 9451878 9099608 9147003 539382 8310826 1154403 8588994 9503875
683015 4890674 7438436 8441932 4096815 2334588 143075 3898569 14371 3909938
4597652 1710648 1852555 8941401 7882079 1171372 4214297 9430675 9948621 9912648
7312249 8480747 7353219 8812139 2429701 5059822 9622080 1006005 1862177 5787618
8041329 3979871 8596218 8882007 7642814 2703243 7718898 5916811 8587755 4681798
5183160 6525347 8449938 5099769 4270402 1568934 4061888 8700817 8447721 8682907
7616161 9890998 8816986 6686340 1283392 3970815 5477243 1539537 5906965 2339710
4660588 3428422 7042331 3884044 280920 8797651 9504942 8411289 7855878 3427916
8450432 8171728 7701400 9794535 9875224 9956289 7253223 3383742 2483407 3901446
6654017 4463229 8382686 1858888 3362715 3153838 9467046 3700062 8732723 8707534
5778921 1612831 2847547 9660761 4254215 7024076 7139094 7232209 512535 9153026
6387295 6048354 71528 4541275 4904099 5228733 2613907 1977436 2525863 5635258
4407473 1046661 2749271 2294442 5721495 8754857 1661077 7786811 7164419 4228654
1924153 1841165 4653497 4699313 28365 9569605 641937 5239323 8393787 6687867
6920772 6111368 1043075 1441915 3080278 6609010 3510811 3493315 5874757 1426709
6050889 6951730 4555971 7108723 9692207 5700179 8805599 6429179 742054 4994901
3342354 8814439 9214629 5212486 7333703 964397 977636 4085703 4032954 3592773
8168514 3878518 1173743 3938436 9063605 6352215 9076572 2641178 3602871 3156718
2586902 5347560 286414 1324245 6324000 2252890 9740947 9871420 1193249 7068196
2247021 9349117 5873813 3161557 6207721 2779638 9961464 2989907 1735930 9022188
9774443 4477636 3743771 5575318 6218600 2624663 1554879 9696504 2174496 5390917
2886192 6683905 5811947 3268575 6906819 1638149 3652730 9079252 5752706 2786073
8634419 7908726 5359746 6881764 7073818 3822602 582146 8790357 4909651 3512172
8169921 7380839 9983533 1042268 1614502 328232 8612406 761944 4231305 8852815
114590 763912 1896003 1914536 4192620 1814154 9550893 3494920 4979303 5005777
4990908 5067200 4121345 2520193 631343 440637 7929136 6074132 5379439 2829653
245465 8185874 3845186 444070 9621992 7702914 211517 8050152 8006984 5263589
8329190 5060508 4738610 2620103 3127520 7139312 2190113 1589706 731518 6604163
6883671 9875959 8185818 6157239 2430143 5709422 2360653 5314928 1915377 715917
8826950 2225763 1070678 6947304 1070005 2999877 8859479 4815606 9456890 5919054
969253 3674842 933756 5496216 71018 8876890 1690095 4317443 5352728 8426919
6388975 8292824 7668531 1699173 3275009 8917195 4149574 7360788 8956045 1203323
9359234 5640759 8880961 3094857 7996296 7169796 1773858 8669801 1434742 5391359
6729431 2410408 1840592 3591621 4943381 5580908 1507271 2991721 1161259 9463548
5618681 2198272 2456566 9680654 8855522 6368262 945597 9060875 1901111 2323328
7079168 9915369 2415032 1496751 333336 9436622 2756320 6980451 9969470 6891894
2383716 9550259 337039 1469132 6144546 2192489 7721217 7456222 6877426 2536530
9337244 9534081 4546709 929228 3182102 2884924 7223497 7627345 5301012 7560675
8601095 5717980 9612777 8041888 406698 724354 7064832 3644429 6078966 9533774
3323879 7614407 3994260 2525964 3897346 1487244 5180106 6465987 7572533 7819233
5739845 6739222 1587285 3085921 3157655 48790 4888959 9356125 4170481 8473571
4460694 4819252 9548015 4416110 3192236 6024567 6021421 7000566 2320192 4451158
6505931 1351953 8915052 5020275 2725634 1120745 5291850 5315411 232685 2024838
7914351 2012802 8912741 3686656 2776479 7754784 6835339 8205583 6378640 8064944
4612215 8269870 5514141 5277521 3655118 5727696 2186353 6000949 1914999 2866743
6067633 4703334 1847557 9966325 1640207 5064112 7381244 2713787 1288372 7094257
3226520 1806131 624604 8006590 3306307 4591497 3098870 6874029 6010065 1665875
2475269 8572537 1665910 5121105 5862642 2969811 8470822 9409351 7263037 6803166
2078309 2875342 2579945 198198 9612253 7669405 4127726 5467181 525660 2220082
6553679 3063759 7196625 923767 9002706 4857703 7142624 7315016 9893039 4456935
3806600 358527 8764883 9998544 234523 1242187 3057464 8858898 7156483 8596579
3175438 3509363 9685682 9040652 73949 4594351 1828117 4622807 9081456 9676363
616306 1514056 1707806 8177541 6430540 9436763 6729978 1026402 177973 455089
3479598 7880582 8471809 3238021 1353926 4907513 1625616 4158267 68749 1292519
55174 7700849 6053455 1070001 9823477 3934663 4687080 2269881 9315009 6406608
6777677 6051479 8198854 4964318 142491 7887621 9612869 1422371 1637424 2045365
406896 2856311 2967598 8171156 5480352 1672024 9651454 3463859 1488797 6097342
3519668 6713522 7831759 7142584 2202086 6009678 3196618 1798385 5662912 8029865
4889531 7881070 1077072 63922 1539091 6064267 2141673 2161532 4323948 2449459
8715789 5836618 6367172 8484331 9851134 2103617 5659739 6231504 6482669 6979584
9625085 1556941 1189449 8308446 5243932 8655194 4582635 3785847 5326116 2293902
299755 9328753 7287642 5489677 6511593 5556220 5309843 2548148 4258479 2205145
6012213 3646348 8243110 7302151 1516476 6046944 3574741 976864 1384592 5579380
3419723 2678587 6400405 5430820 7273854 6647697 2479658 2875534 9314319 215998
931084 9872706 4511383 9017860 1640214 4807781 4019041 6373950 3231756 5541228
2065734 6552387 4654807 4449161 1012513 1114528 2693214 7908630 5743127 6183920
7045122 5345964 7099331 7198668 5983255 8385488 7353677 9781982 3917952 6025498
1788093 1315784 5839133 240173 212535 7588777 2769948 3484432 5479904 2147864
2704995 4301522 3349365 1404573 471675 6685057 9142575 939498 422956 1555847
8769636 9190051 9724915 5032381 4326291 843256 9899338 8221265 7042524 8491226
4710828 5576729 3392394 579979 58267 5615370 7625636 2944678 7544428 2063094
1973209 3336884 395756 7334215 4254501 4406780 5886993 734990 6773309 3260491
7465243 8090195 4039719 329473 9838772 1292009 7670692 1939374 1275503 5613625
6397988 5815729 6218529 4945205 2728931 5909377 2591301 7486927 1579802 2821342
1999975 2010567 1229117 8660496 6352732 8007831 4622658 163843 4040753 44681
1548246 9014019 6953362 4365013 858836 9252439 1912531 8907919 1460772 814089
2032498 2548041 6315984 3631884 9076080 5706909 3457997 1030222 8877712 5021491
1713300 1147668 7316171 2849633 8743136 6458119 7742552 9300909 9153357 7702566
8659492 5829913 8271564 9761886 1183503 9594143 2658208 9379733 4326003 1061482
3420497 1921976 5267458 2574839 2526148 4780755 5194578 5500696 5425055 3503627
6095303 56392 9487659 1933597 4829576 8707890 8393850 3085272 6756703 1764928
1168629 7848037 1166680 990521 7383171 2262246 2103679 5309010 7554609 7626666
2000327 6764871 5563389 1705665 1173424 2161828 5956155 7390492 7115786 7884656
8370158 8749878 984126 8054916 4265577 519952 458452 7746032 7278470 6003073
6182792 3292117 6602314 4041046 6502874 439483 4979851 6207142 328010 6145131
4684087 95489 6081521 1681186 8838546 2604866 2464905 310661 4710333 2368071
159395 9953186 3353006 5306706 155125 2677261 4893647 8262614 464841 3275095
8060295 3979702 7880721 7561796 692933 8336289 2135968 9916671 9815547 2495949
1117067 6300396 4023165 6580656 2653899 6025374 8624636 5395555 1781468 1333888
3938370 2328024 3272734 6734136 2117218 407073 7641467 9716218 9160600 6532152
9967033 4786423 5071523 4311055 308107 6195863 1352585 2943539 4683513 3229939
1998679 3401674 1357123 2671274 6238811 1944932 3425195 9828421 9478428 3515922
6628063 6738813 672148 3691652 4110395 7600977 5174322 2528231 6264549 5381399
277164 499741 2418806 9404303 983446 9811217 303999 9490223 9229787 7464637
6362547 3497346 139100 5155048 9209132 4053288 3940254 1144726 9266301 2548199
1583255 2046014 9223113 2769990 4353185 7867722 5362975 5920518 1668455 5984894
8174215 2336166 9809024 3898222 5131466 2351130 9682951 254741 915921 4566423
5632705 4241459 4080146 7543588 4126983 9641452 7995301 6853037 5834800 7180804
8415114 5360464 3300415 2765401 6759372 3296174 3269464 7431641 9711071 2232923
7157238 1895290 29321 4883847 9783660 9075497 9083555 3552973 5917958 3908538
4402325 6005252 4714067 6194990 7897834 5388145 317257 1748395 6314528 2683004
1488029 4914317 2552285 8328338 7761671 2468588 895334 1333076 6806512 5110537
4225298 1752596 1305099 5104729 1197691 4632130 6554114 3229023 5441262 925122
3427222 1446993 5892190 4453521 7111547 908272 8897397 3333232 7804819 4685127
2056677 4621920 4348021 5264461 271246 414675 1249140 3281323 4853910 4728070
7053405 1265565 4540795 6382616 9514148 7820102 8837670 1629970 3304595 2853964
7572405 7702159 4161437 7796460 3813962 8426740 7133927 582245 7482457 1187552
2955367 5627726 9448517 4047521 528510 6993301 5216737 2442185 7939707 307999
5316980 4258858 1305834 2507963 6714391 6426981 9413948 7970598 4565963 5411535
5060720 7156140 3560285 7668558 239728 9362723 540847 4663438 9787650 3011618
5710314 2584274 8921323 8327425 7884854 6242217 8301057 6083767 625637 317174
7891942 2576560 338005 7007678 97782 1853563 1016182 3842381 997445 8242825
5730609 146991 7441593 3607280 8736085 1678468 9048684 784576 4016655 914427
4082655 608265 1967228 6603593 6723048 2496431 4418660 6214604 7984055 8031429
9347805 7400827 1648980 2423142 6131467 7442302 2637664 1169675 1798356 90862
8288298 4676156 4780373 1971344 1866977 9350783 3680995 1724541 6695344 819565
3082960 1151970 7320567 5475486 2149549 4377024 7705231 619232 6385001 12862
4277027 5313696 3811396 1722767 6742637 4432202 4506418 3827284 6480008 3017392
517060 9514146 9778704 6030607 113152 2885279 9112001 9943193 1189811 3630925
4511892 2484447 210338 4052282 7263544 3446735 6676508 7271182 5042232 4702700
9205814 5857280 5747414 1537726 235133 5013890 7071328 8320645 2261900 2920451
8509423 1715132 2788215 2722842 5810313 5964794 9529591 8828393 3158458 9766162
3348565 9135324 1401816 9607911 3680155 1321601 9162174 8472007 845909 1957753
7105413 771627 5571481 8728793 8729755 6179100 9513491 6625701 1072912 3241710
5055522 9976900 2064297 7026130 5861788 35732 7537175 2690707 9634150 4733918
7976226 8129967 8440928 5125370 8513823 7313290 6191460 3494653 2844744 7935182
7450497 7549068 5728996 6813810 6966548 5528195 9787365 9918427 8831131 7945128
6123672 2710795 7476518 2144965 2026754 6698013 8090434 6443361 345720 811505
6919601 5930290 6456215 4294271 8588685 4765431 3142638 9215208 215529 1260432
2016945 7486985 891024 3410998 2412345 8057504 5501512 9395941 8457694 3591479
6977093 6699729 4613549 5447029 2429594 6372189 9211386 1958359 9703157 5680550
4210874 7298408 3878254 8176551 2237446 6946890 3997905 1911728 3458641 5651205
6784798 5248206 6171487 2333596 9190518 7248251 9499860 54394 1129631 8214542
1521084 2997062 572902 8147780 7523174 2770900 4629977 1016267 2113420 9248974
6189014 6093065 5898799 6000230 9772299 7050794 291336 9088826 3153500 9891671
8993951 8576030 790144 8647965 4263977 8384723 1585258 2136797 2436290 7561786
5131204 6988254 7510584 9954856 2677752 662101 8765546 6602426 765353 3274177
5622411 1751283 2842594 4239855 9258275 1345867 1068934 8589950 7501146 5813887
6486265 1303685 6428543 3518700 3747783 7981097 8889802 2389026 9567828 5568037
1915056 4776823 3041932 8565401 2161034 2994574 3227035 6148776 2918775 6908134
8917883 2432496 1460798 2081768 5264152 6454900 8174143 6511969 3116492 9292079
4634444 3892914 8460050 9613884 8971343 6463600 2829101 7521076 3525727 4863288
6285461 5226878 7635149 3939153 6467963 3057429 5137388 8965274 3302406 4088240
7533713 9307452 3105188 2171971 6875535 3039016 6158377 475670 7428591 8920457
4476626 8943895 9165145 8118458 2206708 5060847 9349380 1091146 889345 3965298
8328036 8488813 8776703 9351631 7604250 3988494 8417111 3967234 4248031 4783803
963447 267985 5678343 2394864 4067060 7613451 7406022 7183329 2149741 9983859
3310382 5831908 6663259 8950007 5461990 5998795 4125850 3514721 8160662 2301294
2272615 4208013 2860794 9330084 7350719 7493075 6648416 6623004 6736947 3711991
2721574 1343450 1263180 1783611 411052 3860619 5030529 4940727 2309860 8774177
5472639 3842864 2080160 4445238 158891 3312030 2911179 8859667 9115687 6157066
1962336 8139386 5548693 1580404 3878197 3272844 782544 1801901 5879141 383556
2803353 3101826 4974181 3497837 546250 4401027 3817374 6972164 686972 8367942
4819358 1123812 6490005 6332076 3862198 48922 1948109 280371 2104473 5486518
353443 6954220 3194938 5714791 27374 422828 3242097 5620270 6176530 3811757
1708379 710294 8464938 807704 5449073 7728571 3838797 216375 2047161 7484062
2086069 1934785 261085 3898823 1429063 5617934 4498562 268080 1172730 1922360
3200318 2465669 901630 8896999 8002868 3465505 1458887 1213793 8739669 6140397
6628104 2100402 9222656 3552138 9387983 124977 9537794 9679268 4726186 9449753
9450977 9210608 9142828 7887027 4525614 3677296 9268762 8139716 6635211 1947053
9854650 5786620 6279112 1009515 5599455 455606 4227565 3108655 213975 2454652
281139 3742760 2042051 7976198 2995329 339469 3950682 3012407 345619 5109848
8542779 872284 8836912 6878803 4254210 1647867 6254594 9523179 573143 5483403
6082338 5069422 6199036 9521712 5414824 6837571 6038077 449634 8012740 8874107
4485153 520268 2476942 1563900 9771538 1913580 8476137 5919739 582447 6875408
1524886 7867889 9415231 7029761 7714480 4238700 4851244 6260631 2716140 635831
3400528 1350779 4530839 812623 9094502 6504883 2146820 7258199 6199486 7795703
3836955 3171392 5599124 3763343 1419414 1600094 1101598 6825149 247551 554762
2205996 1855693 9239476 1914484 915358 4493271 1441638 1169423 1443196 9800379
4800314 3504517 412256 5339272 4395799 2097666 1645889 5089721 4528439 6509452
8251256 865326 1537767 5347341 6039553 6269236 591954 8803295 4487305 1525790
9626835 3771235 2743232 256237 7118764 3867773 3484859 7355955 7886992 6767590
8520869 7717812 2716331 5587228 6046937 4606565 2102109 7104277 1540791 7911561
6846924 4010270 1341534 3233658 2899145 4518242 2393784 7480335 1645503 6858040
6136333 5651289 2971270 7434461 1505879 6602587 9699082 9277095 4679968 3825211
5395142 9914223 5527545 5878541 5887805 3840600 8223390 1011387 6976081 3445505
5897036 6590668 7207181 8544838 5367175 792707 4496254 2919331 7362942 5729926
3015528 4393013 5509650 1192731 3694267 8221751 3824929 9893461 2630819 4429148
9793305 5868266 83006 9072781 2030032 7240226 3145319 435114 3456098 8808905
6342758 5311267 7332680 663674 3661800 9497752 6701189 4266408 5883059 7695814
3871957 3723811 8872429 6214641 5279484 1725939 3274060 3272683 4291350 9244670
1509105 1311572 3535911 8463745 9690534 4033250 8846507 8643875 8000709 9384430
9956051 4526087 3148585 3970565 6458774 7000242 4833240 1280599 3098608 1775066
3882314 3492035 819922 4470219 3114124 9246371 5487238 5908559 6617659 3858229
2147462 4947095 4968393 6262050 2297562 6135661 1173545 3722796 7715782 4253551
3680333 2305452 1102210 411894 1744313 4984788 6313374 2409438 6924419 6110321
6908787 1798563 5074885 5435869 922724 1668170 7344731 5750643 185020 2961114
1398900 8673121 5983582 126295 2848535 6553908 9607469 882720 6037309 5776281
3660201 8943778 1315400 1561526 1650148 421071 4617346 3538725 66449 5815141
3274127 4185570 2622424 2947173 2633441 8293786 452309 8625672 3766431 3833183
465096 2610708 2653253 1871372 6848675 1661561 4416755 2965811 5674702 9135159
7819462 5638542 544768 9757108 5309553 542181 5606143 9461935 5008670 9239895
3554954 6406906 6651780 7747231 2133184 3144954 3288233 7336743 2301261 4338139
4803057 1977478 2829922 3527418 1634563 7336315 3946048 2213692 9030426 2176809
2346272 7773755 2816375 527363 3139222 5733309 6213248 3620004 6532695 7792904
8066955 9506257 2698360 8548942 1638059 5556363 9479245 5317190 8199742 7984247
9704621 9280419 5367036 7072887 5222320 6518283 8615599 5285330 7819280 2758334
2804701 5882908 7430637 558475 8321386 8904762 1037801 8044546 1284063 8130533
5203318 5822466 1483271 7947482 5055157 6286032 8102731 7866887 4374664 4643550
5240219 8806690 6148044 5788606 4527696 697287 5683481 9126467 986596 278907
200463 5685464 6479336 337774 8407650 7566653 3944864 4018510 7562106 8780845
4894832 918209 1659838 9824358 9420945 6934380 1602279 8968620 6248580 6074418
794390 4433035 2803407 2868085 7961320 2336720 7629326 1933261 8819320 345881
7470527 7557991 6242552 8110595 5188659 2997760 1693610 1549169 4672762 7836950
9978528 6034778 7878992 4416285 8925913 3163041 5800659 2437176 5503833 62257
7050663 5161531 2850136 5008659 3003209 1292694 9811539 9586979 8157952 2651584
8212086 5793410 1033560 1291271 5225614 7259890 9425069 7318528 2846613 7758360
3354495 9174651 2791617 6539461 9106971 7416450 3206091 5141000 5011284 1416113
2522103 3255270 3644946 4316050 2962908 8305220 9665813 9245159 2411988 1601172
5346466 9528211 8344432 9609059 1987718 7236701 5512516 983717 3537194 656746
1883610 4759177 7864806 1240891 7471573 1296186 3482976 5788612 3197005 8869556
7524222 9346999 6422872 8082457 3635185 3865984 5187678 4361978 4068164 7839524
9091366 6024189 3341707 4565609 3181471 6411811 6885688 7289656 8734888 6050984
9575005 1273476 3788951 1171167 6710600 5399964 8096710 4022337 5164940 2517407
3663299 9029222 6316808 8714236 7507298 4685010 5330945 391863 4668377 432974
3830927 5598059 3723179 8377919 6237321 543702 1447586 3690767 9284709 4379543
6001343 8737532 5993912 7494850 260889 205238 8838931 1256728 3461453 1948664
5499494 5335533 3514559 2213926 5614076 5493208 293231 6700170 6172353 372738
5312080 2122173 7465687 2349083 2097818 1627910 4443381 2482342 8553330 3550302
7583216 7769322 9284481 2745036 3494278 8325712 6823165 5070295 4320843 5328165
4824610 2371956 3783926 1483258 5883221 5983655 4568611 5243689 9825707 6628823
4564439 7136285 7610309 3344075 4516341 9699153 4411502 9577339 6495107 3296648
4183707 7961748 4866445 8152949 8858044 2506522 2817505 3088358 8041715 9239268
2791387 3174487 6871383 7778199 3822598 4044288 418831 1341758 115139 9778574
5139450 340645 8057365 5058235 9984860 1082225 7363410 5403492 4426901 7582458
8872925 7788491 916680 985204 1503979 7578437 1356619 3711981 9114017 4280517
9102609 2005185 9330694 7103646 3753288 4561272 8936595 6903415 7554103 3339313
5078599 5439050 4037528 2030459 7430066 3985891 5799081 6530176 757589 669288
8801594 1972383 7357233 5729571 5271249 7950151 3208022 1756400 3686671 2256157
2714080 5726777 9703781 8764917 5012525 2197237 3287588 9273215 1547487 7979430
6318860 6503082 6471552 2991651 6745522 2219079 5878489 4314624 6014973 1927001
1347994 65620 600929 6494743 527471 6175036 7308531 7224756 349027 6150388
5167569 3160030 5265292 423928 9143053 6242869 12655 6630539 9905015 5167304
179345 6376762 4837112 6692854 4246599 6459790 4191388 8190315 794749 6549628
4795961 391075 6383959 3469807 1526996 8351829 3004121 5527024 9052590 910510
2372572 5427930 1283466 4570540 9524980 2527541 7469180 9382555 5468765 9926304
6982597 7833080 8010508 493665 1646185 7547387 3180862 3231979 8045729 7444769
1627301 8450190 2055013 8508269 9240144 8684377 6111003 8201817 972751 2053754
38233 3939154 6115740 2912087 446230 6294756 7042175 5153541 8326038 4661592
7115532 7560504 7907248 375461 8806518 9436575 2569756 3437259 4443872 4344087
7989546 9610161 6974679 2007037 5173446 1635024 7461218 2779444 1468275 2945089
2286280 3302586 3687615 5489267 9803660 7775808 9460191 1404585 7179608 1865856
2601306 1257888 3172057 8224151 2824825 7359881 5853896 9043113 9874102 4847613
9864181 5101874 5441607 5396237 3890054 7109677 5215687 9438428 9659962 3984248
6450315 3602254 4529579 642235 3636175 9268401 9556511 7084674 895461 4818896
470065 8163195 2560815 7589100 6022054 3643918 6344828 9732185 5390945 3444027
7571194 9385793 4404150 1478858 2212843 1551364 751162 3285586 1475012 5088446
921301 7904273 3302643 31117 8701872 9285807 8730625 3731798 793979 5185256
7695002 3346394 7467183 9925128 3101881 897248 6307015 4035681 3775236 2152888
4024523 7550596 7643453 2243694 2297930 5095391 6414619 1942975 9179443 3666393
4384598 7891100 1909021 7920688 7458595 556917 518698 4451917 6401664 9113602
304844 2897280 3345807 41536 5246158 9663217 4898620 3101860 1509233 7859867
4659991 7050385 9006230 1259516 6049149 636262 7758333 5574776 6812924 2556443
872201 5199534 9912811 4773987 8924837 5252115 4545681 4338759 2050455 7531729
2510543 8474570 9369601 8106404 7987957 5486007 1313662 2692609 7843272 6996518
6389534 6735965 9791841 8800871 6220632 4137744 8779843 8345950 6413094 5439032
8308074 7550714 6777047 7474225 3560286 5518349 1037760 6901263 8455301 2780498
6825633 6770840 8319638 9359040 5195824 7808784 1655554 7585645 4185670 9100434
1137033 5821938 3113557 1821213 9238649 6473068 1189299 1347686 2236956 6232290
3035594 4232178 94252 7661092 7015042 8041057 7037296 4907705 6312770 4332727
9656255 761919 4804729 898521 1467402 4044061 2329296 874506 9425786 8007883
9648477 9157951 7498615 3207876 4399468 3558855 6908858 8282288 6932724 795263
8234125 763038 6382254 5175356 3223429 5323239 5635364 9920788 2602898 3040359
7934562 4335252 3430138 8581213 6550226 2279951 8320522 3073174 9749595 6021096
6881938 9792426 4839332 5567993 5719347 1282474 3685479 7869935 4157321 6506979
1040901 553521 678347 2194908 3081374 5157045 4280820 1806769 9627519 393593
8920539 9067905 4704478 3419771 8339864 3471051 4645080 4567314 7234827 8874326
6184823 9808436 1245160 1813870 8694155 9668455 7168151 7901713 6187786 7793015
7307436 8849540 9428867 999138 3379548 2565282 4253289 419102 2515544 8162087
7782505 5098768 4311949 6544723 3323841 7461092 5536893 7209633 942960 7204226
8135608 7076550 259781 9870301 1308875 2481444 1403075 3919486 9279625 4883498
734822 7131103 2438376 6762786 7680036 8238710 4008001 8193393 5882577 9410736
4992038 2855424 6450292 6441501 8633771 8200353 4443375 5889579 8095142 1531349
9648448 9708414 7561314 3819711 5567836 4645020 7311847 9560170 5102676 9755286
5520735 1990929 2394885 8150928 5370873 9525070 758329 5831863 7547553 7952348
3351034 3533230 8294331 8442863 7849637 8072558 2818842 2231712 294357 961945
3133890 3751218 3577137 5175624 750203 3667708 1656278 5499195 1880664 9710066
2378413 3586580 4945042 1805340 4508053 6714298 3405074 3398745 1635574 4824971
7800128 2096404 1399306 4151532 3796766 5038913 1103031 9916800 6550609 6429062
8790157 6531878 2829992 9406662 6658200 7881074 469987 445120 6349386 7121645
9382868 4875425 2282548 4358647 3686405 9893541 4713239 1078142 1420476 1122709
4888329 2665095 5223077 2926563 965800 1647495 5426898 4549420 1904839 4100323
8501352 3922012 1710297 6459682 5053026 8619655 4821041 184350 7568313 3847954
7584075 3425941 7118675 3624122 6357625 7277715 7447539 7310092 4244071 2048494
4733373 2652070 5817661 361795 6866792 6354405 4274586 5977518 1618210 3453761
781149 6423623 1206886 4822627 4553665 76344 506111 5666553 6095573 429804
4383447 6288792 3093982 8173439 8630574 2190564 5052766 708812 1576138 1809121
9032161 8217327 3346124 6316163 579351 9053146 8692447 3272563 6508935 5858737
4799703 6481867 3674626 2772190 1974153 4667755 4105660 3852452 4810699 1698289
8922712 9164010 2732748 5568052 4438054 8242960 4127889 4656999 8713188 7228570
2388163 9415123 841552 9752732 3850175 7690225 2788895 8545371 6694105 2137346
2955376 2405516 4914784 3811647 1228145 1534141 7408519 3613793 1938191 8034989
5562792 8510080 349577 2290623 2782869 2596069 4062677 5662052 9209448 6688186
2334830 7830845 2578274 7326574 2533655 5645061 8920500 321140 5527371 7593468
3165659 2032374 417109 1749966 8099629 7641476 5973252 8046808 9403490 5903229
3325603 2759586 9904764 2948024 7958255 9170290 4954721 2393811 7157471 9196143
9554646 2434504 2024125 9849302 8988350 1029904 3892706 837339 1727618 2533566
3468781 6363439 5297976 5073881 793930 6094094 270263 1590226 9081267 6692107
2206033 9715656 4655032 3252392 7796913 5823018 5030569 2897668 2140124 6477593
935534 1974480 2488650 7511021 6644898 8059522 6376002 5947039 1235554 5922489
9068647 9630319 2747607 3846920 6129924 6832616 2227142 4761001 390345 8662345
5632915 3193520 1678367 5364067 4582295 5649241 1206046 2795999 3153071 7747962
6462423 1297385 9401985 2297910 3747555 7853452 6039945 5109779 3280579 6053452
9383185 8528414 8842260 1223948 7153187 6054360 7697530 911982 4793013 2092549
7262287 8052882 7762297 3842396 1225263 9573810 9768984 6063714 8044704 5548008
9633659 1704404 7046222 4294231 4620256 1249869 3369674 164080 3212208 30917
4633055 4338500 121354 6732001 2008567 1143705 9591614 9459705 6919277 5661882
4516887 7932015 2709826 8559333 8815222 8867418 1393455 8374692 654926 9418616
8705008 3129351 9813715 7459351 1533695 8566627 6619766 6824468 6563580 8522456
9551429 8165262 6888158 6831289 2808571 860761 9681645 9627771 4322288 4712449
5205417 5365503 7171691 4683851 1697520 7849726 9399040 9116045 5218882 9204599
5095426 2228195 4622033 5511258 4442673 3169499 6046491 688267 6285693 8166086
6935233 6145856 6122458 4863393 4585573 6381414 8312660 9925378 4642306 9227707
2365388 8566324 1298207 4100482 5656389 5032069 9741882 5998343 1059311 3357347
543409 5292174 6081863 9498898 4037348 1111887 7087437 6036167 9315024 1305018
5312794 8273235 3890349 6492769 8743383 481563 6962463 4402190 1006599 869849
6525887 211257 1471479 2467152 7331825 1772281 1647781 3632392 3482381 2593804
2787842 7928071 8612845 8848378 8390104 6776675 9600067 2778366 4114150 4558670
128004 3162183 1776478 9267786 9717128 4485686 9891307 6229031 5194341 6059370
7164721 4803765 5069280 3254658 3252340 835994 2289303 8701145 1612412 5748728
7422745 339853 7339018 2903738 4881190 7867191 1184163 1568126 5078136 9148030
9306363 7713764 5919525 6620410 2717265 3541912 8942761 2614111 1495983 7212850
5882163 9791921 2379460 4451784 3714872 9805224 9114434 7692531 2603174 4210352
8061068 4699310 5782789 7825272 8026216 9104788 8307334 6710058 159079 4841538
9405869 9386316 7363446 8202470 1081964 23818 3528621 6194353 7239842 6062887
5485773 4795353 5541634 7639194 8166672 5997311 3286774 3882783 3291100 1573494
9249277 896940 4053291 7413707 9150831 3662441 1846585 9964866 8775061 7851697
309678 79333 3392325 8744234 2953752 5940843 397260 3459441 8418848 4152320
5569093 6588311 2157794 8103265 9176902 6775275 4732981 1572859 4609480 2767046
2000968 433592 5572216 8889542 628567 3603296 3279918 1956132 6245545 9269600
7042106 7649196 4919601 8887635 5719244 4274167 1183224 2462934 2094301 9580054
3686762 3631796 9947954 2292243 7438813 6861351 1636416 8912900 4566057 8610018
3174315 5160244 8868800 8677576 3561045 751083 9604587 5821843 7741815 7112470
4125942 9404363 3591553 5570835 7681545 1410427 8237869 2355348 492529 3437913
1021336 2821287 8401045 8788355 891019 5384485 2927274 7228765 7793350 7188744
936229 1856417 8153533 5957795 6598246 4162254 2508227 1255264 7830132 3961443
5686425 1233366 6960905 8093397 1466778 1145528 7398096 2421123 285721 8365425
5403842 4954380 3224766 616515 3250686 9543383 2017523 820363 2238139 5956724
6441459 2198971 7602750 6943106 796794 8126413 2034916 7316068 2570781 8998220
2523145 7830323 511001 7029170 4593132 4483248 7608373 5878794 297548 3971359
2374716 4843817 7501990 6989767 9531891 638816 1574863 5382579 4409006 5328901
338030 2411271 3213675 4835466 7994643 1402481 2217961 8215213 7541118 3530043
3217675 1202684 645580 3889927 3220261 2943413 1348294 5756429 8750447 2244773
9022833 5672655 1928509 2136572 7028962 4796029 9702656 4460596 9486517 7581099
3374132 5278500 5391887 2418397 4498740 2054958 8524194 9498257 501705 593739
3641779 4382497 1566831 8864970 2992875 4067762 985157 504331 4123815 7674172
8079865 5337248 5980652 4025039 5602352 8057258 4578962 7198096 6483324 1664027
7155178 9890005 5850724 7305668 7094318 5101370 2475788 3612233 340787 4990461
2551427 8052054 1241255 1228597 478660 9625527 1656010 7827795 114907 1739551
6444711 3159138 6380 9024261 3856503 8559583 9793232 6744265 9991087 4948658
4981845 2070016 5780755 9884664 2042460 8129954 5839572 9648687 4729471 724517
5673348 1255135 7438668 6824712 2517065 4039311 9547354 4886953 6355335 5212304
675060 262089 6694689 2755663 6570334 9629720 2924029 5618351 2156181 6009782
4820649 7544875 8679518 8705078 1276320 8138386 2953275 5478344 8918727 6841972
9340764 532478 5373551 5387216 8278887 9633673 7698708 2006603 5645478 4005843
7606294 7387957 9526349 1565593 2583936 4038876 8031861 6840028 9530708 9548853
2582236 9404062 7106569 3053212 363025 7038294 8894683 6978466 4958877 9960787
2006688 4089060 4975121 3975209 9817540 1233155 6797392 9888706 7273068 6663542
6993968 8786173 7253122 5436294 6751681 3898861 4989384 4820323 7385945 3491118
9168564 8302816 9240836 4956756 3862403 5836942 624725 5222558 8067220 6976292
9138327 57199 9821281 5011977 1694049 4320848 6148430 8823350 9915420 8981023
7530443 67361 2181295 3312895 8778002 5552928 9335665 2972974 8933808 3270321
6922365 9366633 3457677 7230499 9232372 6244992 2871773 5586122 9435731 954253
4513206 8267850 8381768 5325899 6914152 5754912 8960344 3869689 4938907 880952
1522645 7846242 4249987 7305604 4713711 9246805 3463975 5816798 7722451 1682156
2543976 6789343 5437041 4389017 2017991 9983519 3877783 6447336 6517275 2260818
3977890 1544793 9568429 418313 8620521 1288634 5889352 8650216 6524586 3798736
7657643 8461938 6212245 2751015 7048665 6661409 5366925 1456640 3865683 6729515
2043073 4911200 6872446 446785 9204773 7333201 3671688 5639748 2604739 3830720
393477 5913750 7455956 5644566 7592659 9283109 7480497 6763805 3530161 892091
8013157 2292374 8409291 625950 1094531 351103 8726304 7721350 9959253 6180672
3126763 7683052 8783827 6748228 7317164 1172610 5807174 8685247 9376447 6433683
3738320 1184737 7006097 8966067 4128485 4013427 3032799 5150351 5432954 5959590
2328382 8023462 1347109 1564640 2097057 9336931 6538156 8227222 1727510 9277262
886386 8581698 4913387 9027006 3458394 9385431 1607601 3545292 6660573 2045791
3286064 6074726 911693 5291364 1609973 9711054 6605131 1134778 5577571 4601018
8795876 4971190 8179176 5577522 5245368 9691785 9526353 9475328 5620638 6306537
3122028 1273049 485830 8333133 3792837 465342 699712 2379546 1099793 7295506
1726208 2310612 5527231 6896494 1483152 2169676 3990903 7018191 1948712 836324
4084864 4861609 4859505 457144 2479743 2125366 6085118 4917645 1709207 4371318
4799161 6355899 404565 5940402 5951491 5825861 1583365 8078373 4195836 5305670
5007909 5826496 126941 5952335 2712764 7612555 2686940 5452999 5384802 8390410
2538419 5368242 3832143 3782969 4123689 7857569 1789531 4698444 8556987 7601765
6610643 14701 9531030 7698735 347360 4034379 3029498 1847847 4411461 3581094
2373017 487470 1031621 5733945 6418992 6334661 8424359 4666583 3546812 7071917
8021991 9449993 8254568 6504543 2349816 6259212 1948971 4641637 658201 1461297
7651455 2414209 7553904 405065 9379120 9138176 6165634 6644256 8069928 5138125
5181214 7594373 3785521 1157027 7249951 6612229 6268438 7529375 882378 448641
607139 9814951 6468701 1615227 662261 6586821 4454507 8295500 2332637 170649
4111640 2176391 9706755 6742235 9314209 3013347 8824445 7867659 6448800 229452
8177950 3752028 7462184 9318212 4231706 8046160 2000102 2250551 9390256 3387527
8883958 279970 6039587 4724440 230652 7132600 231432 9367554 922821 5821384
4659841 4118099 6670098 1275279 6089074 4372682 6545821 5355199 3772103 2592616
4538402 86609 153926 9026910 173810 1773399 6220465 7890319 9353910 2652725
7867439 987358 4547676 681290 6887919 4451045 107261 6446120 3818839 6087958
1823573 4621184 3314359 1073930 2961177 3835578 7656284 331352 2903808 1690161
1927498 7134589 6302839 5171527 1034865 9056618 5207955 3224068 8823042 266694
7724813 5302670 6993299 5864097 1326300 2247202 5515758 6577863 1360206 2966913
8037279 4058171 6128772 3919697 5066116 9158385 7370482 5949804 825949 4578653
1889250 8832584 6401350 6562400 3151871 921615 3058789 8997558 2277552 8679436
471059 7888344 4351699 4982320 2965211 4953929 9552701 3466348 1205757 666904
3612333 7115216 3117948 3752205 3064632 50900 6123833 7958525 8772815 7130838
6803767 995240 8570478 83691 5627462 2609608 5416413 8568121 4722760 126333
2435287 7129979 5431480 633886 2048764 8872165 7334248 5705161 6029769 789790
664984 9494306 2650805 1533734 5498429 5296264 6832012 7464059 3871643 631284
9416807 1668579 2236850 1315166 8106802 2452618 7441863 7449770 2341758 6448156
3557076 6318648 9843061 5910782 252061 1008512 1504032 8257839 7651440 543587
6055869 5060171 3192421 7876161 3506844 1964353 8851417 6037185 2101557 7267674
5978763 258176 9307895 3043436 350016 8057735 8492334 1713397 7506083 43780
9253184 1561929 3988052 7670122 4332733 9078778 8379227 8422230 7768094 1708034
9291229 2286629 6084188 6624549 5913076 7003202 5320026 8404171 5104151 7829432
6218095 7673382 6648848 6516082 3322706 2133896 6835488 4507691 7839149 6333049
8853378 6376543 7218155 5670645 2550078 638623 5599710 2401444 6504989 3592205
6700628 4522058 8351259 878693 2182398 1474517 4710713 5331036 7541466 1414329
2019089 9202858 2772855 9229397 7364197 1638244 7658367 4266558 8276627 2956430
8086521 8689625 4578490 2532563 5353241 3152226 732760 4145071 6178710 7478724
7159569 6555365 1063994 1487861 4901621 7280464 4071802 6631133 385845 4883093
6963782 8894573 6303180 4815631 962760 2158507 8385575 6742483 7204041 4897154
4678187 2965149 6853544 8447004 8289060 4122039 9635795 8843967 470167 6603582
3651486 8123274 1662907 3352022 2401179 7776058 9740294 5218336 44854 2210101
7636000 6660348 3870131 2775114 4670782 5239058 9168403 6478165 7359292 7223320
7993429 8265587 6472881 7120108 7313981 6356301 863186 4654387 2922623 4831432
2656919 6362752 9363999 5925950 1549750 2339524 6424871 3568097 8268244 1996663
8822056 7789270 6110305 946315 859335 1838122 9119891 1869774 3872265 2466003
2776511 6863006 2701676 5412130 5617868 5107508 5961923 3380097 6515747 8276985
2699444 4068030 9577968 1494361 8107248 5698885 2497902 3476128 3789420 7810773
4694264 6936166 9796137 3412245 2635684 1780600 2544761 8565840 3722351 9643016
7322706 8481138 6784079 3378591 4416744 7049802 3938403 1391877 823519 2569755
5271789 5586938 1072336 1143395 5349446 7233634 9766783 3700527 2865486 5814921
7447018 5205773 89209 8329854 7088200 9572060 7038798 6650883 3969198 2150636
7175919 3594160 1846403 4386777 7765019 4665773 9703454 7883332 1342031 1579700
5136205 5970084 5364648 3721998 7117988 476615 327987 1325703 1172767 2953607
7117596 329302 7875028 6468595 5884228 396674 165904 3053375 6925346 3553175
2004369 3527714 2164056 5057472 2664207 175825 3601699 3403578 383993 4120856
66554 2783984 1659126 8275234 1508876 8423482 3560775 4294825 9857562 3402945
4722651 6296823 8701095 1413021 7372291 5830613 4782747 7925131 9393056 7612516
3914142 8417688 6624024 7499448 1010255 4691971 1940596 5642178 6952344 1518498
5263328 1452220 5391568 4747320 56844 5961393 7581450 6312870 6294498 3628560
1854799 2902696 565057 5952892 949535 8427039 2968437 3485184 9007313 5429976
4839457 7139371 1052945 6717973 6587157 3315079 2616113 9151041 2474592 7123605
7706987 8765670 574112 3841916 6114798 3227197 9965050 7074614 8437852 1951653
8024807 1448471 8891468 6499614 9240015 4302195 787609 1466679 1095912 9798092
2988277 3147950 973340 8014517 8541203 3332436 6105839 6696225 191145 1423101
6866706 4717112 4432957 9843426 69813 1940680 4799884 3775307 8048096 8197089
7610652 8587893 4440821 6217287 7372455 7031234 7585797 5232698 1940087 6918875
1380223 1639973 4231882 6128926 5967835 3208752 7361287 1540110 5590968 3865896
5021920 3804842 7321050 5851195 4381609 742274 5851987 8614142 836035 4261027
9400443 2951319 4161259 6823028 5507812 5735885 6278836 5701845 5564949 1349626
9477890 2917779 5705837 9783367 4162325 475192 6513360 533503 6847754 5378539
588997 9115535 917604 9216347 7211326 8600117 5003600 9022173 6331998 9990097
2537752 407096 4380858 6397692 276698 8746775 4502446 8505235 8268261 8619374
4295085 3993594 2979187 3500476 8207344 9587221 9214272 5485270 6974193 1620167
4255622 9848685 3268585 2169213 1496020 2173487 5868195 8250977 5288998 4448843
8796301 7978730 5292380 2076110 1849859 2008527 2871791 853677 6137227 4806501
1589652 5234562 9699128 426053 3236958 2050126 4522690 1494108 2453403 2752028
471564 6577761 5831773 8698559 9578847 9666565 4365365 7988559 8063504 3445328
1485582 9494384 59662 8218900 8059055 3020730 5743860 6406238 1526003 8388573
331061 3983878 6988495 4901506 6762400 805868 829987 5988650 3635379 7787540
3586764 5714867 4002421 691523 3500339 9908954 2407689 1693570 4809304 1334657
2041522 3855017 5199296 4479810 7557146 8214410 7734596 7143025 3774023 5736956
5490838 6795636 7890606 3430071 9245711 5405721 9096800 7625688 963386 4574680
868829 721988 9312522 6022229 4384763 8091102 793718 4501018 880763 4498496
2502395 9305818 1110321 5065759 9562487 2504062 7669167 8954829 5490903 4067483
1027205 1588442 3528786 1514252 2817000 2481620 9395905 2017827 1214859 5335857
5580306 9662703 220643 350198 5028263 3014677 6107125 2172099 3606435 8051311
1298646 9601653 1735928 2844967 1929432 1647994 7518454 4322891 8765538 2600208
5025858 1796372 8057472 5703517 4316908 4688926 5668935 3704463 456429 5819531
1462604 4261841 4499611 3196296 644230 3111596 9936813 19757 5077127 434361
6256462 587658 9581856 3489194 6813054 5405145 7093010 5780069 6553805 9436051
2222411 2665356 3856880 7871683 6128899 2489027 839109 6013124 569266 764644
8030783 2212490 6820748 74077 1956437 1144524 1438725 3020030 9410007 2100838
4611742 4071916 1588040 9989607 7391725 8536815 944617 8779476 8665393 4543444
3277227 1994820 8597618 568798 63363 8857579 9984830 5612188 2205225 1024551
783464 8566215 3683895 4400853 246279 4652171 8602447 9694743 6655910 8566290
2565918 87954 7735660 5391943 1144472 5726874 1322366 2605327 2806986 8633481
601176 6625547 7256972 4789478 8960438 2195817 2245059 3224940 547523 5550934
8958247 8302072 6261841 1790766 1962693 8663052 953210 2958449 4671231 9628814
9140181 5765382 9259647 6889807 4460331 8096909 3936345 6603464 5625422 9749108
9856928 269472 7204511 6751175 6772030 6204309 1175668 4404987 2034385 4007896
1069935 5584888 7585974 4857671 7613631 3787738 1538762 8983215 2531532 2508604
4569850 7688650 5901378 9186033 1814902 9363871 4139657 2100852 4055177 4181904
5590122 1010547 5818895 665097 1821381 5460846 6679325 5077124 8714956 3317736
4046459 9696528 588565 3530572 1473677 4672609 3255632 369727 6228567 8471593
3531997 4650983 4348636 7804706 2325032 9647802 8482817 8899937 2431852 8356472
506468 7243900 2951908 4734002 2335243 4241253 5393511 6272790 2715674 6694954
5379772 8926749 3364956 356185 2700951 2986421 389509 6544969 1546104 8273786
8729881 2013402 4504947 1266410 1454161 3300525 3276378 139409 1479954 860700
6549415 4173281 5794285 260666 6970496 1045958 6209796 7992613 7058886 3525277
1019153 2594359 8999538 8500147 5188393 9468278 8281378 6590448 1425919 2380495
6793092 8216109 2366121 7975594 3956458 5051988 4838524 1301404 3951597 5282346
5014378 5471188 9748634 8942734 6035383 1129377 4108474 4661735 5811001 6673120
3171873 1135863 2550866 2158232 9898900 9460817 2467328 7321106 4335812 3671298
7378040 4504908 6570953 6390329 6452675 4802326 7676994 8381443 4986349 8782626
9675608 6761172 9588278 1770340 133262 4915196 2639822 3115162 8744771 5403082
6609887 3377630 8817879 2643634 2632060 8172097 3032121 574833 4170986 7518319
8137489 6809995 3489639 3481255 7776699 5234955 3953398 4064890 1183322 6173352
9169395 3089621 9317526 2726895 9853255 4678680 9905864 7346491 3891961 7146040
2618477 1821971 3372120 6287543 230289 9340506 7116314 8446270 5704436 7184350
1174838 1225165 7863715 2849570 4518325 2138501 6637262 4112606 6955774 7644783
4029217 5697259 7867652 6288681 6528576 3955760 9187023 9107207 8049898 5582551
7490815 9332797 8460920 1891699 289284 7774068 6508566 4119142 1986567 2944334
7253305 8670656 1601754 8818412 1894525 5924742 8970289 2528749 4608812 3985298
5295851 7199698 4731280 6403910 3606752 6568650 4648056 2649106 3537262 5448669
8381519 2485540 8449889 1011254 9734471 1315444 4035087 6770784 177391 8449820
5381269 6616612 9263419 414549 8264668 8424924 5150921 9771543 5352501 5564553
5129039 8176222 3881491 8465374 5777909 3776834 5966336 9650628 6065498 6432780
8692353 2347520 8709349 6963228 6487809 795831 4651237 386829 9576728 5804697
6163754 4020653 1886254 5246743 8950143 8572963 3886233 840349 2108497 4739892
4217919 1227324 7523610 870031 3191210 8445134 8682279 573803 2737557 5810489
3401208 3234678 4396717 4576283 5987969 5196975 5894004 9906750 4984881 8760951
436031 4274815 8500009 8400152 7444983 9164533 6958132 8781698 331325 6402110
5963747 1003996 6105062 1452445 9808116 6857894 1476786 4953353 3649877 6519969
8137009 4972270 9507441 5469600 5719373 9233720 5538814 6161428 7707037 9116526
8351212 3612700 2771259 6416389 1033092 9869102 126329 196916 8453027 2948135
2521458 9083500 6222675 1400773 5552706 675612 2340849 3699921 3333317 9362304
2255296 1819907 889797 6943753 3793427 9815031 6525619 7487905 743664 2862903
9362060 4987969 8244284 5120985 365788 4321246 9052711 701497 1854254 1169880
1723263 3854198 8425666 549557 9460222 3279260 9018805 4243500 9881467 3235673
8372579 30103 9514235 7391826 6181278 1214113 5661541 1427634 7899214 5935675
7305905 7339007 3992875 925150 1010708 2421351 9219470 7724807 9599198 9615946
9446492 8892310 6663224 8593758 7036979 3540539 5246971 8161756 4659778 1130479
4473317 7738718 5905939 6798062 8277839 8781633 9604848 2182204 5729850 8696812
292490 868812 5735609 5281850 1142152 6501690 4508400 6364220 1677110 5885133
5034048 6959686 2629797 4286793 3050408 1707628 3436428 6634536 788672 7468779
8001748 5501436 2562277 1597961 8065915 5494420 5573543 3650729 7298953 385930
1923942 7470073 4536366 5954486 176410 8128848 9365172 9697565 8493777 8422179
8423165 6638430 9789547 8622013 9356223 1773543 6446125 7338625 7259163 1927892
6192960 3456162 3397667 5986661 883238 5852969 1430661 7427552 566745 8431364
8928994 2932735 8164025 4522811 3988186 5036475 1257410 5278292 7873009 2962145
3846856 7502363 9144887 9704715 8744971 6613644 6992062 3937515 5333061 3197987
6193811 366135 700275 2948576 4668141 7775551 741948 3355405 7039468 975785
446648 6122529 7045150 4678325 5101650 8634554 141188 9030771 6100621 4448235
6750622 8832780 5401565 3110412 1852009 5122109 6311582 7795597 4442940 5265242
9326012 8098689 9057752 7700350 5578484 9980472 70286 4399098 7411311 5740370
1423402 4509257 9857498 4665191 234669 2891094 8905217 4047545 6319870 2334788
3626114 289170 5267130 1805572 5160834 1218679 8642753 1740665 2183260 6737317
8855956 5932155 3029072 4429433 823433 1427817 3054040 728950 5121843 3477737
1440614 3917711 6391916 1844888 1655263 2746719 2728541 7292456 9370080 8314723
1969867 4286256 2753716 681844 7028747 234977 5829375 6498041 1282725 1633422
5704173 8384493 4666957 1209304 6990456 321780 3438376 4715590 2985894 2881396
8303950 8906319 1321039 4332545 3988411 6343019 6387551 9314953 3565088 3805469
2572158 5881878 3318183 7135893 6599594 7337401 7768679 8548911 5956659 4488887
6504623 7145905 9875771 3174961 2463437 9115827 4763236 8486201 9005942 2925042
7772854 2870222 5213338 7687122 1492653 6179596 4599797 9223008 5352997 55735
7344442 6907380 8276384 4675385 339986 3160463 1189927 8072769 5261315 1293672
3154571 4940526 3777159 854809 4556284 2075361 3134167 8273168 694582 9360840
6096288 667439 636293 9103950 5327528 2166146 8088690 7718687 947699 3184190
8127266 1115597 9184170 969921 2435961 1925739 6119481 8661479 1816203 3096267
4938062 2333789 2722171 883993 8056843 5249746 6833420 3461449 2114578 5310337
2662695 4304587 7007271 36580 2263587 5054787 4644172 8844266 1650649 6235756
616838 9173895 2881154 1182827 4549693 5440127 2440347 4106750 9450084 3374943
7599246 1168432 5544599 2896883 1923781 8964408 3968285 4599642 5866730 6408127
8986998 4747884 676762 5308344 4799919 1536990 9342832 427391 1893960 7790653
390155 4056000 2190412 9238570 3503862 908640 8846690 6725171 7623913 5784347
8633605 6714229 9340136 4941552 5326407 1754680 6794830 3566540 3908177 540794
2805787 6134678 135276 5784158 2686019 7902360 4869549 3692146 2055319 6483156
3598966 5260268 5441146 1235919 9902453 651868 329439 275183 8111913 2434330
6543033 6891209 8466091 6092547 5590121 330468 9144168 6670962 8911780 8240729
8874411 2243407 8931307 8921859 3418750 7061667 8425294 137280 8584938 7671412
6791171 7565372 4062191 1386653 1327488 6574327 1766074 8642006 4227717 1622438
3415050 3524265 1809927 767046 7930563 4825731 3848329 4951691 8215633 3730975
1929483 3609569 5237838 98424 3681366 1763474 2264049 1667028 5685576 8970324
8553715 1247449 1911626 2779913 1812509 6382857 2418459 2076413 6832619 51183
2407883 7729594 4855803 1444253 2673445 5737149 3639090 7488320 1621079 3554951
7712936 4375498 7799902 1137078 7381937 9344920 6075661 6723061 2129966 8978527
1533738 2197888 3837885 1865843 6456369 6420278 2680321 6323019 794145 5174360
512947 540142 7470722 2599392 9530355 1422500 2900385 7379446 1535243 2646483
6170699 9811881 5817733 356463 6484481 3712233 65707 490894 9798380 463681
1633843 5439102 3097835 3568242 7103420 5555600 8284175 4086111 2864325 8536120
8157588 4685245 5858523 4462353 849570 1041629 3101631 3902794 7515227 9330519
763903 5025672 5687939 8329968 8945525 3189378 3643019 6867396 546210 4590393
8160940 8359565 239772 3946410 5472915 3127007 9220781 2198293 141876 275497
5645393 2137710 643608 5916028 5052507 2725033 4355495 9145382 1906664 806813
8455957 6973403 4713136 74285 8633467 2770868 6169023 8972373 5735272 7528853
4994627 4181006 8242991 3997301 1186169 7931198 8121646 6380986 7282593 496815
5503328 7586185 5720631 2350154 2276046 1408660 2291117 3687537 7038556 8039064
1442906 9124056 5556034 9575212 8168792 9513629 8186186 5164812 5886105 3263866
4005345 7090773 8890115 2513291 9220551 1882243 758132 1386127 8214747 723138
7373406 4476764 5328711 5130712 3499907 6956211 9627614 8310176 5614938 5327476
871369 3689151 5553291 6796104 4733397 4906812 172533 4911558 5124652 55812
8009292 9289300 4586861 6520747 2578594 2594531 6414940 8745652 9668863 2218385
5514125 2280943 4440845 3947196 2493575 2864816 7577550 7071496 4199463 4523617
4432754 3487603 538412 8196727 557897 7598191 9477524 6079582 9986300 7886668
3198314 2882435 2650603 2557545 4453052 2895383 3533883 9173981 7495753 6318181
928275 4755515 2373336 1904724 3535200 3515849 9544552 8223585 3318550 4632083
7474142 2708147 9853382 2942032 2368018 4158761 2931236 8225282 5349834 1749430
9517463 1269309 7599433 1769895 513366 7074400 6876563 6568008 3745717 3825187
2490928 9477671 8037576 6851211 7213462 6516615 1472290 433157 9745595 2466378
5126775 3945925 7656821 359545 3712986 4622376 554361 1967621 239079 4425622
8737321 1488999 3116759 6657412 3659479 3293439 5380666 5213607 7050452 3941235
3216795 6717763 7537703 5662717 4186295 4108593 1174647 3525185 6054379 9154514
1213320 4464025 928716 6301367 4097508 8298250 8791766 5263143 2463562 7959814
9731045 1752448 1813220 7976922 2787170 2615407 1893178 2648315 971469 1916626
7388942 4683060 725181 5706627 5806394 371523 8027345 1025767 3985042 9374728
1635199 1639767 859610 5208574 9824001 1697519 8912713 4936075 9762303 1857872
940753 571669 6049727 4739855 6973203 5797281 5817421 4201656 4643842 7187184
9227202 8798053 372949 6339482 4240927 6623569 4300350 3864373 4321831 8795849
7274307 2456728 4058391 3335557 3382902 1989917 4351610 6873955 342334 6466303
8529931 8255153 8690501 857293 4661169 7343390 5364932 8673049 9558826 1557528
3652485 4157914 9399158 6496324 5449519 8899417 2407632 5759244 5032934 2038853
394631 1843303 3143401 7598757 9660110 3041239 9619248 5353082 6213591 6507479
787624 537309 4819231 1021095 5099832 4655666 260690 1624471 1560471 6824218
9984232 9612228 8997201 5021614 9343365 4735104 2742477 3959033 5137179 6526912
3733044 1199407 6725968 577188 9260400 9874724 622450 4051026 2513243 9263206
738661 8853682 5069164 7484047 908423 375532 1070886 5114029 7240280 6109995
25404 3170711 4237637 7552581 1942862 4497447 9608841 4953318 6387911 1617184
5761404 9636478 8719220 7559125 9502043 6603421 7431348 3477894 611248 4273681
7062683 953257 2050901 6834387 1555117 744398 4019236 1190725 8940593 9536359
7218410 3755103 6813291 5017340 6635138 2252883 2789871 1555901 2075740 1380861
259203 2333529 8257739 6975304 7964402 1525641 1279334 5560009 2460755 1343750
8811797 7232900 7940642 1199779 8764193 5150311 9461458 7239892 5407550 6157615
3825529 6262339 5401535 169248 6785130 9797698 9128084 5949707 4309441 1149295
2768135 5963015 6806919 5180607 9660862 8371647 7693117 4987445 389167 4910100
4409576 6199730 2592735 4540521 3180677 4781689 9520753 8080682 4980070 5501537
688458 8123319 7728968 489581 8902868 404959 8828508 7135280 9668791 4428296
8312794 3902681 1215839 4639403 8801000 5688828 1972817 7837132 8954559 9967809
4705706 4239768 3644316 7471242 925021 9254802 1341397 770015 3573705 3498
8142754 4349420 4073857 2984523 7270016 7050968 5007410 2670909 8941420 907765
1470748 3101207 4861264 5522297 9781837 8992408 1310087 5142671 711976 1475922
274577 8017224 1111208 8911055 2378377 1816207 8684737 8457222 2946902 3852664
3338969 8623901 3937249 1975538 8215612 814238 6756387 2626258 8165004 837735
1985700 2792078 8150523 141759 6895184 8139924 7855600 3037438 7379619 1373156
3176328 2918640 9303067 7447934 5096365 8994264 6334274 3291638 70959 9441221
5365507 7373030 5597380 6238725 941278 151675 7514762 8112986 3962617 1531796
6628351 9234332 770458 8558897 7666407 699760 5296115 5085811 2198010 2568482
510973 9747370 7212050 4511893 7942208 5478796 4234693 9451573 3858611 6185614
4333745 675832 3970121 9308762 9920684 216315 4720198 3176587 21378 4407706
2708121 8473169 420331 6889843 1402491 8634921 6203821 4463089 6982037 7674889
6971606 1659554 7652188 8087799 6578613 8806399 8831073 5059299 8917844 9177678
2267242 9427244 4884821 9374394 6079434 8341743 5995359 1759718 3327369 7212996
2649112 3879291 4013582 9048327 6879387 7428181 6920094 4270834 1912699 9991760
3403599 4305865 20730 7636834 3814074 4479126 8856581 6623753 338238 6522327
708910 755306 9161678 8389354 930830 1316563 9383035 6583801 7374720 2712949
5451452 7326066 6012829 4608418 5508333 4914140 28880 1800052 7554346 2442659
4767982 4258030 6706087 7416712 3632056 8713742 5596952 8314792 2103101 1990681
125983 8703036 3065718 4353629 1207726 9020174 7232299 5248333 9908319 2331789
7188986 9681049 6809024 6605665 2165932 4374611 6795631 9270028 9390946 7446333
4816990 5658369 3009591 7170990 8747946 788332 1970261 9395360 8341953 8637060
953288 6209846 8947394 1850396 2928006 2567905 2699473 3428428 4836319 9395792
3793428 1517077 2174919 344620 5975941 1441757 1858633 9048065 2960363 384635
9392159 2484701 2516382 3900776 2872635 8039116 3194366 916590 6869852 9358142
8130618 7620898 3576201 2065893 2811408 3894472 8650489 6384626 2881247 1060485
5575891 7357859 4257440 3561926 5225689 7446079 1100779 5558430 7956721 3363545
9159220 1001405 6593433 8005111 8138735 5134971 4936034 4444642 7975550 2597391
5505202 395476 7428477 5103089 6979909 5920451 5912447 4321306 4488369 9803137
3459633 2478372 8755647 9905238 8166840 7494552 6782114 6031640 141905 3816870
7018989 281270 3024047 9897482 1846606 1185301 3226539 3358378 6918566 8242747
7466879 6181886 5694708 2273039 8370737 6938426 4805295 678638 6927861 6943863
9143283 2098332 4795763 8722533 6988799 2030795 7527976 3008940 7428437 6690341
9853229 4152098 9433337 3007829 8469235 5214887 2709608 5279140 4319442 8782318
573972 5977537 6984468 2727926 890388 7383734 9984088 5069850 3306348 1663935
2873544 385498 7977082 5611450 3824344 8623361 9346630 7685023 9524096 1938528
7852049 1164932 9665175 2163204 446613 20626 9147417 239751 317260 922631
4706799 6790424 1208882 7128333 8531002 1973364 6477878 4279769 4060912 1838086
1607642 9132945 2430551 4382768 112192 343377 945916 2197126 527995 3880532
1291271 3235917 2386899 8653269 3702569 743591 4814192 2250148 6267084 6166829
9202331 1492486 4096507 6151870 8245290 9810322 3683123 6242464 5433075 276296
5377859 1622610 8383095 7243883 8684781 5592742 4660693 4010395 7339532 8725322
8013202 4683598 515551 7752291 2226797 2242540 4574829 9008903 3867327 2461037
6687574 1842819 686504 847476 2506159 2083560 9799403 7704761 5819169 3324556
9186501 2108382 9254454 3266661 8008493 5071881 6722993 8143302 217906 4833859
3219610 2669690 4636363 7875802 8065896 308093 6693513 8502521 8055808 5813380
966833 2093106 9044510 3477378 9410596 5191914 6434110 3685852 6682885 2043539
7987301 249805 3041647 6242486 1764780 460156 2382807 6484815 8636502 1451134
3149365 8846805 5584411 2902582 4831605 9025729 5966419 9882414 7966 1403187
7711906 3790769 6342320 4567252 6647152 7017425 4548381 8196788 6182748 2007463
2472567 1869959 5538739 3690282 3928531 6697882 2738264 5437020 1929514 82332
3983473 5295917 6797566 4764529 6564907 802342 9492129 1280729 6398297 9604584
9559792 5410533 5424149 2578521 2802507 8428091 6461623 8272874 5481532 5478221
5257971 7118956 4156956 7685082 5297229 9970663 1313044 8460807 9451505 8092064
1550877 9515634 6925655 1895920 9107527 6982569 7098907 3578876 1247405 9689392
1885276 2919514 4338383 1749541 5084163 3917605 9512975 8915399 8317028 2813909
8324959 1834736 7826685 5733169 4867887 5747086 6851633 6337756 3583811 4098314
1491720 6983759 1065722 9485262 2971559 485463 3319606 7832426 978694 1402314
8629152 782187 5855969 5503893 7834941 5996237 8145809 4336100 7560274 3202249
4619294 2975781 9350452 1047042 3148279 8852100 1097887 2809984 6133030 641325
7503893 5919592 2151618 1116091 6238344 8287644 199017 7974171 1438015 9578818
7400113 4730382 1327351 825633 4500453 1115233 8971854 3594868 2944327 9271382
3662064 4105734 9338779 6011053 1700392 8197351 4414074 6089827 7072066 8769929
4093715 7992487 4206691 5682911 1880083 9231788 787024 1012039 1122596 5725474
8009859 1264550 6039202 2412513 4155389 4388127 6175198 8901257 7829392 3010826
8708872 6181233 8716351 8306500 8979376 4228075 6214917 8873029 5693274 2752690
8685781 405393 9175850 7802154 8672235 226920 9613552 2076544 9712892 1971535
5615110 2682962 7661737 9552565 5348100 5597962 502640 7564940 2942648 3873018
2101561 5721259 1149827 5974172 6794025 7837393 5834398 4660398 3086879 9766286
5236874 484165 6333684 3004016 6192501 9961951 2300462 9547384 7643801 1042220
4914179 2123976 2255877 6460547 8116141 4645651 9261841 1669283 1237790 9132996
2473400 5841526 840770 6393332 9684881 5465438 5753951 5157383 4478404 7370608
6461085 8065642 3234647 8913756 374733 7693702 9876810 3261724 9118521 7220638
9230073 5975649 2005363 1394220 8290829 4805197 5421769 6634467 5717650 1515393
3297065 6668828 1374992 8140368 4976320 6240410 5586147 9771066 3058842 9937492
411385 8435865 7516206 4366781 1062415 1413616 731012 4966459 1820737 2654731
7776525 5034920 3958720 191182 9548334 1540676 958743 814229 6702023 4195235
6501669 315087 5016828 716374 3700362 2588914 5729467 5827386 4481169 908384
4742884 9556344 5002440 9164518 7335598 2111911 1172070 5954231 6316108 4223437
8571565 7736764 6553862 9765811 560197 3620177 1261080 733728 42521 1443902
3392466 2247779 1100406 2414987 1324684 3669339 372810 8564389 5481290 2241166
6619670 5412275 8921516 2934853 5672704 3822263 5840107 8949120 6197319 5065864
7352134 7120840 5891093 8090984 386023 9565221 9278767 8100349 8833477 2711087
1100094 5275969 6304635 2803254 2042642 3407103 7665273 3517557 1774965 3561135
6225255 7129610 5032517 2601282 5572494 7171844 2778402 2123262 8951144 2962042
5959765 2846433 6911951 8992255 7108126 9632891 964411 3171909 2444499 1824262
2183302 757543 5508524 3508666 8895690 2449003 3822024 9610024 3510616 8805135
5188934 8819867 4878226 2604625 4101745 9920972 5127322 1361328 3953906 3832533
9591168 5955985 6633998 6310300 9964922 8082908 2457165 9195221 497661 8200322
4017136 6955468 3797382 8187967 3190481 3020844 4100394 313365 1262662 7637553
1404817 501801 181215 8098924 4749788 4383660 7886777 2700725 938992 8082327
8261574 8717785 4030397 1348104 2642102 4115726 9778691 5492538 6607644 134016
4603259 3309387 2734822 2686220 7913335 2690324 9880587 421306 2074764 4584303
4129928 7493550 7686111 5702294 3506369 5021546 2820174 8058824 8092975 1735235
6230783 1735514 985427 9296609 2813241 6345484 9794352 9519567 4853214 8481869
5247028 6581723 5694514 978817 3147689 3152491 6949456 5246096 8074342 9943216
8269226 3145898 6327097 8390983 6154179 7146845 3331528 2846574 598769 7864960
5077894 4340794 4016133 9701236 4358523 5843464 478773 4499434 5232503 4012005
8608644 8776409 7362322 5745213 2492632 8758821 43899 600260 6009275 1871431
3880325 4845602 6347932 5325264 9697998 4640043 5661609 2733697 4851693 7979943
781945 1425134 1961801 382231 3616020 613427 8131352 5630160 1494592 2185912
1085490 337055 8250291 2313094 5543068 3651357 5295553 3907797 5638266 5981400
9085719 73873 186430 5871360 200209 3561131 6919889 9861209 6786050 250051
9942863 6473197 3588506 1744568 8628079 8138638 6013304 1507374 6317139 8957496
9798425 7117085 8969074 9219585 4744874 4622653 3434508 413012 316055 9642408
9700701 3408462 3270898 9501933 8430629 7829137 6773956 9461812 2645928 504544
3001161 2407568 7754677 2124784 7559286 4766364 9518092 1674954 3412576 1708176
2953681 4111516 6349321 5284639 1841712 399127 9774013 4034068 2934558 8349130
2140636 8921292 2175210 3908104 8911897 1062663 6405417 6127422 8087923 5506199
962873 7084853 481738 1301714 1459245 1108886 1302972 3063795 6459092 8980361
3760700 7898965 1887483 8401699 7146974 5217757 5619914 2817122 7968512 1348621
6073933 6886098 5079020 4377611 7634132 6884261 2781377 2017443 5422948 7474311
3996734 4961858 9857243 7564955 486536 517109 3629594 2135362 1850015 4396456
999665 5069818 2468493 3710184 3640594 4407764 9945270 2431280 4732739 7924813
8226804 455559 3415623 2717082 1240624 3342486 6654420 7393350 3015532 7726564
1102910 4962192 7470472 7048989 8867373 2876309 8806294 5258742 2316778 1033824
7484592 8102163 2471920 2654262 8411373 7160637 5202165 3095038 8210818 3374223
1375717 3216207 5309698 2490020 4712808 5937358 5328028 9769230 2507210 427708
39183 6913773 1522475 1776815 1993881 8042414 6895980 9415176 3136533 1249795
1515362 433506 7700044 6715496 5084277 1779270 8668275 3128672 7712946 9715385
8278141 3545032 1362905 6748949 4674967 5097493 2759126 5236036 7870563 913303
804315 1787369 4914517 749811 5390477 2620431 4177919 6164741 2095498 5956943
7490877 7361869 8979296 7638850 1442512 2061443 308820 3962566 2421369 6043226
3371961 784515 647006 801475 8405675 3551860 4108804 8695804 9041146 4105181
2366147 4004795 8285735 8860090 6647981 9084232 3299128 7460965 6284148 314487
2033622 1114977 1529435 1452686 5279350 7347020 2796267 2449505 5956722 3303098
8201406 4027862 4271807 1742675 3754554 5165212 9517610 2401429 1657115 6493029
2185517 4528688 5328849 3188106 5578890 2384360 4126153 3320513 9319090 3241150
6764279 1697316 768712 4736953 1772852 5402572 3487480 8109670 6021438 8423417
7354234 7464786 6679803 8553689 1084641 9110657 949929 6001208 7833505 3063107
8136232 9849186 832097 7641956 8747097 6552749 8477880 918832 4384788 4554070
5956899 4882743 1529488 6510127 9464884 4448558 402721 7931417 1710201 5498804
9493512 7375287 8885217 7137860 5529857 5126378 8014762 2058188 9200043 5473570
7961284 2478674 6975219 687772 5590278 4735857 2041027 1869920 3648718 5970914
248373 8165331 1311252 1324079 161317 7250365 6477426 4905163 3364462 8271747
5699128 7026005 4868134 535248 1065375 5381980 1286560 5534914 629519 9398313
6290204 1397839 5314411 5873169 9708170 5120182 7167564 7225147 16676 5098888
7504120 7744612 9177256 7467180 7495970 1953161 5793463 2199470 249884 1157896
3944699 5402806 3045074 6698338 3383969 6911013 9048637 7919436 3240479 7723910
6864917 4023458 2587319 2423579 6309139 1223324 8065925 3333098 7027528 6290829
4543391 9198911 5510695 147263 3690369 9643710 1834209 8331025 4229109 4503447
2829494 1376355 3709445 8208302 2176319 262166 1977394 2921037 8814593 6012367
7665818 8831162 3499811 2043090 7943286 7284623 5276771 6632374 1718390 5777679
1001981 8990815 4975645 4208448 3253639 7885774 9682958 896780 8033094 2083192
5052365 1810580 7773080 8057193 3586075 3167979 846115 174189 3346221 4523710
7173483 724994 6549217 7919011 3755639 3693016 5362273 1023862 3099147 6770030
4057395 2996333 4673717 2543800 694367 7753507 6421454 3821167 8516770 5922631
285819 4572151 1743946 6970881 5099876 8099380 6366618 7328566 1919924 1200787
6284039 5767899 4296796 8124561 7471596 7758068 5134172 2835249 5546 2250807
3030933 9895142 7421269 9085936 3864145 6869661 5130555 5626170 7904319 9019960
800627 3210461 1513800 762542 7071568 5675643 3414212 283118 2193427 581735
8083277 1603767 900287 9384555 9930540 6363143 5395152 3421666 8130124 1325790
7767207 4298578 9073663 5627480 3845571 9242856 5505174 1645264 1446078 8616240
7401992 6854646 3593955 7529994 6585738 9510351 2863763 1492846 5625362 9700088
4947912 220462 6096403 3321415 5256284 5731496 7481855 6788101 7968708 7735780
4779246 6733013 3232423 7252374 7343392 5333404 6698592 7351397 6922288 2943617
1116027 36775 5187983 8357447 4879840 5761218 51953 495985 4446895 2787159
9293305 8502092 5440302 8124416 7835159 3758634 363354 2787346 5958084 1408809
745839 7888486 4129616 4950786 4440909 8620126 5863275 5448615 4656195 4489614
2376871 7167907 6335966 5832435 7548095 8380907 4539821 2772816 4690397 481538
2591212 7513525 7931317 1835656 2642023 5853086 944326 451119 245322 9181569
3031597 8621047 250885 632722 3360546 1368371 8554961 2742210 4605504 9597049
8751841 4288578 7326648 6179095 4237822 1712247 4895202 1052973 1536888 5641037
94768 6419383 7194613 4685661 6974021 6074797 2587221 638682 2562823 1450367
5848947 372841 2280657 3713053 4820478 4995766 5024955 8499435 8964246 1852029
2036945 7572431 6141649 2735205 5528947 8966320 2728093 5482306 838880 4812134
8143312 5266451 3855870 2765818 4971273 6098763 8189362 256063 930662 731695
3390073 2625592 2024876 7532346 7559990 7590094 949160 6105186 3206234 4001137
2356090 7882484 7423257 1213098 9123228 499171 9351002 9413977 5839854 6272933
7163034 120949 4047825 3479836 4501744 7721104 9567011 3097171 1318255 7604790
9427335 9276519 3066724 5400690 2948 9988125 8773695 2761676 3771018 9356825
473072 6826889 2110138 6174968 4257623 1266200 2272809 3983417 6097455 9563797
989619 1417128 6744303 4419381 1787090 2773128 4341905 4177634 2368545 7442004
4307157 6419825 9261941 6774804 438 5412610 5279397 6035862 3550211 2691863
4299606 9445102 5768524 8317493 6270346 7169346 7688571 2090646 2079817 8690807
5792750 7588109 2869956 5914548 8019810 9055367 1266472 5608015 2834839 5060861
2334809 9231317 3856238 5156838 5818963 7489505 3071420 5099863 8052698 9300741
2942646 977189 157548 7455607 2942667 8901521 6883898 8041691 2596485 1503892
9054552 164560 1692179 7539379 5648415 9667259 9834534 7008437 5901417 3939775
2905585 7105766 2164197 7610459 4609036 402990 3889754 9460154 7584776 5733788
3238398 3481806 516019 7910333 7244955 7639093 937660 2536593 9975457 7468559
8825885 9477869 7184627 3504868 3792152 5612047 870996 7906235 6468679 7270559
252343 8003129 6123212 7338305 9851844 9415840 1510980 4677655 803750 9097726
5815613 20097 9779378 4325301 556294 9703237 2831389 2825263 2971387 279032
3422538 372354 9021018 4521286 1297343 8970023 6625991 9538407 7777457 9032429
2729047 7776528 8798671 3645193 6973414 4324132 3784250 3415417 9836750 7764219
8428912 520259 733690 7183381 3761567 8309508 3412794 4244576 1182926 440340
1662314 287587 7083713 8579783 3745074 2130440 8361288 9781895 1574536 2359398
9939981 7831612 5287107 7002090 5305047 353701 6257668 9346289 9376677 2182380
6556681 9981378 2672846 4428115 3692135 8234477 2181124 4363022 530630 8607470
9889729 6897167 9613445 3888399 5837851 758390 4337908 1480407 7327145 3223782
6500328 6918696 96562 1856969 3271389 1900325 9230526 5246517 3465676 3672500
378967 1089692 1740225 77484 3116762 7873739 9934782 2189375 2077193 4357226
3652440 3286782 5322872 8948673 1794019 9416735 8557855 4169081 690882 9966293
4664393 6263932 2022490 6794661 5941051 2196695 860983 906791 9202233 7621846
6433871 2441735 834151 7539193 811565 5088487 4316055 3659244 2945946 2968164
1244492 9177000 2734747 1203563 1224950 9989194 873962 2159297 7357476 7643407
4030970 6408932 4291983 8984431 7528317 4755625 4189939 2052682 2110518 3606729
85007 2126161 798330 5954316 3303482 4374528 6967536 6623548 4735014 1979459
6151251 9830819 4902623 128800 2952586 3813654 3197396 8351022 2289325 7205414
5580657 8754055 3112476 7219784 4498818 1945282 6403924 3644030 8557386 3160163
5704971 4744387 2976076 2382419 1919526 4074456 3126505 3705216 149284 7943412
5220720 2429475 9438242 7918336 7820796 2048409 1801777 4700013 6766140 4451965
7169104 1578950 8366702 8930010 6447557 81301 5009298 9147793 3722051 5533338
4066159 88820 9940703 1393623 2835596 4823061 5917086 6138111 3576301 1634385
1854564 4199515 6810934 2018609 1185940 7756294 2278119 4787805 7403657 410536
3165059 7159127 7466229 7825095 9185907 5081417 7072366 2637373 7651542 3497154
1625767 6606088 4618865 536249 5369992 5929218 4829042 6340711 9599622 5644959
2393372 8803505 2788928 1005580 6724474 2506097 1981929 6299075 6090138 5888149
3001828 9829599 8995183 4516626 7711233 6010317 2690484 4381248 7452815 1822408
5129695 8434619 9381027 868780 3121275 431001 549923 5407089 3113130 7799798
3088304 9570566 5056484 4917002 9566924 6760937 8198267 7017768 2741022 6946610
4915752 5906697 4513764 200398 9374710 5947349 3245982 869569 4030283 3112908
3861880 3471771 7123101 3697763 3466960 1791151 605895 1997962 9289026 1203862
9809878 5410650 2563234 2791972 4327286 6835000 5253677 4276690 2644955 4280402
7660092 8348786 2043615 4920958 766043 7974945 9754859 416759 4495777 4425419
5553627 9622840 9638732 7728618 3812190 5675989 4088536 5109789 608971 9445437
4206208 7398930 7834964 1084145 3865603 9006629 4988334 6349819 1306200 5963876
9294270 624008 2064943 2263951 8847317 2171475 1845302 7287344 2976088 5880013
7476885 24875 1349371 435168 4997532 8304841 1887995 9167278 1436739 2375685
5829497 3365715 8459522 9744058 6244409 8815 7524098 3618990 1912862 6668264
1932094 5150838 1375859 2114288 25947 7630499 5908704 6472797 622567 9859341
5267607 2108832 3693826 3463985 5066525 6566324 6205043 3123732 9989612 4411971
870465 9902307 271669 1662631 5223652 6739510 6129688 6145716 4462270 6859609
1471012 1199775 5130069 7012989 2515272 9076903 3083545 7855869 2744795 6037092
959558 3260208 6912096 1740995 7007421 9528165 2138686 6298106 7651532 9680888
9722578 1297049 7219521 7210202 5592311 7271763 5887374 5751100 9564484 7749288
3925037 8883671 1206788 2276964 5553606 8550886 2410854 3043438 7328199 1085617
2339007 7156210 340761 900911 5679698 8377778 7867338 8171571 7220215 6565342
7758686 3088639 3326643 1667441 5314715 8955855 418804 6982482 5544651 6896780
4242078 213734 5862568 8691533 6467957 9283734 8779023 2508395 154519 886899
7356553 52595 9502258 2534744 5838350 9977663 4462531 7093166 9601327 64895
1344579 205174 7770825 2645480 5012974 6796 402106 5236922 5866216 2052592
2499374 5808116 3600636 2390988 7376174 9747243 8225345 8061180 228887 8541653
200805 5857955 4344940 6425845 9040358 4812399 9104967 9479327 4688849 4417983
8634192 7682395 9307737 3745747 1969315 5795861 6101309 3321678 1773482 6775039
9761362 6464988 2970638 5810370 867971 8396079 81011 8723127 3192896 4945525
2922453 2709840 1345618 3327372 1264263 2926895 3640724 8097669 1399826 8936421
968759 5186593 2529624 6056442 971847 5012633 1822524 5653062 2097935 466029
2032732 1184758 5605581 7210588 9071600 3811373 4300717 8873807 8726534 5385126
6243755 5592669 4066128 7341580 5279173 5196546 1483730 1523452 7418401 3454957
3882139 368976 4273136 5754900 8083500 5702917 5847476 2756609 388265 4074792
9862364 3999038 5539380 8186632 614022 9214549 3174411 4768248 3622191 8216183
6169692 2011991 5811626 9867846 3841957 4479038 9071122 9500996 52337 6557321
7897289 3197179 3043106 2329485 7467421 3322479 1179130 3291592 3056905 3168944
9417780 6423429 4930552 7160996 6842396 3318378 836611 4011426 1778249 7375970
2266620 9494702 7795460 8830900 3689882 1985241 1180310 6740456 2601310 4118403
3508700 4993259 7009374 2809582 7568999 2591921 707250 3296186 1195013 1196482
3780982 277541 3918299 1137654 2617589 3563796 3415359 85475 4426741 4012063
9396394 7244583 7555869 5236032 6538702 3600888 9437972 5263230 2626715 3153771
5538528 5010301 4170025 3075486 9045506 2598620 2078205 3917957 5014559 9674228
2070384 9578273 1027184 6642582 9719689 1374180 5132475 107503 3493910 6664567
7511922 1657675 3128039 7775739 5456722 9470124 7764524 8060113 9118052 9625115
212604 2711004 3190658 7596707 1562540 9647956 1756237 4797806 7461568 845777
2193452 3559958 3906342 4304917 1548313 2335006 7235963 7426914 3375152 2769290
7843672 5353980 4909278 4012007 3139393 1063136 6229664 1161615 1524577 8702521
9395825 2205181 285793 4241490 1463842 5716659 494599 7867776 1628024 4473435
2635751 717158 7508828 3176938 5455601 3272573 7619134 8040784 8482546 8244293
9229469 583297 6692639 9132133 8337279 5305254 7208499 62586 9761606 2505209
7375140 8326124 4124620 7649566 621409 5669452 3845107 3077819 4317583 3366963
3175711 6280880 5088642 513498 1017288 7133840 78665 3910132 23198 7753449
1935439 2363545 453523 1973370 9699620 2831339 7284126 4194796 3609224 2879198
5152532 2451909 9627802 4748849 7692904 3818104 8366054 1079114 5472939 7876179
1356475 5746618 1877121 5519324 650733 3709647 9927540 109502 8351219 2435704
9844333 3548992 4672422 6115293 9031863 7419243 2242393 2492025 7787574 5090309
4161297 8907407 108473 4649461 7449015 523445 7429963 5859055 7016823 703873
3064905 5312541 2914123 5819841 2352117 2368474 8677868 1246630 1084156 6995528
5723282 7724746 2077744 7360344 2039934 1181100 8292343 1189583 8007830 2728060
834636 8445088 4298563 1813995 6154071 2553148 4993517 7316118 5591570 2140324
9424155 8625513 8171811 2771510 1958665 2200885 8744385 4336118 943357 3101981
3001186 4778632 2445830 1585701 6800001 7004800 939921 2007308 2575281 5138029
9343404 6856719 8402677 4450311 6733214 1220419 8047621 8951768 9381898 681042
6855282 8997778 2908617 9393218 8079716 9404664 138364 6976951 8263336 1423495
2907537 7687312 504234 6812200 8052733 5749598 1484663 3508364 730101 2265278
6607129 7152971 962331 704762 764999 9756558 9504657 5474736 6915694 2265022
2536079 8085797 790334 3980502 8014525 1597693 4045756 1191032 9034438 8390595
7639490 5368568 7600783 3635713 8796539 8022282 3637205 3582498 8607093 3523410
2479895 9415341 8229369 9019611 52616 4084087 8571439 7565351 6783641 8892822
8123844 5039126 2012095 1383737 4165694 3441775 8826705 1593950 5283597 5086606
5128016 175403 9212875 4314916 1354924 346190 8746743 52481 9500060 7538693
388403 9389158 5949832 9450259 2173574 2164940 8070140 993045 8443935 930472
4492214 2483222 1087134 5804558 3419992 4547549 3070024 2015582 2384487 9927098
6475948 1912839 4864139 136953 3711536 5766158 271577 116409 2234103 101464
3822934 32418 3161246 2493072 9995734 1008628 1839925 6558372 1028438 4157260
425932 1349415 2900832 331633 6058841 3274014 9221447 3417466 946944 374973
615301 24029 7015995 7406208 5710444 7420289 907176 3989192 7376766 5795528
3953200 8772534 9508951 3184500 5989836 220973 693977 5498613 9561884 2465998
6791249 6162237 3506275 295295 1893132 2423153 5574573 240791 8978822 9226524
7470765 3809652 154277 1841985 7078433 6848389 3755219 7658900 8218884 7924186
3192978 4388856 5239946 4980574 9534154 3768490 9470355 6095757 1265191 459529
5741148 85143 9283139 5953938 5672010 4395900 3234177 6473517 5791033 5246798
7018681 7520852 2407374 6062865 8379286 7436228 9175890 6871615 2270833 1181902
563770 8919215 1264981 3198289 8557455 2768052 3992522 8703801 7781739 6067114
7829617 2187943 1232670 6019371 3986919 6680840 3549372 8068630 1538031 8228536
3580590 7093268 4788614 683694 1540535 501699 4338555 5028770 1008964 9933596
8338056 5760894 2796899 6264508 6267046 9230272 5645458 3896284 3711712 6627978
6335593 6067288 6469863 4128187 9759576 1817353 1569509 359545 4034870 5283164
4546519 4620401 6461421 2928256 9712483 1194388 1780682 747307 2782451 5391017
6805788 3012657 85558 6729872 4596321 5978249 623397 9689809 1844657 6333728
3231441 2178447 9440263 4994615 418641 8271996 6353543 3515759 1730296 6898576
750763 8645408 6168864 3424142 4065747 1414673 3305262 7933073 6358835 9212138
4629252 5361334 2182511 170184 1290855 202845 6624810 7107058 1414735 7766282
2950532 1314867 4361884 1407832 899907 6321352 8260499 9723975 1645994 2558566
935793 7202085 3339682 6690436 1309976 3723622 1651650 8960735 9579662 2460883
3061639 6026269 5805861 3604148 1095949 9107800 1479548 134232 2313881 9754429
1869032 5342649 8980467 9464257 7064112 1364894 797989 2439305 6265109 789156
4066643 3867553 7460448 5101591 3141612 8639963 6910808 1444685 24915 3676784
6573510 6164096 310205 2078286 487276 2086717 9603102 3272872 2100424 5309065
1512146 6189726 7086706 7479502 1312819 3955395 3927781 9798282 7808150 5972343
4672506 4031370 32680 7786472 4828943 5544180 4691115 3447513 8996815 167030
3604814 2414103 9246851 9804374 9943123 9160267 4996755 297648 8756213 7939953
3909676 2827678 4564764 5007036 8367789 1936311 5263562 9298724 8384316 2741388
52607 2607526 5248198 5452268 4149286 7413811 1216459 6748890 1326872 912285
6271365 6415954 3727025 781616 1666049 9393164 5324607 5209407 8544542 4706445
4471539 7132077 4641517 3528286 8657341 7330773 5317606 1841289 6993344 4032068
5187917 4547999 408805 4883435 9626890 7545078 9557747 6789594 4741955 6384063
7693664 8292046 935528 3543750 7415561 6312700 114118 2437883 5686619 6566839
3893859 1296914 308140 909698 7329850 5550314 2612777 8175316 2622043 9688821
131656 1460545 3820420 818290 1433749 8703152 9548188 1413500 3091162 4932104
7955347 6213292 1896109 7714206 8154443 7499026 2758179 5597989 8746744 4443977
9431191 440918 1254826 5977751 5407970 1738481 2700132 2708501 6869510 2873100
8625879 5075438 3333780 4611388 7613971 9067802 1260124 6672320 9603773 8696053
3132739 2672656 3345492 1531908 4799917 217358 5130082 4955956 2759107 6849763
9517395 4447836 4868489 8123151 8283631 1958117 2205804 5174048 765253 5948146
8770058 7532422 3241646 9498241 997442 9034348 8638921 5250990 6790079 4024077
9322540 5397149 1132566 7259554 4981109 3595957 3483924 7303235 4085786 9657703
3494250 3555362 6958885 437539 9915704 1074309 6520015 4097126 4825827 3045826
1608374 9422699 710685 8543712 9224144 9460551 9080301 4615685 3196158 2868602
67214 5595085 8545012 3158989 7699830 8228187 8624409 792133 6797784 7667202
7589149 4861792 7184836 8924215 4761497 5637880 6593650 1679136 5867546 4693876
3652613 5826918 4555150 4146383 3703220 897761 5527968 1491465 6290633 6841076
1320639 9344445 281483 5599976 201428 653735 8645274 814700 8880640 7432276
5555474 4746880 7615112 6614319 7285598 3893846 2248746 1175409 5839455 6310866
4385121 1458511 5885272 2827228 8980690 8148756 1071220 4323369 3360106 5015241
799474 531108 8546041 2568148 5677294 765589 9856451 3500257 932521 9731632
1137074 6049327 8674426 1345387 3285215 8325642 8000642 1673450 1338417 8164631
4859577 2007742 4728104 1579006 3099258 6881130 5907829 8347697 8286239 2828797
2936789 5074048 7678550 2593070 9723287 5956662 696411 4476966 5822590 6082341
6516443 1296698 9047348 7770542 8913611 4095558 7203337 6212577 6127000 1357473
9076177 6737730 3876804 908494 4249939 355058 3560774 5635055 7365248 3628031
3099401 4690073 3073249 916678 5980254 8451718 5547959 6916738 5754972 8377021
9106622 7493185 6355971 3826687 4755287 8715848 9598240 7485850 5467739 8488306
2368335 7594155 9465968 5803088 7378896 8374270 9882396 8308755 5802701 8139220
8556771 5054635 9202657 9524847 3906586 6573204 2202209 6592314 675493 9437743
1734066 4924124 6627412 6929026 7828047 4569871 771678 8607201 7694435 9009617
717614 7728621 5955539 5158314 8113378 1026384 4989279 8309825 9635879 6068452
8009692 2102412 2136406 5287538 2444697 69207 2192936 3838247 4068222 6034822
6276376 6636807 3769567 290584 8671081 1672346 8143452 9927130 9490213 3290290
5448370 4223146 6383080 9598202 279371 7109640 731184 4881086 4515453 9360790
3001690 9238401 1934205 3395979 2488497 203926 6092990 1423429 4244374 4734562
7985644 3217526 434805 7093847 119023 249712 4610144 4712944 4502933 3072229
4962098 3590284 9297038 3717376 9712959 6941366 4016189 2678104 6398249 8515181
8531910 3627831 5938997 9066571 3524848 4457380 6011478 3009659 7876951 2297656
4233725 5812127 6664961 2703834 16380 1450371 2350734 5197079 4709017 6941006
8476740 608461 2962802 6530834 3457808 4179975 6486972 9276078 506667 4448492
9170649 5626950 5258167 4239407 4900594 384025 4547964 9264086 1945991 1404569
6622138 2338077 1209371 5735939 101117 6222934 1879860 6552788 7715464 3850701
7436962 1932887 8539498 3829354 5352171 7263096 2533995 6900981 8448913 3784944
3909865 6775709 8455370 3105516 5694790 8357818 1504207 5775719 6830360 7376142
4052816 1418836 7587149 3443996 9350949 9467676 6825364 9755767 2160574 4241417
212704 7700867 7843678 1587789 129680 5761432 3320883 2180262 2052698 2165606
3858694 7956542 5406597 2293962 1366177 1410747 8346368 5696900 1562172 1722570
4030286 9095952 9021893 5097875 609671 2165270 6363637 1275752 878463 6097251
7803914 3079197 222469 8198881 21841 5655269 8888265 9594978 1325444 845692
1580367 8808058 4413644 3962206 7246697 382319 1635863 2695224 3704239 7487584
4028278 2114134 9549931 7512225 345749 9161604 1786053 6226404 2976687 9642748
5501176 4969686 2178216 1958894 3141947 3003072 384329 6357684 6475045 8457751
556177 196159 1691867 7398620 3269214 7349275 9692349 2534080 7442223 7431509
7800827 6411252 3139958 1014666 4089138 7695424 4844493 910229 2321152 4142801
7000783 1089914 142985 9273391 4117618 9646520 4501446 2572097 7829343 5240532
3484609 8907596 3314134 3276303 5292981 9192584 7731067 752264 3287227 717091
8202436 746794 3374083 8969245 3300796 8093589 4410317 3163010 7135641 5207542
2721615 6245534 7130404 4169113 1754266 6803753 2700959 186647 8529701 7219483
3997163 3016508 5239663 1759545 6743450 9857998 4677954 3173448 6076872 3341775
7266697 1507838 5651268 4602835 8755321 4647230 8348055 5386352 575189 9267836
9362789 4963786 7118532 7276425 6779092 889994 1832374 2699264 6409669 4079108
189884 8426824 2532102 2479703 905332 3491642 2525752 6319293 7267213 8324109
3407841 1182396 35328 730129 8901547 1729013 4176510 9678155 4494022 5951690
4251902 315646 242303 5953217 8297231 7513505 539773 9675654 9690668 2759539
980331 692499 87667 4105042 8480758 2540701 5193601 9004292 5231335 1479805
6375511 4287114 3079539 2799067 4373261 9705729 9140293 6668190 2170592 7014322
9434907 1306532 9898497 563492 530843 7733380 8072529 7485975 1174448 977886
1139252 2769022 151516 3938583 6201529 1413250 7569253 7384451 7834967 9196242
759124 280365 1013649 7554782 5327715 1441307 8189920 4143082 1635225 6667323
5104560 7358254 7114435 3784678 742100 626865 597648 4124182 4987765 6263362
5742238 4546312 2293773 6707617 6860363 7003229 5919318 1975504 9982368 7603531
4502805 5375724 8821753 8078508 2318809 5519304 6229447 6444748 4303275 1480783
8260022 2338029 9310378 2707800 1467888 7254543 687430 3357645 2379313 7912011
4896745 6265555 6784344 2316770 6553983 6952716 8131819 6657984 4036206 386009
624635 7389008 8581923 6010412 101777 1682629 8402806 1211674 3347817 305650
9671 8317556 2578757 2390520 8190432 3500719 1121333 920511 1459357 2796028
4788680 1720156 7513236 8747900 8682250 7762198 8981270 1948117 2526308 3665265
9289475 7921185 7506867 8653448 6044793 4083597 2789750 4590053 4481411 1750961
3620673 4567104 7814289 1428405 4762807 1806708 8722618 9651967 8418856 7627254
974379 3006334 1277075 6401716 1055331 5068192 8728073 6149638 4704915 8902464
7301687 9224128 3307861 3695380 5025328 1327421 6104462 9529771 6867079 1389175
566569 2577943 2279143 3542991 8964688 2251593 2122127 4111191 7207800 5493664
5065760 9322489 2915970 9296926 443260 8726068 8250994 1271726 5958288 4585206
2376165 6307254 8794839 5006889 8690363 5550763 3567621 1552464 5063142 2752776
1625521 1501160 4742191 9724271 9170866 8706752 2018094 7041951 8042240 5140953
1270720 7125609 5203833 12931 9562916 5221527 2966523 9631378 7108032 9493166
8623948 7625101 8511651 8534030 4483900 9371521 9261645 7646467 3925518 3240139
7391169 1715938 4248919 1879571 5687696 2159549 6259004 6258662 3867071 113475
5474645 9676331 8108216 6938541 8195968 8561761 7923756 7276435 278697 9885886
7173118 7086028 8436587 3127658 5159465 7457002 3528265 4507496 7497131 5078146
5296845 4193997 7875192 9095940 834758 278504 3940245 3638847 5412855 9464419
676408 4360425 28380 5573609 3388135 5868223 3697345 4045454 6662169 4179038
4810450 3367758 734333 9952242 8414131 309076 6375805 8638275 7909691 1327787
1077712 4739768 8329027 4592279 9930485 9561264 1087985 9187743 5845630 1474696
1291711 4814005 2989105 3482827 1295126 2002936 702373 9761768 4855434 9553235
536100 1896210 3925792 9579642 5692196 5370064 8606484 3707144 504545 1142272
328998 1505200 3477117 2885880 6585922 8362146 8803945 7305281 1362992 1860626
101838 6262323 5801093 3525947 9448111 6908774 2290316 72354 3979181 8707062
9075998 523563 4264099 4037094 5833482 4120700 3089900 711913 3290537 5418976
9877837 8921542 3943807 8143745 9371525 9143283 6216512 3906116 8370535 1361822
3477019 3506044 2514809 7471079 7755259 123213 6574398 1602045 7610717 7968022
9350294 9788938 7021898 8267124 8715050 6363058 1348579 2105230 2804376 9256008
4891899 2215836 6604955 7788881 9976085 3506785 4097356 7328760 8043696 1503663
5467460 4983571 1648397 4328880 1717747 9909801 69033 513330 2884406 4968939
1442772 6213550 5531948 5463554 7948184 5503140 3540750 3298505 3728300 6077343
5836399 7240543 3765769 4794893 7977207 9002608 8776817 1775255 9821571 2970514
3413925 3117753 5999223 6217565 6654949 8933477 7663183 4958074 8120925 9190871
5283446 8541128 3345385 2630311 16104 8764981 7072112 4784014 9141935 1016201
9016359 3695910 1064864 9771491 1390554 2607085 8724252 5499212 8821019 7613254
1146706 3263948 7879000 9431566 1150078 9009915 8479879 9139993 894679 1520427
8597254 2341572 4442240 2698563 4627974 170908 7190251 8942202 1502253 1460749
2175387 4418423 7512355 6095501 1412735 1904034 7201717 1570172 2586476 5022827
7118758 2073263 1137785 13152 5236443 2299019 8842949 6724817 4217467 1446393
1057164 5627879 8362432 33551 7208916 7145547 883699 7486233 7934407 6296295
9555001 9648488 3136146 4023729 6684324 5384703 491632 2525801 6198942 4828107
9871382 167895 4265339 3064501 6548756 9059273 8035100 9669561 9952069 2855791
9638604 6349752 3601766 2942779 9574521 8336341 5296304 6288845 2723394 7722766
5628226 1225775 7774776 3704054 1517072 1252862 6227468 209333 3959476 5840703
2662945 1336336 432464 6571259 4305908 5702457 6718085 2229463 6483458 6119193
2460138 4079599 4591914 609125 2319217 7562895 9906371 1888562 2994038 1893179
9483137 6558524 393062 4690254 5733640 9222394 3760309 9693334 9193745 9135521
1074716 6080815 8965451 222888 5441485 9672368 9194541 1135932 6525729 1503403
4831506 9118753 5536867 2596900 2108017 1939669 7959926 2620853 5417522 3101663
3471369 1140784 358921 4731040 4480338 1492932 5278352 430414 3432302 7878338
8768685 8210331 2739060 826448 9580813 8360453 3732864 5710619 8532164 9140379
7191057 4902057 6572743 974194 4658136 6823635 7747248 6947889 3079797 6488187
9874883 7610988 2921039 2948932 3904720 2941317 8995072 3426159 5036797 4174810
366753 7340566 3810599 4717867 8615259 9999359 3948760 7891232 1134663 2237589
7080805 5741482 3286298 7795928 5278300 62870 5689507 9451646 4898332 9342120
5133570 7152152 3684838 2904050 2048755 7995089 9613484 5989693 3635890 7754603
3538145 3297158 3352150 1504390 3641327 175950 5037370 2710285 9406509 3894581
3816309 7641374 4271905 3862714 9402998 6396464 8858298 2007265 5711418 2678237
4693603 833275 2586740 5927712 4930371 7402919 9300635 9904426 825769 9184545
5633996 4608984 5544120 7710903 1152672 6760868 6577774 8472992 6993823 5462262
4230370 3567319 9648921 8712417 8593506 4113625 2032266 5374757 2022503 2874114
2062380 2703343 9677449 4671357 611966 2487288 4729196 2042289 3672748 7605795
5112585 1203533 4765628 5370929 5550057 5014790 1260347 4622641 9859304 9574974
9603454 2115304 817474 4170037 7337496 4161898 4984571 7031211 3377208 5786008
2022838 9042149 5532755 9700818 5034483 125770 4767332 2142063 5231910 6847464
2581411 9746512 6195610 8641493 7095447 9980464 4374192 2847882 5012110 5340771
4750228 8937275 9373697 3248133 6661690 2008671 4557577 956403 2453847 715718
3548164 4158352 662455 4671415 7600228 3437906 870011 5219766 6527521 6695739
3467714 145922 1490662 9870002 3487419 256202 1595742 5950484 5737041 2147951
9844831 707352 7128425 65830 2325222 4520440 6441217 1162166 5656951 946477
7418358 8609324 7973976 3634792 6554329 8493164 7892068 7662836 4667272 6703613
5288666 2050138 5490732 9621807 8558694 3232323 9523681 4834988 3983828 8424860
8845294 6306138 556143 8473208 4726552 1481339 1222709 6033049 3691467 8135401
5099430 2121838 4486216 7872415 3695362 850796 5502833 6085263 7798424 6033595
5157813 363643 7694381 6057126 9720999 2923979 9827408 4334401 9349488 9578840
7804215 1657261 9952503 1765501 6639983 6187415 3267705 6030750 5181062 8563341
2569511 8753811 2683955 111073 7640700 5321922 5531444 5796760 2067547 8884157
5739108 9868276 8497854 8758956 9330983 3090800 8909781 5852870 8819959 4386592
412348 747466 8201397 7012110 8388599 9754304 989904 3079132 3619400 5657714
7625467 6484909 8265923 5612300 9488675 8651112 8799258 1124664 8835192 7195921
2615785 2481473 8246628 3145190 9258568 9183213 3599045 7809096 2364383 8524943
4621600 5088520 745048 3765145 2042457 7307338 9574152 8970462 5397129 4995923
7494828 4508718 2166037 2802142 7732361 910426 5617457 3396744 2834311 5832280
6020236 5260580 9818355 1363748 6097926 827227 4573909 1569768 3049088 8241428
7281795 8784702 8387511 4293592 1922517 9531167 3296420 1078017 4368622 7724128
7514404 1969723 1346637 3323719 4346878 9784397 6086759 9176746 6167621 4818091
1427930 6740110 1488714 7579345 2557639 3468704 4222631 5301591 5580004 1860850
3400242 2619840 759654 7050974 8418606 8512845 4716653 9978275 6570155 5519364
7085945 6098401 6293899 9493322 6688418 8233025 4033886 7806886 3877913 7261077
64769 510484 3296331 1837032 9810085 3874652 2575040 7721563 8830913 3194392
9939076 6426674 3196796 5312922 1426597 9036032 2901902 9799584 9088897 7200467
9929825 5607697 4375074 3980950 6216849 1602732 9675229 417073 4185005 8644372
2041342 490991 2475231 1308948 5930453 6203233 5177142 8241549 6574305 9909668
9649823 5777273 8734214 3752447 2351515 4728020 4198440 8986981 1269594 3329516
4469804 8250228 6463346 9146712 1502543 6487073 9682020 1619762 7746810 5640139
9027783 6866031 1904876 5364076 3612160 609474 5928781 7610944 4067405 1560397
7575279 8933543 7983119 8179010 3211473 4827714 1888986 1506744 4933908 6768106
7706737 864739 6946479 7866717 2812118 4293179 2567802 5023418 9400980 7175352
9914133 4867720 1089378 5549486 2697373 9055025 3663435 2550699 522018 8803438
6216059 4465813 6453762 1256821 626535 535916 6490613 4032123 9040732 6324198
6544745 3963367 4212343 8961106 9943928 3744585 4178188 546660 932489 1139681
2640256 7385954 4073082 7319789 9188250 9658711 8945550 4210931 9502950 3458216
7336063 2124158 5806816 9563661 571082 8253611 7329058 5434642 7265765 4307185
4127059 8393545 8743334 3168704 4607426 7468951 9159189 1185951 1276451 6018924
2401 6801741 8507810 2058057 8483660 8952575 7802187 2624262 951184 4542670
9552494 1177894 4861479 5093445 5857556 7505128 4143308 3625283 3431508 100507
9888127 857476 3744620 4696865 2970860 3732396 1193437 4473875 3634454 9737568
6859396 6201516 1236713 4803152 5180801 7242985 11544 9978189 7660555 5157534
32020 9216905 7582804 3510536 7706080 121500 3398794 4584596 4878254 3237836
9055938 1415178 1227448 6343107 2308833 3815215 3409154 7701091 2590248 8364157
2745663 283573 1156034 2286672 866657 6921860 2457179 2932739 5770479 6310949
4296754 8430223 9573425 4873839 8849677 2842746 5960145 8287496 6748702 3410994
5577539 4142386 9332838 3678076 9517287 5297668 5330404 751576 4465230 3483858
9615578 4373631 9213256 3824969 2390421 1635402 6319382 7633819 8668880 2269859
73473 6611990 7127391 4871765 9360505 5958304 3127941 7587077 9484117 9821309
8578097 7248903 420741 1858255 4812792 2222437 6188096 7820589 5614932 9759028
3336591 7215268 272519 5734159 2798149 4096286 8067888 6559059 9984033 3722558
5602318 1758405 5145107 1607828 8585904 3420982 5309629 1483667 1935410 4075302
1598720 4737119 5181353 4668982 2979080 6567277 2088883 8349306 2033278 3941407
5294038 6570374 886164 2749712 7849523 19490 2355896 3126418 1937481 3864659
8984480 1475459 7626020 3775417 7799141 7630932 4136578 4555589 481752 5389727
6232291 9843774 4575571 2523147 654552 1532514 34906 4386068 3306112 9078505
2507592 9703244 9008538 4263085 9195627 2047549 1952827 8715181 6899785 8625509
6856128 3245908 2533174 327016 7985710 325121 3418442 7445189 381771 5949872
5392199 3175129 9587727 524305 1143319 5859720 5659538 6948842 2198343 6279501
2081575 9789359 2221578 9128340 3853162 6930667 1221564 6795153 5221613 178377
5710732 2123987 5810188 6259247 6892082 9490663 5450787 1221917 6300411 3113179
2563214 3343821 6149573 2746291 7714891 668588 9146681 8256455 6471243 7889561
5649441 7848894 8738602 7891307 2078622 9699288 4844091 4014163 9603059 3083070
517863 6189444 1229116 616713 1374466 3919315 9420910 3993334 8337636 2545462
139910 2936683 5693735 2544693 8832738 5793775 1226911 4221299 4223025 7150438
6205695 838356 1362469 1922749 6509406 495832 3372126 8665528 877706 3781955
4836073 7276819 5590431 9784064 18658 7419879 7842853 4791277 9782862 3071283
6512734 7893539 4331793 5404044 4567117 7886371 4823937 5808892 704864 9066486
2624638 679028 583264 8325256 5602632 2918503 2857712 5125006 1462717 463861
1295836 4952432 1031461 2758806 451217 6528617 2210855 2167197 9580616 245237
8816525 3687511 6520863 3893641 77264 5387464 3354093 8328857 2387981 8912241
5383541 4936242 8869883 6936999 7277079 5975799 8442820 9170790 6532117 3244490
1764657 9129496 73861 2211930 955924 4538413 8740871 3676634 3753537 2106485
8873243 2306886 5709572 281902 8635912 5777344 2039421 6330255 6742372 9484141
2729279 4946513 1198995 380714 1607832 6260064 1950853 2773430 9997868 8655105
8112273 409008 7884449 9036347 3889025 8630245 8660694 6352616 5765110 6277550
5915300 8804195 6833543 645290 2547009 7419652 9092661 6709327 3786060 8955318
4304342 9955177 1843051 351518 194486 5068245 9049461 4080551 7223138 9656085
9089777 1269202 2178326 3638247 8576231 5904150 4639546 9866262 5596474 8267677
6511422 8353039 9447823 2372883 999545 1037811 2790791 1763009 4738533 8894431
5329113 6883442 363730 7786017 1121329 2835783 202395 4241110 595346 220956
7862657 9437040 6982948 6214114 5446744 2876560 3694825 4244053 8719606 9392543
9151097 9101495 1674901 4121553 7691427 3288340 6213521 4281361 4755179 1612231
5040260 4000693 5029417 4454831 835848 58882 4976752 5981181 9981968 2949595
9941673 3615913 9103046 8534066 7161925 9818987 5086227 5563857 3082039 7266150
4596930 6113634 2226125 1628885 7678485 2450053 2336448 9266215 2937610 6403244
9638294 3045225 782482 7674211 6856418 6198183 8113507 6470991 8529749 8544040
6869783 5851541 1775741 7575443 5750780 9271124 5865617 2686201 9695429 1702592
6893372 2135565 3071786 1996120 4096940 3083415 2060764 753054 2091736 1585582
9995699 3754588 1070544 4509458 5466530 2937457 8538318 8525411 6683992 1696982
4564922 4047301 4544223 9342910 9269824 9379112 7198057 8570186 2241064 922213
5419666 7623271 5311670 7181920 1177001 3579451 1064892 8625122 6498021 8575738
7126789 6603766 1730355 7157303 1970813 3576868 1985556 3524554 2221260 8009992
1512439 8319505 8994072 4839627 9976651 7743804 8584321 5363598 2065256 8405772
7928633 7934965 1570677 9962916 2694061 3299788 2923794 9415817 2546230 7902064
4074254 7170044 5527669 280618 3561692 4527450 9135796 8726490 738408 2940336
413160 9157608 4314857 2157880 8527838 6233313 5926297 7769786 9681654 6554226
6650107 3971177 6991757 2055280 504395 1599643 5796839 9834746 8734086 3772207
8677736 9834513 7016571 6845807 8039252 3819276 6374365 9112812 7138193 2927695
8039450 1686313 6228645 5776010 4810644 5390971 6321148 4172371 2178396 2816622
6135918 7763056 742630 8306398 6423713 2337365 7378305 9096002 4189819 1994443
6961503 1128719 7344999 8946886 5738775 6654144 6646062 6858191 9694995 8288095
7586385 846888 3050331 4839681 3286774 6431372 7997100 3747491 4778254 6141919
8769025 2709673 5132906 1017320 5630228 4725216 637523 834249 7929952 5829224
9903854 4214849 1271411 9897027 540211 3720445 1628310 2688308 3702009 8132106
1658912 9153317 6544108 3462710 8425636 433397 9804543 6249588 8705771 5319029
2269486 2546630 6086158 6680988 7294312 9963569 1329329 7988394 2142233 9549441
5247900 9233814 8746202 628903 3225098 6846502 3767345 6578618 1799779 9537195
8986126 5489753 6722276 5068880 2776227 5861334 1111544 7099790 3113498 8568680
4641388 6411182 1825692 1127225 6768826 3168597 3420849 4388504 9783184 4559404
8596111 9119682 4879058 4401215 7269678 5138516 6816190 5857023 5032724 5975884
1316833 1393803 7935082 7287742 9887495 5233786 3968094 134740 4633255 3550718
4570761 7831329 2969526 6578483 1347967 149875 3817947 2161769 4594877 5561441
2287100 4284874 7500312 3856765 4107213 77896 8324643 4975816 5634194 9391321
4358646 3184427 4496542 8495124 4123305 7808852 515642 4277545 1129276 3259964
5985707 5559113 3255486 4078609 1700477 9224571 5557351 4153013 1247253 8902354
6099162 1590393 7703534 6801352 9846363 1189358 4864882 617776 6300771 149614
4664462 1843310 8822420 208239 6158877 430497 8418058 688166 7553420 6513366
548054 8576530 2825569 9114173 7290636 3669525 5677855 2672983 5951547 2946918
3859074 8328843 492937 4425426 8253474 5994689 8082174 1536806 3956352 3415105
3579039 2475318 6477347 2234541 2310105 1542788 4772413 339381 7627125 7796442
7862392 195081 997682 6499973 1153301 4907702 7747318 572485 3949380 1471857
3130139 2905365 8939780 6014829 8895575 1112831 178273 9055381 6565405 1235952
6328275 958788 9269319 3719243 9877876 6123429 2212142 5914916 9597987 9621096
4779953 409802 6526365 5167799 3971496 2248795 6760338 8626541 7213232 1395169
3142401 5043783 1627009 5599289 6504196 4016615 5528324 7706113 4822558 1952811
3481636 2432668 2068816 8698119 8894894 1350191 9280118 6567082 2223699 8156254
2652270 509946 1037307 5178495 2795365 3200230 7311598 5366869 6366589 1859120
255599 7952537 523595 1910428 7104532 469436 8702130 9328730 6049733 7171798
8483261 4111326 9417796 3457814 9988096 8412981 527985 3728213 3727608 7984395
8121429 1181732 9614194 372751 7713076 8046333 6181833 6885599 3854823 7333782
6061994 6122489 8276057 7726652 6974209 3239032 4272288 2864950 9272723 5364450
1012389 2793967 710089 269792 4553298 8452476 2590964 3008084 6023706 510254
3736712 4110197 4736781 6592686 6210415 1033798 9111632 6340806 8847350 8655681
5044346 8352406 8828985 577190 3071315 8398128 815258 6120587 3054024 9260088
5461229 7223151 1861535 221084 4201473 2025157 9565023 2492359 9421312 7553735
5746869 5901211 9071711 95376 614000 5569854 9117469 5666195 3415463 7546281
2726006 3812703 4375829 9979602 3939476 100806 9255714 601540 6640746 5047466
4601490 9186089 8056057 7370887 6652223 3033655 5720405 6350979 6216955 209008
7617257 2347624 9271965 916122 5958866 2009824 9636814 8629217 2488139 1685134
4416847 4818861 4417734 1053672 6017311 9239906 3791791 6842509 7451149 2097589
8047837 2728087 3720581 1767277 5857252 7913814 1888573 9530515 1124930 3583659
4709521 2427935 9195617 3913221 3851591 6091927 2851317 644913 4176948 3550162
8870505 8860618 1077652 4487235 5698378 7983179 2812455 6933501 2355237 440683
1210206 4000250 8870930 3612632 7731849 8212980 4081010 8928383 9368821 7218518
6927854 9261478 9612559 3681618 715765 1320248 8916999 8010828 3988022 4268393
7536098 8661187 8248130 621668 5935125 980834 5504072 8310214 2071885 4606672
9164622 9043970 9724726 2410290 1537705 337192 8402889 7160849 7713881 569243
6811848 6655039 5135917 2255623 374970 1648698 1177132 5869738 2219060 5338460
841646 6880616 1506893 9132131 7731572 655632 190385 5695628 1539535 8360250
7368690 4243967 4334510 2034251 4875557 2320584 7917014 2865657 554833 6148301
2253811 7713762 9971415 7000440 8385833 4970182 2566598 1583502 1261285 8574713
4489143 4707247 9096694 635650 6685305 5802913 1222793 3007898 8972479 6774812
6828564 7132808 3926199 2180281 8722955 9369894 5263676 5954396 4788625 1737810
4681004 629360 3229254 3268706 4472427 7913384 589525 1507684 5523331 6285836
7949985 6408529 4237917 5666922 6979136 9422573 5128114 720044 7438372 2262316
778157 8397445 1485723 1060733 8763727 3953250 5567007 9239178 2152860 6761727
3620195 4203459 8375586 3498475 6240854 1553497 4697938 6866017 5410276 9779655
5909460 6621890 15975 5587480 3806961 3685855 702553 4573568 6556702 1398724
2814625 4118918 5179263 317110 2636727 1013063 6440557 7582371 605137 6928254
3656251 2525485 251033 2562047 3981210 6342600 2826660 2489647 5736055 1130896
6334070 5726131 2480689 9708999 4895276 9255793 6948155 3343073 1850940 2281482
3266878 1398609 963021 9334392 2632819 9821466 5585023 6901893 5974372 2810283
5790039 7757456 4927384 8800853 5751813 8807982 5300896 5221288 3265829 377559
5498128 3798845 1985986 1413883 5742894 9567828 9516090 2967567 3892502 4527501
602042 7969720 7950760 1558837 1031328 8357475 8686989 7848696 9262992 9242109
156076 520300 9770505 236168 5648947 4003510 3012867 9288937 207681 4861145
476052 9696458 4157332 7878360 5952752 7520389 9828757 8203527 81177 5638295
6061367 2434164 6968325 1031652 7586271 57212 8136284 6041875 3066731 3851154
5552143 644099 6620594 167027 5533384 3457505 3320983 2612416 2354070 8315041
2899550 4047303 6673056 2809956 3660287 5389333 4243595 8771805 4904391 6273937
7406712 7074954 2657562 9142396 4416665 2930339 1001598 3000494 5945120 937778
5058128 3719951 1238276 140461 5371179 3605383 3345006 7097730 6253867 6107911
5591972 6458633 2248727 2219703 3040287 64791 3681562 2659598 2500899 9737629
4023744 3926492 5053868 5941972 5918981 1333816 9284114 1776981 722704 7178779
4535644 5889099 592309 3971283 6566027 9674377 3995771 1380256 2347392 3116023
6161879 1992676 694620 8841317 439241 2009537 4350669 5659832 7381056 6529085
629947 6290493 7212976 167948 3597656 6613533 396032 1146974 9906872 9878213
8156634 7189669 6202726 9495078 4775101 4822102 2920061 8975884 4425071 3689878
4619023 6182449 2440299 6704314 5474089 2855312 5836998 3105652 1988675 8692425
3860769 4561680 4290090 8941484 8494201 9825757 9286440 9382187 7148540 7484011
663046 2380808 9057000 853867 2775156 8128882 1352107 4475399 6228158 6439564
7327616 4933973 9400534 9147993 597004 1380341 8577205 4798780 6320374 6689067
3863002 5731939 9937986 9474159 8407544 7320678 1991804 9462409 7812367 248822
6373534 9281447 4567537 3709013 8233076 6305202 1955541 8231507 5082648 118929
2337005 3465520 3262123 5478713 9983182 795463 2508082 5623578 4031148 3609438
3022550 2493244 8742150 4878012 3007060 4878062 3663571 8237887 3324590 5766329
3934482 8185198 4699483 4020752 7348858 361398 5908250 6824804 2397880 9200436
2987194 2978323 9641093 6700710 8485689 8302448 3302016 913619 7115087 7034882
2953066 4104060 7465037 5167932 428094 3079338 225229 9922830 9526567 287432
4694487 9637656 3834846 3123215 3807178 5687568 2020437 6445564 2792739 5857245
852060 9873287 9788442 1472846 6162927 3560228 198973 6915254 3879721 1377164
5005182 7742450 7458526 8776201 1253516 5075819 9289785 2911359 1403741 7661720
7052615 690140 5109340 2926602 5982501 4083054 7943459 808036 6033932 4057903
385023 3415633 7595698 9560396 9142878 5775221 7911659 3079036 7878218 7888224
8940067 3410306 9876453 1878684 2643333 9524007 8831752 7137413 2231778 2921457
1143237 6385146 9715882 7608102 9419572 4676118 5711280 3559749 9251689 4100591
6396360 3980571 8814125 3236058 6410659 8711974 3118100 7208124 8121800 607315
8395565 4020851 3425946 7360802 3557617 2115346 8460732 7636481 1945830 4009349
4718110 4408067 6638436 9574655 9182803 1477571 1055124 7755655 8954420 7361611
6864992 7649239 9423150 6603575 9641680 2232286 2982293 8477119 9203373 4986790
8445433 3740970 61873 4781011 57586 288944 5205210 7119265 1009284 2400445
8161903 693797 7744264 5745552 4000720 2646655 7806724 2296036 8126716 5327188
6647069 662644 7780218 5260794 3432006 2605824 6840792 5655701 3731258 8418673
9881068 3645446 4839029 8746499 3482755 9744955 9649154 9275059 1169318 5014789
9202153 6143861 7014248 3063623 9632884 7442244 222011 2312924 4073980 2355160
491590 4390643 6256073 9965653 5688216 3879559 7012173 5203197 6745872 5128369
3969820 2714406 2696833 9952314 9443770 220034 6901260 4690061 2292272 4222101
1182901 6981208 5758888 172657 8799849 4509528 7519076 368083 6039680 1357199
7203450 1818683 6633456 3893110 2413110 2380932 4593267 1541396 8975093 8450617
3137936 8977875 9511501 1094982 5881838 6256440 5914984 8845814 3170110 6241656
7894825 1965309 9505387 2909797 8557642 7608410 8123934 7637908 6062771 4743551
3901292 8815478 9134426 7017472 3767238 1854782 3144695 8882412 4715396 7049393
3029875 3380457 8885040 4636741 4875284 3535224 3778310 1997810 1956921 5988691
2145925 4415567 8016186 5268671 2837461 7849170 498638 5427758 4003070 2608647
436433 7140802 49025 8575884 662628 8525173 3172575 7981195 6578366 1445623
6002863 592141 7731233 9124892 939234 1019604 2776579 8008843 4577042 1729360
1235466 5427415 1272609 8888851 7171050 4070871 3384290 5767237 1995420 6296391
398515 6218234 8183950 5461973 5021866 7001153 9403123 6678409 6254188 3349787
6239050 8989891 6109735 2237158 1914887 7817326 380084 4514026 8219012 1336155
6508319 6873456 3402536 304628 8746115 770647 1418177 3839474 8703023 4839934
3827357 1427144 518838 8240684 8710571 8289733 2960180 598832 7653686 9334903
7163004 845856 4137122 5469959 9370184 650085 1129408 7114266 5551282 9664765
9870544 8998227 8826712 5736339 2070350 5211909 2158468 4541920 8597695 7441839
5213081 2552985 9714231 7748253 1876500 1410447 327816 6436492 8086561 5646333
5208581 3190216 906066 6885315 8635997 2747936 5208994 2176645 6145806 2491445
8446780 3854068 8735262 3863180 9440131 6214893 672200 6016876 9452820 3092975
3067190 1123585 852868 3235399 4399110 5922912 8962272 4237812 58081 311307
4163180 5780741 5126170 8743825 2683113 3730380 7989132 9038280 5803940 3855727
4797409 7293116 4451125 253400 6373716 1641031 4175887 1080925 8126297 6176234
1234151 8611977 4483140 6116642 1293546 6615247 2701642 1826729 8850284 9666906
5290140 2113424 5440132 4339641 5310789 4480444 7197470 6586192 4347633 2650116
3191424 2206374 4844399 8220508 6977082 3262110 39008 1212001 1131554 5342892
7093471 6216709 2819020 1392716 1393454 5367023 9425341 7759709 1020249 2963731
1046495 4277809 1903955 9064890 9121474 5698309 8843580 3439357 7000915 3227947
9724437 1020953 7864949 5120976 1709991 9413236 280461 5569000 9852219 8248080
2160181 9582908 5862755 2759378 1444993 9774249 8944626 1236097 5612143 5410947
3380467 1666890 7809694 3266454 5593748 7629851 1941501 8442373 542059 5478231
1649284 1180434 7679651 5647908 4269258 9205658 9504219 399103 2277614 3450797
6656303 4189904 9913743 9333318 6846167 1794852 42490 8500613 8491163 9579
2707578 7412503 1949829 8123341 449333 8838837 4843627 2194931 3356536 833595
8209227 1011642 7992108 8810047 9335929 7387261 2764638 8967595 4831489 6259756
3574212 7930891 7094675 7894173 6920145 7878666 6228658 2643744 8335968 7417350
3770998 817131 1138268 6968394 4395096 9635462 6913676 4765857 611810 946694
272642 2851524 396016 3343684 1518886 2056453 5815267 2445 3622984 4868881
8900311 9080235 3984459 3129923 2650726 6222587 3701560 8235362 2578755 4335703
8406470 1702782 3782829 8259016 6670333 6331369 8824245 5527483 1441320 7936294
9472925 7583600 2358050 3486709 7513864 8643552 6937475 5295417 8060078 9529997
6994728 6287587 1199879 856834 3608197 5642797 1340246 5913742 7070358 6270251
5294561 5249361 252923 7331757 5237726 4284944 1696725 271471 6812164 1803170
3862710 8431244 3100657 8973901 3726713 9691948 6518397 2808908 1659371 2487814
9909736 4032284 8359646 4203937 9792918 2089213 4370988 6244670 7463821 5688693
436150 6572598 3756505 4953814 5692440 6317440 6118405 7983168 6344555 687680
9121883 3260361 8087253 9109357 2653861 1702200 3566426 7516287 3771755 4139913
1266844 6771787 3685557 6484792 7964569 7689493 2303763 4325658 8410761 2843881
2073767 8518814 531199 8132853 6950933 6247913 3672264 4705523 3391454 4469965
3034559 8189503 1186311 9928907 8292036 1887696 1674659 6259614 1932272 6068814
8986857 6398118 536147 879668 7012777 7372506 2239817 8278148 658074 8836762
4478773 325076 7655286 3553810 9946194 2669884 1868599 8132707 5783996 7859929
1388484 1536055 6013414 4453785 4423370 6089663 6780806 6845009 6478054 3848979
4409587 8323471 796217 9372977 6478618 7459541 3760089 9948005 9577421 2084577
9838704 2207749 6008238 5786636 2495525 9301513 479774 2188262 2982880 8235105
1558467 3122988 5942516 8982155 1619736 7681620 3074000 7088054 9894212 1958258
3070417 5376074 3971787 7380847 3086284 3491511 7878003 1321386 7719606 2261950
521732 9490440 9174183 6185517 8335619 9949704 5375197 8487041 9296382 1649902
127473 5607766 3871831 3209337 421409 7893278 1998286 8363326 3170263 5406123
5531264 6903665 3376543 4054044 3518921 1023042 343506 4585762 3074234 737960
2006137 1076137 6610633 1720967 2766167 3398357 6673443 5665448 3656781 476058
8598879 7076989 6475456 9942497 856144 6049404 669609 9742839 784489 9790828
8716409 3593644 6250617 899955 2988838 495025 2580510 5197740 5483907 2702142
9382331 3032725 2184130 6791678 7509626 4577617 6871415 4254989 75350 1063475
8351618 1613854 8274674 371663 197886 6359149 2229501 6856008 4012092 699942
5179779 5006990 2857257 5767054 5904047 5073580 6079115 3961651 7585899 8099306
6599291 3827136 8006402 8929448 105191 1749484 798892 6108007 4703948 7431924
1793809 7932776 2130149 9788192 8942217 3565141 1802512 8760654 4923984 7096889
586965 7314932 4724499 4977156 51645 7378173 9415671 2641423 3107453 7123341
3175951 2742611 9024327 231810 6403173 9434148 7092856 6975848 1607521 7480234
7023618 4493248 5207988 3599778 3723193 4814659 4351333 6932673 3745889 2243203
4925014 6057836 4166839 7341536 1517638 373481 912137 182856 7905544 1204554
7796894 8394830 5623396 6185628 7928269 5956101 5756702 9542151 7386026 6202027
9444262 6204440 8178341 3418311 4391957 1546993 1245237 875969 7042890 9475161
3541234 2828367 6016045 8002848 6362212 4449301 6611670 213456 7025988 5022305
2197434 4092630 7145421 5905494 2934969 2613245 7767616 1327159 6042188 4599598
5054394 2342020 7660228 4864617 6108001 564677 4684246 7221898 6234321 8244166
9554267 3129972 1449573 1227947 7469683 9307439 333490 339438 3087311 7759947
5193527 5365954 9359992 3059598 2253067 5359690 9410055 8061479 6441109 9185413
7807483 8345750 2991767 9277809 3376037 1123627 7168659 3432370 748790 6605144
2989892 9791642 5889023 9382762 754605 1564790 5784273 9750011 7396413 9546475
5651769 2623772 4734385 5639618 7820020 2596212 4443517 8591744 2080259 2095408
9396717 8421030 4644389 8766737 3690943 7986282 3919085 271308 6788844 9968645
509590 4524276 7931519 3009725 6840837 177132 813889 635990 3089006 9940215
2865506 6633158 4535144 5378307 6536742 9717577 3189371 2537261 5134888 4936883
6465772 5777067 4443271 1240520 910814 5075777 8906387 8398424 4027867 6987471
7272955 3301709 5657971 6830926 8969089 6390655 5177500 9299258 1712654 3334784
1752639 3044330 1784561 7764499 9604500 1305505 4035808 2355266 6891282 6707672
5495569 3106781 7062940 7425784 6730028 1874663 999056 3447453 8473580 4400678
4708177 6265622 2925669 1074608 5214448 4210312 9273487 8951640 3252785 4605157
7623138 3202335 631234 8174176 856339 7804847 4166044 4512353 4310361 5052798
736424 6419889 9876441 4514399 5289311 4475635 2933018 7416561 4508772 3369451
7190235 2792269 3427429 1557721 3340548 1699104 5216848 2825000 2547011 5950636
6472270 750768 1151784 33458 8683001 5388795 2026192 5860712 8378755 8849866
1580106 3293765 8768772 4365607 6073501 3362950 7133429 1120051 142197 8990427
5362643 5177191 1696164 6980307 5654893 6035392 3766147 8330071 2270601 7723086
7111706 3037963 7787736 613004 714083 2660488 3633383 7517806 3387180 2506669
8581383 7968928 3636691 4773556 8182143 6481025 2697723 9782968 7212679 1226286
2085948 7131331 6348524 8855449 4517433 6472110 2501026 3748740 1403586 6314583
515006 7103785 541109 8432395 9041358 9786407 4479300 1029584 8046006 9425887
5578174 4592375 378555 4611793 2047641 835780 6536815 3906613 8973455 4264561
5835318 7313385 9201729 4852686 2289504 7885428 8947354 4898755 1892644 4753103
702599 2161474 5813410 5285591 2851481 8430297 5294504 9269810 7866193 1371980
2631515 3754309 4068499 7473967 1517009 4432142 8683689 6481802 4250268 1445996
6433330 4260301 2485055 8445159 2918537 3850960 837838 6870168 4728973 4921483
5469284 1779165 9343126 3939262 929045 663550 2258386 7902170 9215679 6374107
650367 6669889 2458351 592811 2557158 6634080 4396794 3959754 9826092 3087542
7055395 6125660 1769234 5897134 6429437 6512723 9719806 7369264 4860666 1590474
8457571 801792 19925 4416583 4598186 5233754 1218907 9209264 4708173 614126
9823742 4018403 7480101 502873 1901201 5568168 7232161 7659978 1708105 1882532
5391078 4463423 2584623 8983257 8023867 2746819 1993931 1039714 4532664 6621511
5124316 4731472 7532687 7271768 4462155 8221812 9381285 2014121 5550614 5958126
186454 8519486 9560150 5204946 7976397 7470643 4520825 2362041 1800129 8649523
9435197 562149 5617338 4045740 653032 6013857 184932 6063816 2616 3068376
3372799 2434424 5391932 4950944 1647141 3872117 2519538 8808216 8552932 1829512
8862783 213666 255266 7906018 6331621 7015631 3438578 7772520 980702 4839537
9478271 2966197 4523961 6071023 5804605 3127446 8635872 3541713 2143032 1561492
5223159 6324476 4722373 8432269 152892 920055 5937907 8870534 8339586 965066
9655537 2690073 6866333 2079458 1326987 4127187 9955352 880976 654974 7256662
4365330 1414925 3647531 4328104 3163544 1075659 6910040 7041004 8780110 4600613
8826234 8030093 5552718 9153771 5556899 8199423 5640496 2096651 3124939 1569439
6199579 87730 7144377 2359853 516002 5335850 7604357 8206431 7030003 7027333
2105449 5221709 9917854 5677512 7671735 9837855 796569 6882392 2085950 6939563
5397838 9629413 8045815 3089684 9030995 2068028 6225623 9981044 9194410 7235973
8838207 7401651 1001730 9842388 846025 6601984 8043711 4541688 8457092 8391260
7416768 6561898 3467168 4509300 5227478 2726968 8736159 7958529 3838670 3490859
5228988 8998550 9990132 9593051 9474542 9694549 2999827 3295583 3621476 4174952
7318819 8837362 5591709 7476571 854290 1754035 5577006 3367754 4814306 8923893
9521047 4616550 9613835 4378577 5363369 3740293 3964191 6971765 1099786 4489988
9968116 8759625 4650315 488544 1739086 5464707 6550979 6619967 6748595 8400517
5153527 101809 3490887 453850 5003727 8623305 7166331 9149273 2659949 6066617
7312578 1725312 3819381 2819527 5953186 2081666 7307852 8765338 4516199 3885152
1926317 6750394 1242875 8259231 4773578 4080972 8092864 347272 9484478 5251106
6102656 1939895 6213566 2388561 9229834 8885048 991895 8990872 3911700 4276055
2328161 9939106 9851205 634077 8265708 3451414 8409658 6362379 6844282 9921169
1848734 6132985 7110577 7118047 2082041 5403733 3598792 6730178 5850662 3621406
716637 962218 2645331 8387641 3130349 8460856 813605 1532695 3928453 1024667
3846792 2629389 631115 7266262 5027040 9028408 5681968 942833 1432605 6875264
5257213 2129464 3376854 6104306 2998698 5385588 6611629 269467 8047673 5589843
6730893 529878 7786810 9026193 318053 2976825 4015919 9238799 7296733 3672784
1177994 709023 3972451 594519 1882922 790375 4254679 8730714 6449569 924916
1877715 3555591 2121031 803919 9918659 3015735 2480998 8065009 6021268 1543049
8598331 1206333 8874919 7134945 5141762 9058777 2175522 1256892 5436998 3454828
5674255 3549106 2289014 3275915 8232001 8481818 6161910 6263345 609790 2578186
900993 198719 5124809 8415928 1456658 6668677 9302604 4320359 3877437 6167098
6162033 2654346 6564981 2636805 8180320 1019942 4400809 1579529 7869151 4911088
9878440 7857526 5795006 9109701 6225367 5757142 2791523 261988 9696772 8625021
5090034 8089767 6533370 7740982 222988 6728292 3266769 893985 4121192 9506251
812533 638289 6340444 3594679 948133 7664403 197939 2903668 4116937 1610763
2890026 1794197 6454789 1310911 5243484 9803105 6427755 1565659 2459979 4318447
6338483 3431989 7457688 8319545 807442 8379025 4187271 8475436 5950171 1435594
8293223 816454 2049764 2792694 275622 7111516 5650062 1643249 8803881 9097562
9771498 2687050 803231 4191555 4660705 7166470 665135 5370164 4529319 2056203
1521714 6463393 8994362 1929816 3821577 8690881 2315117 6015969 2424452 4226249
2079623 1411808 6922580 3687861 4183199 5870465 4689299 2655163 7917778 1109433
48557 6304821 3294935 1791453 4331320 3275664 6870321 9892219 4723006 2558501
5814726 7430849 4659088 3522652 7184813 7820355 9181495 8070744 5076670 3234748
5380562 4939372 4755832 8579271 7595324 736833 4969787 5352071 7871493 6505286
5783567 7489692 190789 2446597 7072394 5252278 7733847 742695 8281514 9239288
9192996 5257197 4166801 6292649 9581983 2191329 7730746 3217493 8818904 9229818
558337 3087607 3568932 7998493 2369673 1655548 566437 2690641 7461805 9336777
7751593 9255029 2354891 2566297 3525462 1596654 4996006 3002252 6399090 9156547
1649821 9619253 9374250 7995607 5858920 6732030 6784096 2996812 4369651 9381057
1691582 8951508 8786147 2379072 5902829 6968954 4322292 901509 3027603 3933111
57542 6424929 8733673 2171891 4337228 2603418 9356624 2257382 6460028 7105633
4137577 6108001 836882 7333276 1169100 2205256 639835 8065947 6838646 141622
5181185 9337175 5137839 4395640 2505435 942775 9461651 8639663 6031600 7530962
8232016 4809009 9715484 8182006 4262946 7913886 5690139 4559353 4448563 8319242
8453416 1077433 9851354 5088756 9478029 7390177 6014232 8242699 6889082 5247203
3015725 8910112 1686341 2420058 9194058 9896309 2750244 435682 5827891 5740530
8746475 4985616 634463 9856627 6957492 3900432 7565304 7191477 4158898 5688318
8435953 7488778 2602462 9009157 408584 995547 390374 9106513 5233340 6489256
3400349 516786 5319665 9338755 1708827 9254186 4681837 7459973 1764886 7054034
7218579 1945547 9297786 1686103 9219383 9610449 8785268 99718 5710035 3521282
2802307 2174118 3669270 1470247 1855018 7767162 97049 1590364 7662317 7466340
9939998 151350 2362324 8764060 1527311 2727548 683099 4294328 8246933 4145891
873551 2676433 6404609 2747840 8012180 9135898 226030 7797684 5223219 4082579
1569037 481784 5675547 7886795 973121 8928351 5911389 1219236 7727784 8930206
8340203 5168547 2027150 3871663 3190049 2635037 1384685 6637125 7493869 7738477
8965303 4796680 4603181 4477670 5880655 8732817 2432129 5811064 3773374 1400567
7864541 125346 9983979 1477161 862443 3952221 5644565 2563218 7630309 1689644
7741859 4814653 524278 1053693 2075844 1575024 3829177 2579768 6851125 2406424
2542603 1445113 6272443 4803963 4339522 6550611 6676458 2045267 8312848 5922233
8182762 9362936 9724258 1267648 3781354 5033173 2137020 8350505 2764774 4166238
5927523 5366595 4066922 8431415 9773615 3015035 6535203 2728913 6032761 574342
5954800 1344839 7562184 4336099 5581469 9394989 8650155 7709594 9928561 1760600
5296422 6460459 9252742 6256789 4686652 7385304 8263468 1134032 6036029 169343
3991168 7672793 3736906 2923256 1839694 2900713 4566172 3982781 5647577 9907819
8046373 6127076 4309429 936769 1002756 885017 8346620 2376847 894092 1502079
4196993 3437252 7694279 3355974 3211678 9608240 8478074 9383227 6746150 9443425
7425178 45390 7478597 3769682 2390199 9905112 6027964 7273505 1370382 8568221
9907347 3124011 3265957 6047794 899816 1333321 5005654 182051 8807963 8868348
6941093 9606626 8007324 7098752 6660490 9794078 4425837 7360589 9025816 2350627
1387300 40736 7326186 3598615 1890564 5213372 5852074 152517 8500918 9947771
634908 2456846 1124972 7380405 2921139 8538257 5342983 3309823 9545188 644987
9327946 9801743 415249 8130117 6086340 5110604 8158396 1559550 1748324 6064016
7975394 152830 4569441 409619 9193564 9244643 7331335 120311 9244536 1612932
4072972 9099661 4405677 1907858 3146015 2282058 4794386 3365230 7248394 9732621
8284521 8103922 6159894 4036601 1516566 5807619 8435351 8121709 1068040 4534250
9149526 2068566 5097273 913262 2276820 1639289 9127954 3058484 796493 2146754
9983886 5893729 7241500 6921663 6955139 6660555 4488764 7083968 1059943 9901250
5100836 2394595 5814369 2665139 4211903 6502168 7841471 56842 2950954 2036421
1572094 7054216 5874625 7879071 1276514 2705265 1109249 3710168 3232680 8810532
5409032 9550771 3856660 804473 7938036 4644253 7640536 9387283 2493713 2739886
6735741 9375648 5349668 3435464 7528219 1807063 3509422 3965936 557158 6668409
4834957 7030815 3745810 3319326 3566875 9913643 7788919 208922 7449773 2787371
8024235 6849062 9207366 6111897 6144368 6941482 9024703 5027553 221462 8899555
6520028 1997273 4784079 7987162 1372588 9361478 3597481 3650921 6627799 1926321
8270811 558806 2229866 9672896 930040 9282305 1952885 8351668 5101939 3587165
6280862 415987 6590615 795153 2349771 2448751 2381933 7510818 5588667 2947819
1779444 5430837 1501987 908276 10447 3748319 2349812 1730313 3338792 7096705
8665447 4959888 1273031 1173052 2365265 2871925 764195 3166219 3486204 4235865
7198664 8748461 9894274 5442472 2857657 9726008 6127900 4755276 3083018 7610538
9808274 1667870 2819677 3269152 8931239 8141464 206717 1026818 5379766 6877156
9593247 4892980 3119162 2702510 8460586 5752948 5504187 7170330 3716180 751409
9907546 7193089 3240876 4118615 5469087 2271231 7797363 6523497 4054996 8436479
8675406 2867700 2247510 4451935 816525 1967498 7820803 3917909 1347086 6611498
5082168 2912061 4752062 5688837 8580157 5126637 2456088 1210596 6508146 2460344
9647425 8802589 229141 8786849 8246199 7249224 8158901 6802184 1844869 8702728
5537448 9505143 7422632 2389399 9312168 4560263 8891039 7997604 9255468 5727794
3312221 6026505 2893101 676366 214044 3238018 6773833 1127148 4880551 4384880
9646376 511464 1609907 9988396 4477698 1516091 7206677 2789037 6268777 3019213
4928820 9692768 5389340 5199657 2246405 4973635 4541038 8374222 263100 9012114
8590116 6923214 3557669 3059770 7381886 2865368 5602702 8718860 4559549 6367144
2302197 8793997 6716229 460722 2264233 7102535 1810312 6000081 2549665 2745469
8909863 9818042 8508735 292546 8977163 5589936 6190930 6021705 1415277 5942282
9271541 8706173 9173613 5984851 48067 3937047 4362782 4175967 1243522 3129389
1668611 8486831 5516122 1182480 3830440 6203613 5160688 4285887 3233654 458853
6895248 6368200 2044538 734374 7355976 2502462 7379033 2328631 2261237 3215181
6880384 6019359 799680 5993741 9566322 585050 8869436 6912410 5388378 9382359
9774292 901534 3823100 4903380 6647337 5808548 7705785 302441 2963887 3368317
9679566 3565353 6195291 8332853 8136735 5909837 3045443 8150853 6616483 1136737
4539236 7336532 2796900 9028742 1967091 9634354 1710068 1849226 8238220 2882642
3461147 3654010 1462455 5317465 7777071 8246025 5020387 2874282 1497162 3467235
9022078 1148021 9222258 2698101 3956628 2943485 778521 762118 9225516 9061106
9566950 9751674 8026984 3772123 8213137 1981807 4426275 4552120 6265834 2358640
7321106 9957010 7688539 2967064 5009854 9393051 6431446 5338536 1456000 5601887
5197605 8706085 9214577 4359692 4479559 6930414 7286667 3370613 5867908 2672378
2752484 8518046 4046717 1932692 2943903 6363298 3539333 9310788 671118 9547835
3616288 7377469 9832904 5441332 2207954 9927582 2979138 2138611 378103 908508
177444 4941319 6560847 5239557 7494515 2379504 5778438 7787868 1953634 1834644
9063861 9738777 1001398 8473512 1240202 9828222 5462525 6977615 1688649 4496666
7381398 5158025 6426561 3603848 3774493 9930821 3622943 5549987 6209316 6067183
8923368 2254308 639552 9565194 5240614 8450854 1304232 8385586 4745476 6907761
7233909 6711784 2882531 4561015 3542516 5956089 7291600 4635189 7260692 9106242
561508 5376451 5522638 5177048 4501548 6078472 584570 5849869 1569978 2969125
7305443 2940256 4978084 7860344 7401829 2554600 2683444 6038446 7275089 8006173
2554700 7130184 3731265 2704278 1104490 9031369 635829 1049542 692784 4024209
9311242 8756346 9484654 5426565 7378143 8532335 7282167 5464394 2710918 5543252
3824092 3568597 3464863 4417571 5440123 9329178 7808206 9028383 7998468 3910231
6906505 2873509 6948556 9146878 1831582 7698316 7546075 6216511 7086197 1368168
1533619 6531171 6410683 6232930 3494977 4487118 1224823 5797377 3708642 4071640
7995273 980145 696428 8931743 1254948 5595883 5117784 2119747 1920240 5907105
9238774 6953143 5369473 7881590 9871796 943902 6796584 5757898 9666332 7408471
2290297 6188738 9398877 9784985 2300787 1430595 7683088 9520803 5822566 5919943
6696185 1317353 3782484 7657691 9387688 5254737 673026 1330940 6570732 825726
9408925 6188154 139720 5642613 2005041 8000477 488778 7930294 4110645 3867932
4919420 553828 2111953 3018770 3697033 8266214 8844083 462095 2288127 503914
4719414 2311196 5801435 5665862 4995276 9770453 7129459 306721 736848 3925197
4419572 4565536 7106244 2667072 7389457 5317329 304750 6858594 230248 7545466
4868709 2604806 4679543 619332 7867037 74745 6147117 181760 8276592 7732644
1532276 3617583 4827817 1236113 675181 4551547 3743158 2397686 6584189 5834011
6936614 9188952 2948774 6067771 7785311 6978919 8568653 6381339 8444063 9919989
6542466 9478772 6565938 9044126 9827674 849953 5392853 287426 7720256 6182214
1699579 3557406 9610497 4577385 217950 8958402 9105249 204123 1800123 4154628
1842222 1156869 7592616 9109231 5868551 9425897 4452374 9636524 7597016 7487665
2092900 8039556 4695341 4062925 7130348 1793475 862444 5797954 4367719 9771629
3080721 6131617 9980925 3900656 5262376 6653609 7259419 3360119 9579770 1795498
5078962 1840771 7438664 6710284 344283 8103476 6220083 4331942 6311585 5975498
1865725 4561296 599593 8174117 4157380 8358635 109939 7371260 7465539 372860
4977681 5882290 2585238 3989637 8308847 9685718 5212342 6160398 2655496 4076080
2142709 1830424 7759493 8834248 7968969 4960593 3655642 8398867 6412374 837853
4933860 4018824 759838 3782383 5298366 5615164 4920993 3880981 6555337 2161197
6111673 7874165 3828333 4463261 1031951 1695807 9635680 5450925 2543237 6765067
2653096 4771432 9396692 4904031 338906 1941386 458963 3517679 2088619 1074946
6282914 5738166 5323178 6215494 2265892 7984703 2152432 8721356 8567350 5095610
3117547 1797125 31608 4053918 5318508 2855533 5120929 39693 538086 3632914
9636228 3783911 5046018 8903352 1780673 4042040 2036226 6621367 3393166 7322475
8758812 7662228 8068843 1143603 1532734 2384829 8519985 5586246 5519429 7453276
7350107 5684909 8426813 5421926 8476039 8228016 4388717 887457 9216111 7256194
9934320 6705165 6421739 8293877 6576854 6121707 2000470 7497700 6040813 543514
5203034 8774321 3121118 6489190 850490 7061858 7378511 2781489 9098768 9546871
470713 7504472 9705888 4650114 8266887 7309856 3610815 4766417 8244513 1513000
5506641 3063250 6581285 7855941 8850538 3077687 8191134 1070707 1086153 4254860
2661092 9420205 3973894 6307712 5418511 7116470 711083 9020878 7407556 2665296
199971 2379059 6921474 7662518 787717 8964918 6600263 318676 6750816 1324410
5893991 1227054 3610521 9253303 6356673 1318329 1349116 3593504 7466317 8917516
3366567 6798403 1324296 4666547 8592003 8502013 873011 7569905 6884277 1597334
3528675 6413887 1522179 8344824 8170073 9697198 2344273 3955354 390933 1749750
3716218 5931870 1876377 2475629 3206691 2859556 6820203 8815610 7850500 1517993
961523 3264763 4704196 8502346 30080 5626746 1033128 8065194 9078187 6381875
4830742 377057 4557306 1029062 7363778 8759560 7598396 5276364 1510320 1872426
9163140 7329531 8717651 6446711 2492753 7942125 3686306 494972 7203238 498540
2895653 1671473 4447517 9752541 1192076 5350822 7130849 2582532 1131160 5038978
5106759 9338840 7342374 2889287 4780359 7689975 8928629 9614036 8134596 4323214
169717 7677403 9581101 8481304 5223965 477731 3789486 165516 1326060 8318757
6914248 3673001 7725243 8883609 1873880 5566265 7665911 8322756 7089440 6216693
6336314 8536237 9724417 5497400 4717252 6999678 1840677 8652227 663969 2621949
5856541 2644218 1040562 8713809 3980558 1211818 5034179 845445 64688 5267358
3804618 9341412 8698584 8353362 8136803 4754756 3938221 56025 986163 9982641
1032252 4721994 256537 9279609 9171829 5579561 8290693 8877231 3942240 3224636
5540093 2194227 1567736 7955025 6484261 6458594 2613287 15521 2386826 9521541
5334284 9014501 3612068 1080621 7274631 3084869 9463144 1963620 6992916 9330651
9487694 9417322 3197998 5748309 7907668 6981703 9466555 6570352 3705444 946782
1693707 5262368 2996757 7440389 340704 3552474 4754544 9241637 5039285 2478917
6178429 2893384 5486757 50586 7889173 2173147 7534455 9762017 3892455 3655004
3759669 1605829 5578602 3320695 1412434 2775772 6014293 6521756 3728809 1749012
9396234 3363374 8613764 5525916 810880 6450033 4017411 3605567 3073269 1487354
1963966 3579280 779269 2989449 1245080 1695297 8549205 2250094 6919650 883643
4937460 8358523 8749732 7448923 1606890 9739664 7088577 569462 4828853 2055722
6028833 2026076 6355396 8439702 1430977 8347155 9412702 6511939 5747988 957380
1411007 3902230 3794088 9483921 2041156 3169265 8108042 1047747 5413973 1392862
5575703 3551581 1796749 6405884 852571 5411786 6524919 9185528 987056 3405280
9178037 3255505 5387813 3479530 573338 8191014 8420444 1025487 9287444 6870600
3893768 8314633 7208416 275862 9497924 7139947 3976668 2375880 1488505 6368052
7013125 4158775 4247279 6065948 1033204 264090 5955852 9449370 5953829 881252
1344931 2589076 6508136 5004509 3204232 8046560 7863455 459430 2824347 3853553
8820972 6207868 481843 2485495 4417315 76575 5490331 2959279 9437054 2677173
9473772 1699057 3500048 1033945 8683591 7277873 4278989 1491001 7374964 4916304
1100382 7825182 8905902 1792053 8233384 509264 8441903 7360313 8925102 241512
8133832 3993147 436966 3322184 2148139 7235396 7323507 5625592 8715012 5717354
5590814 2603850 4330288 9629306 7535744 7252790 4101809 3502574 7626462 7537703
9476408 2669922 103895 579225 9264865 9613778 2561972 1838426 4704608 5362840
3313129 6816459 6478241 5353329 5201435 8112747 1809994 9995516 422044 2101037
4320656 3763565 3684232 7365158 9134880 7274347 3904771 6788493 7861034 5738648
2374083 6316286 108772 6153686 5912897 219552 4301872 6060694 3841452 2790570
5968294 6212028 6518226 798332 7725345 5947905 1234575 9174101 7527223 6024779
9533468 6891557 906403 7331247 2224710 5437695 7430186 3222342 3690075 8711081
6631526 2759727 3208885 8805582 3528009 2699212 8789696 4511055 1153133 8620910
316582 4214429 2999366 5297673 1159168 6900647 7827008 6843110 5708827 4369934
4828219 7032955 1292784 1859211 4208853 4002595 5263314 4285281 4517298 6552072
3563286 3874413 4822834 5270722 1044504 85890 3453274 1357583 4370419 3305339
7381523 7618536 229361 8411398 8426718 8682050 4749372 5946943 9598520 8772200
7330058 5655519 8326454 7071116 5684098 7257178 7703340 7788845 8521577 3976914
9912196 960667 4396709 3640382 9263041 4637972 5875488 9428672 4881465 7820156
33046 926732 6439598 6297663 8949351 7825876 5934126 6171122 168267 2524049
2639670 9797130 1280514 3423139 9054320 7882820 3743879 4957010 5118496 8066738
8772605 5832445 8630504 2595950 81775 3263038 2622847 9726675 9375056 2599826
9186577 7672082 6586110 9221122 3001301 4470591 972962 6305247 5593789 9744169
5575013 8190694 3180338 9244047 9070092 8300626 9996694 5442500 2929433 9347631
8767961 7193834 5551285 2300025 1547994 6245038 2016947 8483526 3513450 5331202
9177346 2505216 4421290 5592503 5308214 3690945 1029165 4285354 3344862 6242156
9548729 7890799 3256674 8868181 4654629 1311583 6949157 5426134 8879183 2740326
5285843 1071942 3759008 1820570 2521526 2018780 9690911 6056870 9459903 4374161
4435088 6018472 3852634 1352934 3550175 8087745 4901135 1564994 5957806 5129309
9919368 5183127 2324035 862364 5703528 3338467 538007 8658957 7716127 5791895
3934965 3216889 9663067 4231930 9114380 4509836 701135 6538465 1132447 7274450
1215873 1133830 7954431 4938023 9198546 1162552 153487 5764585 1647344 5863000
1623277 57398 1334931 7416710 2821099 8715212 2885069 6943901 6715129 6493821
4741850 289139 9225561 6153758 9012800 4967326 3323387 3786869 8076980 4373561
9831458 9258441 9471001 39929 5384508 6562516 53498 6641268 2121243 2896174
7459728 8533764 9417075 1462589 9282418 898214 6462655 9083321 9189632 5607018
2872165 6180498 5558209 1436571 7694034 8914840 466637 3804200 4289367 6201055
6005477 8688925 5411781 573718 5716710 9365416 9995396 4610742 4455737 1757951
3870437 4359300 668237 7463407 5946844 3701096 18305 4273544 7278201 5494513
4113184 5425123 856876 3660071 1477086 7673565 4672839 524874 4548552 3693734
4653679 5955660 1728131 2402952 1387433 6520332 3367847 2456067 8117287 6566250
3637582 192647 629374 9805603 3073577 1478611 6826700 5132588 450846 4387139
3870727 4469294 4622754 2096313 9437329 3920215 1082685 3444948 8488277 2084790
4157209 5450038 7726027 5162094 6157996 8814276 6064165 7143374 6514701 8075799
7024692 5169097 7242172 4535109 5881336 6325235 3395636 3856933 8239635 795554
9054720 2239405 8992003 9991257 321750 2492519 9786872 3935196 7369105 5992452
7745238 7710689 6896633 7120128 1379599 1480325 4754791 9441130 9022044 7974535
6185357 8877218 1431870 840237 3337504 6659935 1451483 7522661 2085497 5029781
6539004 7184526 4278208 145344 2905006 8509078 7894285 7098661 5093186 1427907
2163062 1399219 7590581 8001555 3286080 4074216 4249546 5473039 1453145 4647805
5440898 7957198 1117103 579505 4371551 2212810 8076071 3867388 8826725 1575492
7564457 9664342 2729030 3653375 383564 318234 5567271 4779924 7999864 5848594
131986 3824612 2537813 4016233 9107966 2083884 6020009 5571912 5191155 8978958
230274 382958 9318395 9731923 847421 8173855 125462 8641368 8101826 2581646
8256894 1891410 8116349 152560 4505758 3190248 9242664 5477686 3727712 5574331
1352107 7340586 8784286 9300698 1672880 2560588 5382670 3446317 2830530 8520003
4869387 1924349 7142390 5692641 2575273 9406966 7474140 4189650 3974540 3795572
4054761 6637938 4085396 8079033 4430471 6725523 9420781 2997026 8811045 8628090
6090518 9992214 4685501 7066901 4732262 8801491 9324883 5884886 4603983 6186322
1030662 1972155 1823635 9658732 8969082 1632493 5368569 5914921 4473160 2265649
2315372 8552511 1823507 1766298 2192270 275811 6035029 3139158 5429124 3715694
7332055 9500773 6449416 4258145 1604022 2696039 5326826 3059930 4350429 3392869
5372682 5977149 6421988 3438337 7667505 2046554 2403990 70589 5806811 3374891
6239608 8669153 5310223 8258214 373424 6630066 9009431 3555511 8904137 4663438
1451388 5779700 9792577 9727378 7584479 9846775 7294252 4486033 974867 5429785
5829770 9792157 9129954 5787019 1800473 5290275 6267312 8301119 6573664 9709847
8678276 9600247 7729746 3369696 4630676 9441521 3640568 8546351 594504 5650413
7929445 5116173 4167011 6454713 4562637 2171908 8954629 2716303 4566977 8967360
4812717 4343831 9716420 3294579 7454923 8686772 3417471 5474986 5224670 2284319
7582786 3392231 3154054 9660661 9130840 6500785 7646937 7234462 19461 8622735
2912913 8925003 7850635 241000 6197195 9503192 8863856 7443832 9735498 8984060
5690154 7288279 3801547 8410863 7649461 6830195 4358722 3475705 7749397 179143
6430613 3188144 3098274 3590466 158856 8230563 6581258 2916321 672627 8482745
5932909 8496272 9597439 5263270 1419179 3791157 2267459 8612985 8883220 9866505
8734405 579537 3313714 4041287 3416855 748094 14765 2030917 8073697 154564
10790 7954722 1496439 5935677 6310869 4645421 3537001 153391 4085878 7980500
5481364 6186410 3991529 5226467 3165616 4564122 205558 8274562 6377687 34016
5548892 7504884 1924676 6777482 7840108 55830 2800845 6886737 3832176 9963468
3136906 2975800 7331788 8922042 1739692 6198592 2852456 1702019 8296505 5307745
7847886 6554373 2510192 9812884 6386191 6306195 6544730 5199265 6639422 1100461
3941234 1060017 5715628 2273563 8506316 6020761 9446879 1708282 944275 6915890
5371467 4453675 5374277 9750146 3493392 2047403 3174533 443033 8084169 6127616
4915286 1794493 8435781 9301970 6300892 835221 2120795 3580537 32691 3986980
8631051 499709 2898656 7469332 840574 4511581 4268530 4426137 7666060 417423
3903659 6231740 2521640 2042350 3973439 6241276 2671176 3760522 5820858 2803298
633801 8621226 1579202 7474688 6703211 1530395 8344104 7892998 5392141 9530351
3088573 1977262 457684 3820998 5046302 4498265 6705033 1801101 4841209 9426058
6725168 4837958 5379754 2943111 3758771 5865256 6525984 2016090 7039109 2791348
6138857 5153216 2354970 9082075 8025398 4552390 987902 3474801 3831950 4427010
8809609 2789367 9491009 4710342 2242394 6779698 2077775 9296153 1298207 9476267
3362792 2122361 1047047 6895231 4662671 6838382 6550912 9810361 2258320 5990714
3480295 3595675 8843749 5427012 8908031 501111 7457284 6700949 3454131 4024314
9194707 1105146 5523337 4613458 402892 4003612 9037321 7727131 668821 5132191
5298916 5944587 9666781 3396365 3054325 1037087 5748825 2620058 7216012 617865
8468037 5816659 6582558 6615235 7260845 3272615 7123423 2307172 5658281 5186555
8013914 2266804 6007714 2861526 2833097 7954259 1740318 3556904 1999410 673453
9909124 1030371 5206147 9200381 1134503 2014681 4670371 7624895 7684837 8696797
5829544 5406183 7069010 2502277 1447822 4025916 6191237 5957955 3918137 1411527
6808494 3644863 3759432 6055440 6248717 7927349 2707034 5826456 7744947 6340047
8355194 724949 2936735 6399755 3303984 2171392 4129343 8703558 3343056 5557870
1821203 1333097 7603652 8347770 5331421 3724162 4104827 1380685 3237317 2263916
9794592 9668226 696334 9760438 7400396 9425898 571295 9720322 6223536 6531688
3746440 5962728 8518508 4175837 942066 8355987 6570236 3740132 3739471 1347049
2649973 7030007 9264523 8200295 1557463 5656881 5361395 4648807 9315966 5914085
7515638 8275252 3181383 3715056 5677293 4233828 9749291 511075 8861670 9345615
7180577 9127932 2838302 1957544 7336176 996663 5283598 1571228 7067984 2423783
4503640 4896752 9482960 2297264 4621087 9065909 185203 4656669 7922320 1828160
9498412 5255204 8013612 5750025 6902252 3328408 7191476 8023604 6874381 371911
3501557 2439769 254762 2043918 4774583 3959574 1023827 582293 7105843 6673531
5271380 2300111 6045471 6289838 8204930 1265228 9092823 8278674 9498778 8592566
2729780 6111237 5273684 2853822 2656764 11609 5042091 7862200 8726776 3890588
6260921 5735229 4371311 9083972 4813322 3781389 4053492 2720263 2553620 3689219
7657236 2211576 9673403 8902497 9489604 4667445 5683119 4827819 9431190 8533619
5946046 3079574 7207007 4903552 5025796 7697375 2903065 9270209 7234683 7190129
7480758 8727315 7763912 4536771 5369744 3005887 8176294 3096511 8778616 1713643
3885367 6075336 6564538 3597814 9452169 6340549 8529096 2739514 9460066 8499095
6244325 2866819 8993868 2178652 3744058 9243553 6164816 6016792 2772437 6274077
5738278 1371274 6619688 3639188 8126579 9500319 1266209 981701 2064811 7009303
2757274 4367289 2480781 2108002 7140260 9011386 7462386 2421769 1584080 539757
9904796 5452809 5462976 9977332 8755728 6160254 365384 9679697 3395835 6979405
8991635 3328436 689512 6173772 7016458 5843914 6527117 567960 9274810 9386334
6720869 7645218 2005020 4421713 8337171 1341784 1155799 9490921 5659783 2962393
360347 4019771 985276 6466876 7905133 6116266 3562246 1138787 5750685 7767074
5064583 5412528 8838186 5639763 1903155 8003565 3176369 1807399 9251420 5433856
2918736 4951405 7421108 1164511 4965846 8867450 7033510 5511770 2743904 2379850
5295835 8630996 1191634 164105 5431191 5931878 2621556 9463284 4260970 1410037
3802391 5444160 2434165 492879 8632548 8619115 7344703 5210365 9987843 9154283
9483724 9898079 8036332 8241003 4459551 1738069 8347219 4305645 423854 8163132
8584659 8282372 1064113 2829665 8865095 788714 2131225 6485994 5273758 1583285
8122350 8463276 4573628 5313571 7423100 5245877 2290024 9476045 4940276 2891117
5493212 8529774 6645983 704797 1724496 2981470 1104264 5741626 8135507 6818221
4358432 1513579 1038744 6670889 4543535 3819770 1054615 7862800 9547786 6387434
6268575 9301340 3595545 9674676 4076079 6147687 430276 2245867 4972300 7878989
1088939 3537481 8968822 7679785 904738 3356553 7485288 4161820 4845181 8073600
1689806 8455860 5461942 5857700 8149259 8075686 466889 7516367 2019226 3800448
9213869 7770728 103472 5050238 8275014 445270 2304462 2967651 3652414 7769870
3380814 8669346 2526159 1904529 9047072 5834705 9205419 5559728 1188226 6376217
4005600 3193443 9043511 9282264 7286643 7227333 4730828 3830785 1678958 2134955
8201844 8249792 341954 3424760 1291241 8852253 8621896 2289229 1275659 8978207
7937217 7231588 8756596 4298196 6270423 7949408 8379231 9942375 7183814 5247024
479864 1854837 8001331 6496656 6009672 1755506 5864242 2995698 7898034 2354286
9729098 304273 1542066 7476750 8883729 1103059 3661754 1759118 2071270 8122373
3611111 4710530 2173904 9456345 2762078 5240611 5268223 6983834 9391685 4394589
1468528 3777557 8209320 8335180 4233151 1534692 5532159 7846018 9327165 5018686
9518940 7060746 2175215 8025357 3044300 279629 3417958 2297467 2720769 2064128
3984554 6881472 5345802 7174601 9455467 834406 8837652 4363902 257857 3472127
9885419 8432330 956766 8329728 7833386 8234884 3742411 2135301 8203641 54361
2343211 6255694 5739266 687289 8543935 1433684 2725055 6116805 170595 822852
8264396 225959 2198284 2539024 3082157 180188 7997421 2669561 4495277 9871170
3047309 7242840 5457510 5932533 3900889 9829539 4401768 2027590 5235873 1516344
9446014 5409714 2460074 4367645 6419723 5854962 4035128 64375 5655557 8171809
8174317 5715157 7984419 4585790 4686207 6126650 5643501 8976326 2003988 5625920
5810711 4696609 8417803 2508239 3774640 3677222 9824398 8286020 766081 7035239
6778121 9206586 9808410 4768405 2833878 8478820 921781 3214418 3920414 8019141
494357 6049957 4327257 6273697 6938171 630893 7471212 2827819 1226075 8301576
3745074 485335 461826 9309272 4113502 2291874 3525074 8751714 4854063 4859625
9937200 9001349 8747408 3516449 3965295 4439308 4833003 443574 4834255 6125618
547396 4359565 8753350 1715220 6050648 1209868 4604715 5716242 2866806 8196905
746681 8228440 904184 6878272 113359 8290845 9710189 3484618 6196892 9245766
5801617 3224962 3440865 1419346 7627966 5578842 4318823 2879391 402410 1238838
8029908 8214440 2383516 2076769 3887257 842429 8386340 6900832 6854552 5394234
3477585 240083 7589694 2214529 3310551 93277 5895204 2578006 9423934 3097492
9441262 7834794 9190808 3853121 3966814 3022208 356567 6208484 8639591 4304411
4062893 7155024 8118539 7813996 4099654 4390160 7651647 6421767 7480549 6321357
7573116 3942924 9489068 4806346 4664043 781793 2219132 3115929 4855772 2330450
4149359 144010 6374552 371340 7067931 9537052 1012839 761401 8972830 2419130
2640112 2216157 9761566 8173789 151353 2091008 226998 6113974 6818856 1374042
9029001 7207362 4788633 3267410 3869344 7989254 5373957 2829051 6386765 2410594
7037598 5277240 4433450 9187072 8005423 4707454 2004968 9538057 4359803 3256606
412951 1452619 7127902 21171 434353 3742819 6282426 2034058 6473385 3945127
1998119 1296106 3476894 1526092 9893002 3714632 4232489 7633264 909564 6522626
8868395 2119689 2801730 6322319 6974235 8830750 4393692 4069520 4138863 7236317
5465349 2353510 2204287 8357597 8270679 3491836 527956 6125129 5713340 1005670
8121627 352194 6507007 1845322 4235237 5612056 3448284 5101762 9518596 5995010
7102947 520756 3089371 3821099 4521376 1327344 9000096 7382727 3629071 7242333
9953649 954847 379265 9665120 4159645 6959770 8863827 2678253 8888580 5493263
9585001 9390274 3223142 4955364 9382191 9099919 8356780 9497980 7406940 8868645
6245442 9073890 2563711 1752523 7020347 2890219 1638507 6484051 6912938 5650545
9747730 6201578 9460905 4979880 382254 7871827 6891556 8226522 3875735 7078034
1801028 9633305 1229738 3594804 6900931 1590121 3105710 9662051 3607061 8354184
7061415 8858643 5836662 5609305 9427655 7499852 3997435 8897415 4382164 2202468
9702342 9857727 441338 1682072 9956903 5005678 5109664 1842439 3201386 1970284
8784862 5374869 449828 6375784 4945799 7075752 4596408 4476474 5637670 8454224
8731149 7174992 3381869 673201 5159790 1970781 3298794 194538 3412365 582033
1469443 563711 64588 2513160 8280909 3601897 4258730 2452250 3364777 9027338
1284008 5977974 8178083 5856161 4711279 926188 2630910 3387554 5279439 6957867
8609749 2861140 7321474 5509885 4825007 8270669 2775753 2069156 5288210 5276047
3049291 8765957 9910464 658556 4517126 8318246 3373169 7287438 6449321 2032641
6273533 200409 4496273 47329 664252 3822655 4041961 7699858 3799196 8016841
8573769 2483090 1062408 480705 5857707 2564345 5733733 8155113 1849650 3906645
8848311 491125 6762873 7676710 5387205 7762507 7918510 4255171 2306425 1319823
1655899 2814709 1408107 7563042 7612712 8288765 8884004 1744773 8651795 1236053
2430850 1785291 4071918 8974295 2831119 2570085 4680209 1142397 402940 2030
9863350 7025560 9874628 7934310 8083903 6407557 7672235 4734494 3964605 5070238
7111462 1517305 9308549 2180859 1025031 9808000 9506638 1901584 2930859 9968178
6704164 3028009 2092156 4937972 861507 4661870 1064763 4782760 1822016 6443380
5111567 723067 3862644 3030232 6458567 9313007 2601051 470142 1101418 5579714
1204263 6363848 4812593 8331545 1169785 4256050 6311522 2952299 2730774 5674493
462197 4339501 4274744 6250781 5484605 9752077 8473462 5020182 5964009 8874140
7255591 2101507 8098606 2907201 7358773 146137 5195021 815692 4016221 8947351
6000332 5619724 1679930 4194544 7730560 2043046 6818264 8532 336995 6671188
3361194 9787323 2877864 1397456 8639108 6965666 7605307 2759827 7514719 819713
3297569 4513109 2731466 4723427 7674645 4792721 2142723 558080 6493990 3013841
9226552 7862364 7716531 9424561 2892962 8260099 322567 5803947 2370595 9641265
3871301 924655 3561448 4262604 36535 6048634 9335743 41992 4469516 4720194
4985110 6113293 1264616 5842823 4842342 2859805 4220207 6361138 5686060 5871021
9553603 8323510 8426724 1674276 7306205 1200692 4141636 60597 5267456 4331713
4089645 7758984 4043324 211596 4237424 4733920 1918345 6081212 9144493 7416244
4015734 9329249 7759195 893875 2854954 2794724 1398043 5738099 6400471 9645673
7730395 9910477 4882889 2133059 100963 5773047 8660565 8519220 2397325 5090698
1685704 5711916 9144031 5805477 6314091 1141374 1548291 8149531 6024016 7947018
6656663 6874779 1048842 5286706 6042204 7908567 8740217 2324259 1238766 2940532
934194 1842677 6700252 603691 423906 4657272 8654451 9918378 9090595 6612865
7829827 4067048 4726713 5138748 7161577 2023604 9825283 4357028 2388026 3808766
8762710 2826607 1061658 143530 7776443 8153802 1009391 9870956 3951375 5424261
2788476 8303290 4427822 8850344 8506026 9348158 1241047 9529073 8949033 4154914
2417450 379013 3121294 7634889 2687838 6764319 2260082 6378145 9151745 8349094
1343046 1769745 5587708 3192203 8844028 686477 8032120 3263613 1942377 3427037
7554908 9868447 8667287 9881226 3212536 719975 910367 8164305 4344072 6383924
1702722 1023510 4920002 4331290 8907726 424898 9236413 2903569 879145 2955316
4793891 349285 1682644 184025 3298381 2490435 8288317 5824639 764765 3511907
3595451 5363543 6663738 6778553 4308499 275446 6814877 7666726 214675 7094184
1134865 3026540 2895607 1065945 81585 6832083 1438296 1033220 6210820 1974778
1894566 4933617 8008922 4390881 7813790 4088688 6163745 3749670 6785629 8709588
7997692 5016685 8418778 3492889 9386625 6197505 212032 6965983 3294375 1543944
6842779 771582 5603553 205641 5669244 753392 1980901 7076213 3528660 2722429
8884994 5980483 3414313 2186583 5739253 8818235 7869539 4220120 2175783 5757209
1599012 3502919 6064276 3952891 5096300 4555423 9438938 1538455 1222643 576763
8265257 1768050 8663564 4592893 610942 3958145 8959701 7794065 2595993 1191009
8914250 1843762 687014 440921 5412368 8884646 9007695 4685976 4677733 9925551
3113395 8667975 3924671 9617385 9136249 3708696 3193150 5056362 135363 3385124
3206655 6125502 1181745 5220957 6132929 6244327 5017421 8356364 638370 5022885
7507716 8689899 2026619 8732996 6471430 5520379 251902 9255104 924176 6441896
6627508 5967752 3893640 5010845 5829730 7350504 7316445 8799724 9832313 7022623
8861137 7795810 7841590 5897909 7212921 5985048 5557347 8841420 9375771 49381
7045566 7047564 368013 4437938 453736 9049128 96776 3848757 8855734 8926127
6769124 3572099 9285723 4296160 8206591 12327 4670812 2640507 8794067 2865074
8873343 1858241 7783112 2142778 9085326 5964162 1153507 5430824 3912210 3860667
1645943 2141136 4050974 977403 744713 7120727 227640 7110743 68229 8009265
4005018 6358790 566619 2818712 9403300 996801 8201529 9621622 4649518 4055732
3974172 9731118 5007752 8619345 5639651 1174488 3631794 6365276 6104817 3052056
7442284 3587772 8289602 8911762 945155 5315989 8536371 9364705 8651675 6856888
3140156 540761 2351244 4583555 5099587 3807882 8343618 322255 2225995 3710214
2691989 5920343 119200 2523366 4861686 4680163 8455204 804506 9294029 8869098
4268200 5707505 1480841 9135667 5228238 8425000 7845612 7668395 7984531 7142735
119223 9392884 2620085 6446358 8499933 1050158 9634032 7200151 8724415 3226165
3832757 7457995 699628 2936157 2486125 7045305 9651671 1165768 963428 614013
3471610 1622796 2738681 4141921 8337075 6343576 8339763 5825372 757036 1828224
133949 3490784 9466267 8185614 5256766 6052881 4358276 7729891 9594456 9759620
6084358 3960001 2578901 7631880 2676458 7683206 1260083 2248193 3177819 967348
9676399 2247688 52754 7362746 159020 5152565 3396383 5768484 7379057 8289336
4243912 8966275 5433481 1262471 2190847 9443390 1446755 6790931 1559271 7302459
477472 1049842 294857 9324359 1219944 1189384 4763524 8125555 2768127 6657887
1710595 5735137 9869184 9278475 6161841 976278 1058391 781075 2977800 8434596
1425570 1754721 6785473 1500511 9135902 1324832 9569030 792788 4211200 2119851
8774035 929550 8398962 6331402 3605509 1338537 6664439 471255 5401195 4516781
1122923 7025087 6105591 6850382 1078283 1237085 2414532 6038964 8457921 7319427
1671686 8996795 3503924 7892218 2275140 2067021 1932017 3595133 4822415 4563441
5118715 718532 127955 2620237 8304162 8928588 463621 8824487 3501562 8789981
7263173 6066193 7902841 6058385 8816917 6626846 845565 387296 5645174 7801878
6691640 7083557 5718006 5556320 9846819 1575326 5836493 8484843 8775406 27030
9208598 3794738 1530331 3109828 7698791 7760628 7948899 4818214 8650495 6478396
5661616 3519397 3558176 392312 9555852 1023584 1439149 9931806 1898408 4102452
175076 5201146 919150 9108817 3248001 3049901 5978982 4457080 2073669 1912755
3173844 8141152 9490381 8113033 8818387 1907899 7509049 3373830 3602608 2218075
2055781 5303281 2188260 2021062 8762700 2052928 1918891 8504669 1226159 5055222
3746421 4621003 1408629 3426160 9583736 3390098 3188745 2892047 5580180 3487289
7584679 511296 2528889 4681812 6650851 9112292 202410 7042083 7194309 34380
3566735 9338547 7452513 7100767 3022652 8986466 2319663 6178304 6257524 5489604
1250025 2684910 8956731 232165 6085219 3049853 5253454 4776439 9960389 9164869
994063 8855895 1859923 7902272 6137685 9633709 1992566 9458315 9952885 2263205
6536142 2650624 5429561 4732931 537628 6889227 7244515 8731728 6987723 6813560
3614015 7951351 2681616 7239741 437224 6851974 5350457 3195756 8895006 4782810
8496452 2171731 2456788 1869163 4656590 2921827 4289348 9272598 5279281 915346
7538385 5174017 1753906 8147141 4291588 7710707 9080895 830056 9565190 5993578
7091932 8347562 3916892 7599846 2923051 5945827 9052034 2064740 5679581 3913178
1118518 6089523 5694504 3922849 7593745 4602534 2753549 3359995 4021185 145323
7485164 3179212 6573438 1456926 7331196 727906 5717977 89010 2415800 5886928
5928223 7218576 2157354 3539326 6161369 8472633 7657345 6710961 4872475 3287895
8086387 7326198 6710752 7962701 4969210 9604572 7850209 5263846 4872166 2777975
7732032 183993 5405467 9152968 7603072 5907307 6250345 9966530 6425053 4965692
7001653 8291736 3159557 6209678 9611818 5842772 8441357 3556462 917036 3370412
6178334 8246418 384117 2494424 5781914 138903 2561658 9631402 7260050 1441138
9872353 3601452 3286123 1038603 7377146 2382497 5924159 1067886 2671757 5384340
773336 5752509 1489455 9713960 9095591 6528014 3351557 3106824 7783336 4898872
9382979 1068068 3001520 8750552 4362105 7114159 1520771 6927894 4467539 6757736
8873515 3475623 2706846 9927855 2809107 925472 7430189 9824887 9031503 5868607
4112480 3080939 3080542 5610171 2819295 3389111 250231 2135105 4113555 997701
5888578 1769819 3434732 8919991 984864 8993561 3475410 130519 528218 9717658
3192059 7412514 3345650 2185330 4467843 857418 200800 8845935 6027418 6857720
8076670 8228840 5440096 6934632 6584444 6234210 3873543 5941885 5009382 5667110
4920271 3795856 4802249 9449586 4620169 1502144 1665277 869920 7450323 2083787
7374762 3121603 3852558 8029956 8243066 1248545 6513649 9854 4724484 4805467
9957202 8221476 7788488 4184796 148428 7438992 3211263 4865298 8251715 6193507
2029543 6432860 7862953 8182728 9974193 2935089 8976005 2277926 178361 5244413
919909 8229989 5486689 5283467 6104385 3068350 9734898 2483416 5364454 1085663
2826394 4194184 2877195 2543786 3819318 3528350 1837309 3397163 6622769 4866053
6091561 6605413 1470606 3541244 615150 1926173 8920549 8640532 1498492 1637145
2694343 1476748 9978100 5978657 5067347 8545394 3920718 2587870 2010160 6806856
6282485 846002 7087753 8554299 7985844 1510583 4332705 4484021 7426871 1959750
9881688 6400234 5052288 3908303 2292204 8793383 5151079 8694704 5165467 7956624
3829788 4911332 9974686 4213608 1858386 8811339 9950512 1873843 9126800 8048114
8310263 8740506 754822 8870308 4040947 2464676 9418862 1765082 1251722 51301
3363217 2521349 8378528 1330813 5785136 4821529 4156799 4448785 7888767 8930063
4369352 9136722 4896816 4942309 3636663 6717060 2184210 3218727 8818306 1385264
5417669 7858276 2709081 6880170 4935212 3613778 9421235 8451909 2604502 3648383
3100219 638055 5973791 6922660 7529240 8777024 6414806 9341758 4234101 8016148
1543757 9639223 3529288 7921156 3237312 1101898 186594 694021 5027381 7397819
8628114 8065173 2208144 5725789 4927808 6034474 2844544 5855937 6029263 8962706
5632445 1688672 7941210 2189745 4212826 8943193 4045533 347092 1803330 1972482
9586838 6134322 2317263 6857409 2395408 8381219 9511849 6768392 6228247 9228211
8281902 5789250 259505 5301291 4299886 9467483 336044 3181347 8308746 260902
9420319 4081821 6054910 8402580 6678313 2883470 2902001 1640379 4939850 8999202
7641044 9421425 2929258 6622768 7625942 3478397 2147928 8064304 2698501 2909776
998609 692362 5735975 1683288 3558368 2877297 7489303 7835963 8119947 2019712
6144066 2629155 5847694 489491 6652571 3192825 6767314 8641908 2188803 1388919
2076868 6471854 4255662 756810 2856217 8887381 3120902 6499135 6040979 4197920
9287589 5636651 1631699 6161027 157310 5658907 6028823 7184443 5446969 3711991
4738777 9083928 5390982 1771569 2794267 933741 9450899 3123404 2884945 8010725
2037493 7552839 1472510 922652 1837787 913154 7858984 2306663 320099 299304
7232892 6780033 8698987 2926933 799821 5171049 2418092 6482264 514866 812647
4162666 849352 2191149 7966311 2208614 6531712 3610084 7968574 2848926 7259014
2589575 8026081 3478174 1120929 9989119 7455371 2519771 1761906 8907549 446220
506349 8092653 753007 3981567 2119410 6257540 7905605 4508026 886863 6603855
208541 2957615 5495078 6828427 1965540 9210095 3206940 26628 9021742 1169398
4003097 8998272 8816245 8859779 9134010 3298130 9132264 8807941 4467120 1998633
7115695 2542711 3700246 8868540 4728317 7433240 495717 1220945 2914007 9353520
3809988 567396 5481006 8784255 5827652 3301120 1766203 5962736 2547786 3136733
288374 5141311 1236549 1424427 2361689 8882022 977461 8321959 9841386 4492178
6155581 509253 2109211 6514828 6608508 2315523 6526732 919353 4157436 9057486
5397959 6916270 8801827 4610069 6478538 67598 3461101 1206471 6372295 7804336
1149735 9926288 3356824 8625034 2907757 7716875 8805172 612909 3731813 5613174
7044678 1635122 3400363 6263288 590368 3962747 9419360 7570847 32145 7133826
6090148 8197776 1193838 2803320 4374685 9059464 653599 8103376 6443386 3976365
2668461 3158484 3407907 886091 305546 7870042 8609338 6569943 1026340 982096
1932009 88170 8268758 4939501 8427797 417503 222648 6721846 3417967 1745341
8809163 6167521 6697188 3183349 1564478 1343677 5228525 8368416 8137577 2722174
1694341 6017830 8865474 1824191 2882796 7214401 1370248 3661540 8097091 6986614
5061201 6122595 6024290 290314 8517801 9917420 9739058 4323842 741338 3648086
301393 4664264 399970 4144636 2242198 3666353 9700831 595011 2443990 2867457
2158993 2642581 3011712 1019467 7888379 2856213 3819940 3155496 7476763 7483934
337976 7439831 9575666 5247033 5919223 7202402 5794349 2053670 7485411 276664
5513729 6767879 5325958 5775920 2013136 2530543 1717790 2077960 2745909 9941271
2635960 4422724 3429940 5278426 4957895 4134920 349778 9847098 78857 3683864
2072624 4895538 2380900 3064589 3352135 3186077 25359 6291064 5594514 7962988
8528167 1948312 8476831 6971169 4483795 499442 2837900 4914182 635258 722754
6940258 9887647 9325289 8213816 350805 4629318 4335912 8379482 4604951 2443283
4668535 2292796 2608418 4611798 7404528 5902445 4714783 7572816 9864191 843110
3343514 8708214 597602 859141 4110619 2935964 4434374 6302434 528279 1359
3707242 3549803 5467256 7675934 2704816 12736 1160631 9978628 6751654 7251279
79323 4185479 3918406 8824317 4019934 7348153 5981030 4779614 9396723 175664
6610652 68187 9517854 8990983 7390036 2125241 516546 4169337 1540121 5469090
2021297 931507 2798725 5399001 956741 1234268 9791053 2443186 6359156 1655409
3459059 3452786 3159458 606412 4418696 454800 5873238 9791300 8036081 8203408
4207833 4173519 2853605 3071064 8922102 3898695 8653636 8335430 8801171 6600163
2955756 1707235 1154464 5710814 9687444 8272308 796523 5653264 6092520 7169093
9437462 3207955 3428960 3954239 3749259 1232092 6125385 6805471 4870671 7537472
8337256 6329788 8794499 7521747 3802533 5972501 1180235 4158787 2171542 9475205
49519 8859704 7957808 5486347 5647488 309694 9723081 464711 3823378 4327436
6576019 6362914 155005 3886780 2414872 3866532 1672136 648127 6378847 568305
9298872 7803755 7638164 6589466 9771061 7483977 9334409 7329841 6474408 6492905
7259431 2890177 8643169 7373992 8744263 4707178 8974971 3035509 3819459 6027893
2985949 6295173 2667987 932135 8863516 6927404 4382610 5690505 5914030 8792747
2508885 1585850 6660348 6824420 2571685 5599120 8771110 5279849 3872423 8120852
4121568 6638633 1223737 6262408 193485 4480226 3060513 3563805 9362163 1367956
6305173 9304113 8849747 1788316 8925959 8379748 9103730 3761868 8955876 3405432
6679955 4845195 7333400 388205 2335474 3759151 4285807 8618751 8926664 8149090
6861757 2852575 3038088 3308399 3693710 6022441 1477860 9083137 9383016 8462657
503302 1653659 52816 4877430 852411 5492272 2590069 295425 4473988 1693783
740688 9602283 9976704 86558 1240268 6555275 3747483 5959772 575077 833396
8681627 909633 4165649 1336433 7078814 9298326 1451346 1750148 5375839 1394198
7905672 8289610 2248810 3643366 1299555 3226065 9528400 6266499 6188833 8584623
5444721 326634 7419443 1942658 8428318 8036220 5154185 6309458 5829169 5520521
3071105 9770543 6654940 259997 2557203 5517582 988822 1608840 4902782 6715178
6163222 7783834 7430024 9634876 458412 937058 4415778 5493658 3620738 9137501
3950449 381453 1075924 9517148 2295417 2032125 6655620 469227 5675574 8559097
9709988 2900940 8514129 7148918 8884216 6912274 1025226 8868913 8013180 3520234
6190468 804678 3197736 7593248 7335379 7404890 3174888 989965 7041634 9919826
1808578 9668968 7667372 2105731 9933507 3281957 2399629 9948657 6847382 9080682
8973004 9366628 9399758 2960804 7649812 6331085 9751876 7456349 8925895 6080383
7191600 6440740 1204404 6160468 1392806 6453316 2446363 8209486 588096 8936153
3258921 7083542 15329 9218726 5231132 4766650 4407226 6977240 4218296 2948651
7874447 5091877 7240536 1680158 7935079 7011043 9583665 9845285 7954761 6659958
2281319 8779159 766675 822438 7519146 1297080 3387805 1606928 9058417 9793846
9670917 6386248 616104 2954435 596170 8943235 4288680 8514853 10314 9092558
7231797 1531773 9801006 446816 2906232 4664829 7156494 807286 6909290 9198546
8878588 5734873 7096091 4339442 3310605 5985136 9932980 234445 3162302 4924570
2910320 7678765 7392272 1249158 4049932 9594252 3755495 6202483 3935334 281352
2077858 2083906 3586127 152690 1764163 8834531 1899275 4302485 6965428 2734846
9849152 4706419 5587202 1017938 650669 3031562 4566640 3584760 6596418 287841
7758989 6323231 2179450 9915184 5321666 7915824 9486243 1500147 5408208 6309878
9817725 5586624 9825176 567219 1633162 1404577 9280780 6683447 7537505 7308279
4677187 2319275 2886251 6351337 7566968 8637058 6930634 6355313 8932600 3426029
2455804 907810 5752473 1226155 6009256 5930364 7410970 5800505 1369372 603545
1443648 1809857 8463644 8638005 9434103 7035380 302819 8136340 5912648 5601199
2826717 5202136 9895107 1257106 8240087 8488604 1822755 4555625 6894424 6318312
3242963 1981190 659194 8932710 9273280 3772001 4395852 6302125 5285074 9708038
3233946 3744610 8451419 3813000 1175819 6226135 9249420 822722 6023283 8916615
8781552 615811 2580961 5672570 1974358 6705143 8669812 9806097 5512301 399381
3680268 4989220 3672651 1188257 4761078 8808972 5717926 6774144 1585558 2216013
3270748 6525467 5018437 9405456 7274287 4441695 9662552 1381109 4923558 4246407
4751974 1187411 2699755 3625015 5779906 2445446 8673893 3595970 3698752 7649019
4261939 3572570 6018495 3565771 4838923 35006 4527092 6055069 442440 6580549
117529 7649905 566174 8885688 1187148 786571 2497995 8388171 8255511 4624028
9300752 7590873 1939569 9406876 3072423 3295536 6886331 7009724 1384473 5234803
684912 8988941 2505231 6383883 3210166 9239022 4766753 6506015 6205749 3683290
9474203 1236405 395916 659448 6773605 4512020 9669643 7650699 1348807 9023345
5471944 7855405 4016961 7492398 4361758 5379311 1995390 2255082 2135227 8255597
2414819 4197165 9938274 320562 8778644 4805792 1876860 4500446 8217649 5702251
6467045 9693387 6381398 649550 9704753 3011419 5069634 8621264 6415342 6290080
762141 3286298 5146301 6239088 8252350 6684938 7321862 1894484 9777626 541531
7748848 5482772 5988768 4325140 9581135 275633 4911004 2732979 4699491 4382120
523953 5304850 5531003 5491763 242853 9913706 8713446 8191835 4245586 5962544
1943390 3459239 6104713 7990387 5842454 1284503 9954945 249678 5513732 8262784
4785957 1951978 1222347 1868150 4769654 1080047 6133194 6483073 5053552 2555813
9109982 5548771 7788846 1773891 7122339 2458155 5955604 4794753 9699814 9980707
4430161 7222773 5049426 8686967 8605881 9405279 6253356 6351001 7803210 551203
8267596 7959373 6727898 6427149 6145995 5906739 8774463 2335280 3637882 9246476
8027635 5707440 4336306 8871257 3422389 2120001 591462 9926351 626659 7876464
7863210 4330826 5365582 9433622 8262754 5088365 5733540 7283569 7350913 8430300
1929579 6072538 456792 9719133 2121873 6195395 9994715 1348005 6250876 6199858
2060935 1646652 2237683 8671308 4760172 4335091 4555709 8784509 9966045 6289701
4933989 7004384 4064069 9405338 6033427 1473653 7564811 6555824 7686190 2765501
5872148 4275470 1857095 7949445 8189750 9094343 7447027 6236677 3390877 2706002
6975720 5998455 4754707 2050468 4527929 421824 1945801 4754108 345137 7639096
8369289 6063052 5008826 9223906 4963785 3441783 7303347 8756227 708902 7251422
4977216 8658587 1460816 3913019 9338853 9573971 7033092 5494380 2493560 4422465
9139840 5487400 7718718 6013445 9970826 3688221 3015758 8071148 1637328 974310
4930542 6637626 3240973 1299717 466495 6813722 3559018 4018600 2936540 2890813
9111939 9754440 5843940 142291 5444579 7636568 5002091 37622 5062736 6596712
9917442 4568083 3234988 4374227 8349517 1095430 2683043 7485671 3356060 7555699
4597533 4235469 1830136 8445737 6640136 3403767 131804 4189469 7273375 1640523
3803686 1408964 9883916 2424196 3473179 7445806 3813951 7053482 7080600 8044261
1151768 6496198 2597355 7015918 9824412 6469069 347397 541635 3847262 503594
5433337 9994561 2932057 4819865 3557973 7624831 5333289 4480270 7673254 5155604
4203939 9097131 4465381 9527666 4446350 844682 3423882 7513329 7512266 1268031
2556833 5864233 2720426 9268574 3587991 1269147 7202458 7390483 1053823 4834607
1804464 5867011 7481394 5094546 1139378 8558916 1301090 2026049 8667630 2126421
8768224 4905193 3226823 4896612 7991845 3683724 2611083 4900492 6285705 6595300
4510524 3750793 2668316 952553 8783814 7851714 3320833 1372156 4040620 4098372
8197164 8810561 4087176 1053744 7397156 4892232 4669645 6782648 3650158 6659192
3047309 775290 5282631 1194617 7353864 6040503 2214393 6214071 4176273 7407995
205871 5720372 157341 7869294 7149594 9846972 4155474 4932497 2219846 7995052
4634884 4190392 4080043 7153152 903075 2539249 3526683 8178077 4675323 8185647
111256 1011844 6726959 6460196 6764892 8113785 6208717 9517610 221736 9295470
6708357 4239694 9572392 4986567 475347 6979657 2892347 1752218 6470710 3350595
2747640 6922872 4718792 4013320 8199058 5647331 9959592 1043627 7211557 1519626
9574002 8544082 9114971 8716206 5777610 9544174 6079028 8550102 4140620 6797322
3260785 1678267 3703899 2919859 4113154 2664054 6839144 3252880 6299149 4800581
2243689 1113179 3895231 4461675 6398037 3288319 3191790 6451176 9795407 1008854
3632552 530944 7275759 3276080 660861 8101915 61131 4353847 1354905 8099615
7359255 9175856 440001 9806849 2473979 8828490 2155313 7597688 7690000 2941942
3788726 1249169 6963647 1058899 5370977 7021793 9741754 2795234 3734160 2163193
4446454 2624428 4088449 7695734 32113 6884747 932613 1291175 4276666 831334
3073054 9637101 3826148 3266150 7430809 4844905 5530293 8627241 3836921 5267684
5577441 3809793 44892 1371317 6978705 9594567 1719164 9043196 6140626 14090
3090172 3955020 3276259 3719181 8868244 740500 6827203 2531873 3534916 1195193
6358569 2502825 3576294 8341741 6690514 3335730 6351227 8852680 5240464 6806964
8309195 8912947 7761153 9753398 5101113 3965284 5429826 7545497 1891911 6982689
9945689 4933828 5155614 7244489 5832665 4539833 1462826 5057539 2158602 6027003
9861014 1199394 5716786 4253973 4128224 8176729 4964100 6260221 1478019 4540604
3788830 9744093 3769914 6463927 5093504 8529471 8605708 6349479 9431339 2535919
2160645 4589088 7144704 8389115 1801980 7803364 1153556 4222324 7390527 1039500
3286 6306501 1237073 928200 9992303 1926616 3495153 9007086 2266640 7293140
4959453 2890051 8805671 8698229 5001320 7533044 6142150 5473279 1059613 7253124
4490105 9729496 9232120 4374054 1147162 9288966 1022653 5647798 2715732 848199
3119207 6390859 8224688 6146454 8261468 2020227 4037521 2223964 4305767 2238743
384987 789911 6367351 5216571 1665895 7909907 7620389 3801790 6860576 5450959
3875476 8933987 2471378 7907998 2841063 6390295 5585580 3041157 8700545 1987872
1287519 638223 5093781 780956 3318591 8510683 5077007 7289781 373489 2778286
140271 3962640 1219334 5635989 9048396 7984237 647467 6390734 1694433 3652964
6278322 1849737 4737075 7090102 3391650 1927725 9200702 4571248 1889173 3814190
1066348 7996116 2594383 2569605 3894009 8917672 5418756 7135734 3528597 1646768
3187072 9260246 7436163 770314 2599358 9376394 8004416 3189146 6129501 1397566
5868984 416152 6605171 8151852 3629254 7118886 1657391 4485510 2008926 7508521
8980018 2050398 9526376 4693837 8149869 2064371 8383972 967059 5974685 5144382
5857614 273745 250741 6759991 6819759 8620035 1210646 1723089 4545322 8497509
4733966 3120350 3109468 2365937 6540175 3224812 5668804 4910962 388057 4578232
6869013 5775868 890670 9300410 349286 5837823 9407931 2221072 8283319 3454256
3460206 5428454 7449471 9890449 1411730 7661410 3378400 1345599 8443941 2084274
882885 887141 5469209 2498978 4334233 8985401 6165045 3979202 1391561 5495348
4774377 2342950 6528020 1319508 5988314 8607943 3798212 3050856 5344768 2632531
5764064 8567397 4400431 6831752 3860609 5664471 2107737 2871417 364639 1078169
1665058 7486249 4309785 408663 6448886 4879630 4005419 4520158 9909102 835135
2851742 6457547 5446053 8065124 3853929 6322006 3485471 8656399 700787 237924
9116991 7607509 434504 9298742 1744529 3657153 8856154 6734133 116633 9656038
1109947 6515535 8356307 2274391 665476 7838797 5189629 6933884 2626030 9065425
7347512 8188850 2927065 7225167 9726906 4158381 9619393 1738255 5481301 2833745
8849675 5695444 9933874 1781813 3298710 1034957 661232 5239233 2586736 9828365
5238096 8536185 7003748 4221910 6826799 947722 9242091 5105576 4371134 8572537
1283440 8936409 5677286 205149 4534103 9202084 8545591 7164599 5730224 9077024
3948906 6334377 1991079 568647 1492073 1836082 2788836 1461013 1755462 3375420
4071285 1089576 1865582 278908 5910309 6655434 8547782 5890422 6283761 4358081
2216906 8887709 7683862 2842252 402703 2745581 8682229 4229211 4387496 6149497
7641818 3480812 5755700 9671606 2814566 7423616 5495535 3988675 6562648 8539441
2069657 4740384 6553820 3240667 3706783 9619846 2415998 9118880 3089180 2054654
4607410 4406834 1506993 1322875 8752975 4196469 2831597 9141347 977735 2237730
3031847 9310433 7951867 3605460 8741799 9045664 30033 8198532 9671276 5801596
734331 3827408 9762923 3115115 9800610 4548238 1988389 6560838 4463929 224508
9840789 9469087 1731855 1087741 1744260 8713731 6310539 2790247 2143863 133819
7672204 3550207 11631 3040565 8133340 7947228 9501848 6639099 9779333 307920
813720 1302539 6540130 1203997 7274222 4402398 6014957 882655 9428631 2219003
4390708 8482683 8434855 4599915 1664063 3357649 1875910 3396061 5651206 3770124
930044 1915066 4089033 211340 109855 3804693 3676965 125335 108858 8330558
9180208 5595397 8756413 9282802 161613 7186353 7842955 3009008 3592114 935745
1246199 7360198 6554745 3005579 4744099 8984968 9405216 3498484 6987038 4483233
4158779 3954490 5400491 5852833 8617407 4284 942476 6435084 2636086 3820605
1720045 659523 7923392 8459582 2901689 2266436 5927992 6021744 1976979 3554318
9012925 6714787 422975 5184494 382185 553535 6283731 6437446 9324955 8750388
4122373 9534925 3182439 5930284 9910793 297838 5493162 7498959 6985224 8502605
7163557 9906130 8726478 9568266 3453954 1796068 9794580 7871179 6666795 9345830
1352866 3653650 6525606 7465194 5735538 6810647 6526762 254480 6382980 1427579
5865376 9371558 8712092 6425130 8080466 8221888 6624623 7625820 6811504 8399865
330240 1456734 6019591 3365583 6365255 1720476 9570376 3865895 6354085 1878379
5008816 4854909 1888205 3289879 8595685 6952059 6633073 3508813 2710964 9061909
5153560 7349103 2816650 436094 7684186 2116633 9256800 509652 7035728 4871433
2012067 250057 7531882 5327594 8257842 8134461 3023935 1499385 3498355 486297
4247322 141556 1466996 5292336 3517521 9419403 8430373 1003149 1897500 7939935
9986969 387291 3010920 509782 4271729 5518062 8016383 9572130 1644168 7980180
2028908 6624489 4990548 4699822 7512799 8353426 6407741 4038719 4725426 5839886
1835341 7254683 9457 6836331 6598235 5019918 7131202 477749 1439949 6202631
3155584 7861294 7825386 1440119 9116011 1603801 4516227 3059445 4248382 2147994
1640154 2746527 1330478 8456434 4071396 3025184 5024450 9718965 1278279 4888573
7179380 9070352 82290 4118394 4807969 3618173 1217303 6439688 3827726 7552386
9091683 6020373 1479968 2561334 6103804 9544078 733237 5274898 6631833 1882953
1611775 3780602 4640515 9181728 7358295 9624753 6517082 9890615 1594879 8449164
417531 2823912 7120487 2694449 2886843 1347185 5667555 6288700 4376931 7107888
7396761 7728484 6466502 6372847 9624256 3415642 6684186 4460991 5794307 2303819
2517889 6931719 4443998 2690366 2482731 2948785 3257252 3422885 1743757 117136
3762718 6429400 6560806 3592480 1989704 6388960 4890884 404991 8710750 5129044
2344572 8294575 2548816 9420214 9125081 5179017 1028803 1845963 3218921 6996329
9410907 9334397 923191 537474 571026 1632849 8999148 243946 3710326 6008040
8803474 6302538 5826752 4982076 2550453 1368524 8429829 4953196 9142196 6264055
8814721 6311975 6583336 9807110 5485748 4094167 6827957 1308620 8919260 7341291
608878 4271637 9197581 2800353 3381589 378716 1345543 8020982 8242156 8222359
5337278 2498523 9067289 213912 881416 791472 2317481 5932296 4384689 8840229
9153195 1858005 1363142 1194247 5284108 1153796 9941385 2674940 2245179 3299277
9147239 9927341 7089145 1826731 6843507 5571698 8883733 7441641 9781446 5931752
6670184 182150 4778604 8404473 7278743 8238195 9628681 5582466 525987 2382631
2307399 2301997 7066354 7950552 4411739 1547081 1965829 2941063 647576 7565045
2222148 101040 9728477 7454147 5021402 1044351 1171480 9426146 6970528 9892731
6756099 3033686 5098821 6687655 9004642 5742205 8054212 5937327 4269653 8813313
8825083 4359615 4195093 8778877 6946890 6999513 3058811 8301522 3847395 1709066
6776666 5523666 6543615 8154077 3603019 3019341 1285779 9295051 4259447 129630
8763659 9893620 4989114 247267 3211856 9936385 8220854 631039 8064258 7499812
235878 8003726 7732958 492424 2788506 7552602 7478318 4927270 6254023 4017976
9353476 6307272 859540 175031 5820233 3284364 1149663 8081559 7124810 4059325
5566410 8221837 4437362 4819948 5901299 4898110 8891079 7121318 7503701 5048522
4809491 5904949 8939959 5222296 1703939 9354306 3860084 9282766 617525 8698435
1438232 6706888 9517621 2194392 3476040 3553515 1600787 7709369 9647589 3247528
3063638 5551538 9706564 1081700 8471550 5649600 6644834 5293590 2846988 1176843
5663008 9923901 325633 6029854 9010323 9482903 8906108 8247239 4780864 6279187
2937854 8125374 9048795 4993028 2133281 386950 5214276 1677863 8264082 5985959
8141397 3897801 9864642 1823620 9688468 7015904 5003375 7528447 4521633 8256812
9548943 922692 2626965 2291924 3471329 4355447 9224771 213989 746145 6123476
902765 6756594 976944 6473860 8614630 3768565 2517874 7553769 8360868 1878415
6914840 5994552 3198141 6558819 9533068 4535034 2593355 7329176 924282 6238321
7155788 3944400 5319459 3310436 5024707 7123324 6252965 3193466 1529986 8810934
4785604 4350602 1496727 8841444 5547277 3581887 5790972 6031161 9391035 4090603
7842476 3723028 9094427 5256095 9112069 3342748 3869265 6611987 8913319 7019222
402851 8546505 3598492 1470498 8156712 423245 4063005 9918226 7459572 1743282
7695814 8551686 4013824 1323593 1144656 2390214 1851561 1702478 1866417 9185605
9592427 168713 9648366 7588991 4249140 6615227 9683966 9676404 7463320 4884810
4446508 9636645 1528315 2138595 8042380 1258779 3426671 320875 6402252 9718783
5191566 5077001 6223536 4659866 7053896 3691128 3057341 2191678 4950191 5256301
7754027 5042999 3170369 1050816 8685150 5469041 9775762 8540562 3464414 3279429
735870 6046649 9086329 787001 7753960 6666694 3700915 5558569 8798856 9808535
8111721 8950557 7645210 6178098 576538 2002054 1502448 1931652 449508 9009006
4414467 3047640 1215489 6461328 6443592 125121 9823569 8780384 8880862 7741058
2668894 6094714 3397914 8652696 7519398 735870 7419840 1015113 39072 7384538
1956650 2706672 3574237 757523 5954911 4769808 1757895 1608651 2214610 7176027
5873197 1041119 7147133 7776972 7805863 6426450 8027907 8286626 9205350 9480138
4591895 8707706 1947972 9286171 725045 5331621 8465649 1473073 1558677 4047008
3321738 2764984 8143878 9897970 2129195 8146138 8489549 1167259 3924207 5587204
205573 6293494 1911498 679570 7508021 3518478 5348654 1591435 4496191 4817630
8886873 5298098 3215155 6653539 3968359 1771935 7434063 3022020 4179354 3817362
606930 4120571 6817671 9849596 7086139 9266295 7055121 2056239 4130279 384038
9580597 5572301 9457934 2753147 312768 1802013 5356332 3299408 9298698 4539137
9088443 1996370 9177711 10724 6877256 7304305 2974312 3618281 2841157 9612400
7689464 4191141 6883723 6361074 1874517 9540958 8094438 671149 3230130 4740194
5953654 6198515 2171175 5387478 4511463 7601195 5450257 3938677 6939055 2047402
8619265 2936694 5875910 9604899 2640349 5250782 8925565 5629850 8279999 8313432
3501681 4007530 4916249 8859193 3741175 2972329 8594706 5413183 9192890 6010612
2862929 5896097 3307575 7811247 3923071 3178174 2178138 5502398 5258145 3910164
6508310 9306694 8679586 8208163 6201693 8616537 4254232 1644400 6656838 6563205
8280885 9456145 8988135 6978241 6593093 3478541 4135773 1032107 1097488 3906440
9910602 9455494 1855934 4245984 8598235 816773 48949 8448532 1343406 5770367
6977684 8438449 9274712 2759929 3225987 1089728 2849531 8026987 9797038 1337690
7584029 9553870 7766018 6044912 576305 6977214 5551705 6849203 734224 5108032
8999514 5815376 2607795 5692998 1403311 2043494 7936372 5366935 1004383 1179538
5120418 4483512 5048850 3469482 5068323 7598303 8452751 9762908 5223549 4363085
5507398 1714965 1504184 1141229 1645651 9120837 7647159 9613318 5104288 8985108
5739190 7947523 8898477 2766358 8288921 1511816 1130772 6882741 6433544 9611332
6779541 2353967 3567517 2223062 3933357 5672139 1085296 4833478 9818636 1227380
9161965 6642117 7641701 4483501 9943099 3515798 1087481 7002068 2268199 6309645
9542734 4793957 5061877 9334180 5826786 8434489 322016 9145812 2575035 3823250
6941676 7286487 8546005 7208861 8734271 1836247 9639349 3388558 4462552 227844
6534084 6634031 1758444 640317 3039186 3102977 7429609 993842 597418 4347398
1163530 4395198 9539185 1571691 7238436 8945324 1265653 8498179 9536313 8638340
8491102 5087121 2787723 2303315 3944598 5339549 8350116 2526609 9085086 2993459
35649 114940 3972848 7424458 6159731 6444632 1960325 7584477 7553639 4025504
7331673 9711093 9828098 8165258 3602203 2334697 7501984 2498619 5914074 9517368
8335863 6559159 6434020 6779717 8180329 4551951 1311680 6460103 1214458 9109809
3374440 171555 1021492 6168672 2215028 340884 1502621 8165700 8230583 7066811
8946800 8585408 8435861 7212277 6422750 3115399 3422818 9406003 3061499 7448383
614099 8983678 3224826 5868522 1849700 9420614 9060954 6476355 6769377 7432774
9590742 5863374 5902468 9163970 1453399 8672863 5216963 2802153 5010984 4196875
2035660 6639422 3790974 4053393 5003781 9538949 5692424 3327313 2140587 6676899
2305098 3489640 7375444 1502690 9146746 318787 7174649 989288 4745114 5493243
8505300 4785308 3217505 4573105 3841193 7076717 6901146 9969710 9623362 7167744
9124195 4436945 9768189 242897 2805637 3495442 6974812 6322802 812710 8791803
7100710 1986780 2510016 7176448 8750584 385153 7244174 1350849 1873783 2122685
7113857 1753037 9646202 1338731 9787144 5986998 9120995 4431698 4360300 6462646
2413081 4592108 9803175 1847003 9956483 4566757 7058978 1133440 7181471 9736660
5126577 8410706 8505934 7557371 2704467 8835248 687204 3647845 5433999 1515050
3317425 7710449 5337125 6271729 3668061 3053534 4524907 1785077 5239677 7395207
6654435 9417130 8061327 2980291 7789086 993568 5525002 794129 6466682 3039734
9396669 1361541 8195078 9789346 5539168 2582638 2759573 3442820 4602544 6553029
8983065 3384899 8394510 9466168 1078360 2786603 8198233 5783878 4306748 768804
8124986 5840273 6750357 4520135 7293844 2891132 4468692 1402345 1860463 2620799
9334039 3688172 9473792 8365317 2663246 2247954 6066936 1824134 1198403 7350731
4031783 7025770 268026 7418880 513288 1961924 6227885 1870614 7209207 1616127
6749027 2351874 343446 5870600 7016797 1208085 7389305 3254650 1784470 9402069
3171364 2698033 7048941 4372094 9664701 954920 7319467 469947 5974581 7411524
980245 9853790 3287685 2034997 3872188 9040161 9550380 3428697 8183390 5452340
2551505 2887397 1664427 8564866 9797580 9558228 6611410 327939 9448871 6774089
2965327 330935 7619799 3066107 1533803 2803704 8448050 2611932 1525668 9983129
2618474 3462844 1959982 577922 9313347 2584681 3617701 6678378 7658962 6520976
6175164 8510182 2247257 7199318 5894046 6886810 5613525 4174406 2626769 4822891
2075555 4681814 2600354 6006332 2619988 5016129 1914159 8076890 8613745 5347179
5258137 731086 4704842 9919416 789442 320368 9306122 5886109 154012 6746048
9038057 1529161 5098592 2670118 2270697 1042276 7496015 8986353 465475 9867514
4890364 58882 6656311 3356556 6817785 327998 6220530 5410008 6782023 7166169
7373884 8377503 2353783 4346559 6512800 3422928 6989184 4676191 2950539 5342654
3583945 5611625 7170649 9142281 5147561 8850891 6851639 6477993 5493591 791389
4612797 703980 6704309 4668819 8304906 4238400 9720891 5501662 1674997 3487128
8405569 5810561 6565551 4618148 1465514 2566735 9516876 7444746 7528751 411959
5859602 6906910 4248360 7275619 2114910 9754825 9755586 8067381 6122700 6414560
58026 2982889 8250 6916824 9091075 1631276 7051595 4415569 9849883 9579600
6216470 7812781 3003455 8194463 4717282 411021 592158 5147358 7919595 4311869
2321792 4288471 2761979 4449474 6704534 3362416 6707569 9296682 9259566 7209894
3926395 344828 8149138 6859149 266694 9516362 1097636 692310 4184371 5289555
4960050 2660110 1191268 4432982 9000363 8865423 5703227 8782594 3405406 9596849
4823324 6060579 4612753 3343018 8841436 8176588 6546327 7753602 2641069 310562
4296890 3768984 6210119 3467181 3486158 5682489 1239393 4917333 9179793 9773935
84542 9409117 2295555 9617248 4925869 4883377 6140616 1876134 7910879 3710981
9526263 5249839 4598786 42501 2388659 8925689 6082130 2926282 3826971 9943738
4530807 1128904 2799334 3362627 1098032 2889070 4806665 2231777 5129694 7654187
7330548 4150328 1857589 1501612 8250617 3360016 2420731 3368467 5027012 2775679
6792110 7576631 3394217 7644133 5704612 7327054 7282483 7572628 272589 9624675
8052467 3460025 9123435 4179302 1371540 9800920 1347749 945479 1005159 8196907
6461913 6423479 5302960 7815071 4985884 2024804 86887 7616501 2233 3488919
798538 8893968 9802654 3865271 6731190 7613587 9292225 9278478 7420960 5394354
9291538 2533897 8548624 3246875 2861326 9336861 4574037 3083776 4755646 6328680
5433477 9622007 8197089 2439052 2493843 4687408 5039686 5609320 3279703 5749464
5137268 8636992 8850326 3694039 3338667 3516708 3692872 1580568 9218185 8087527
526534 9889356 1203875 5399833 6923498 3961841 6111924 5766552 7362937 5732299
7751292 9073523 3607707 6571396 3804892 2259858 4081705 9282630 395031 1416936
3085020 8289326 745923 2891998 4041928 8808864 3971956 8804167 1988523 7324379
3658238 3735980 8513836 9658860 5312836 2490122 6186021 6547948 650668 4534687
94462 5066136 5851408 7857490 479280 5705114 9050726 3961000 6462940 6335176
4094649 1646624 9658279 8572187 6277893 3879546 5266025 7534732 1357586 4368341
4663275 5831312 9826538 9728232 3115887 6325999 7366321 8553947 4774605 8055838
9014306 4970196 4676391 5557399 5564484 1170244 8892533 8239887 5696641 6321105
2029540 5738740 2231328 55712 6820143 2546681 9920981 447130 727163 1657894
2546609 9997600 158642 5255278 9328110 1354422 7433260 9458467 600505 9123212
2789880 3513662 2350108 7767563 9345162 6727815 3442544 8401923 4473645 880680
423774 6611403 7361541 3601458 4327306 5284029 2824241 9278709 833247 9863697
4002863 4414612 5839177 1647323 3060956 3081389 3615615 4533211 6346198 7640503
318088 2682010 4165823 8789584 2050337 2012310 7134768 4663855 741526 2572633
4792858 4672693 349937 9656705 2081368 2258188 7196266 2305519 7119756 131408
4662031 1891507 7291527 4355448 7921370 7661377 4762541 7451030 7827197 7278782
5115127 4989478 1813612 132380 3233183 1051276 595322 317031 8316906 288529
8954637 2737753 1967174 4378249 6488977 6972967 2865042 76580 8621623 8424421
5447336 7596031 7146365 3603374 8449073 7119816 9034014 8505957 3806574 9548613
9360105 8166410 4918792 2433232 2447472 344641 4460574 4041816 9069218 3104197
2380496 8450668 4211931 2906894 8032436 8507862 239701 2630464 3311272 2540318
2748881 8808848 2475794 9114856 4648627 1919110 8524767 3180607 253269 6895582
2509225 2504987 3651261 1414177 9430206 9317555 1479039 4185950 8237855 4439824
9405438 9855861 9628827 6263147 1281823 1811412 2653274 7062123 9787868 4159564
7840322 5961658 1804562 2646392 4950249 7960224 6714483 7372474 8839794 889789
1761049 8091270 5340591 1291288 6717782 9223516 8227846 8777151 5071897 589863
4966239 6264775 7567307 5053345 2960725 6094733 9597228 1015962 9831010 6299219
6361385 9499404 279230 6492126 6770828 9460751 1151238 42478 4469927 2199130
5413503 9185147 9768984 8321329 605146 6290496 9987086 4416076 4334059 2158631
9655488 6474105 7370055 9217215 1691030 672274 9965164 3066195 5308159 5133245
1398114 3413525 5789135 3152206 9314163 3209168 7881451 6613999 697839 6994215
8462285 1006482 184217 5673516 496828 6743112 2142398 1663835 1508934 9704851
1531776 7637486 4642437 7795044 616562 2717926 6523124 9429849 4956211 3849485
7233877 9672774 2419197 4557388 4680133 5603817 9192383 2102813 7671349 4309679
6301907 8363514 9286840 3114930 8995017 7194954 6433852 1285216 7940358 6515356
6247678 4929810 1901274 3030301 5137692 4777265 293919 6644411 5848784 7256600
9571860 4977442 1357941 9198394 6281256 8822265 6931532 1736166 9255579 2179045
556809 1256045 6675242 2893693 1702868 8341580 9528295 3288687 3603183 2773741
1043904 32120 9386154 9582310 385230 1604386 5152509 2872646 6260968 9711287
3456205 3742377 7031956 2883926 1957673 8275171 8245237 8623843 4821077 7832693
1609597 8941568 8391956 8455584 6752002 9669408 3232831 5627391 5971096 9463503
6765406 9000415 1826693 7126974 4218925 6602466 5391989 789914 5273907 4325895
8069221 9149235 7222791 6080305 3187263 647571 4969172 7671360 8774200 9051033
8811966 8238468 7540315 7277899 1192175 686193 7249900 1304636 2586778 576543
3540833 7257608 4634118 2608571 6417267 4995098 4678321 7877015 1487871 2988942
7238031 7898970 1064838 6976430 5140494 630776 8992382 8787029 7019059 6739970
8580673 8662023 2667501 6532642 2474414 8027030 7751026 9259740 7396152 6218072
6021836 9238290 6573511 2556787 4890630 6452042 8326557 6421992 7170228 9666653
4747669 6059383 4887287 3196943 1267879 9181938 149448 475433 6381059 7687470
4222446 9960995 7880571 4831943 8703022 7946643 7914154 7682810 142358 7435325
2015414 8836028 5551365 5694843 9327677 188232 832818 2678626 7267494 7312187
9833417 5421136 8067358 2651731 3259834 3655782 9751991 9363195 3236147 5824630
9481101 1309320 4382414 2329328 7230469 9025196 6113931 3385357 9933936 9639027
448272 5229086 8018645 3806861 7449205 1057653 5845639 3731215 1559649 142325
3629461 4782078 5856470 3481679 273952 3200612 1228330 1311685 1742524 4104561
6521892 3350611 9711663 6481476 8677408 183072 1114208 2811103 9289141 2015705
5516552 7608174 7990568 1214146 6870396 7882800 7131128 4726965 7011715 3692833
1602853 4832192 2072686 2243318 2502288 5193450 7145896 5784335 811861 2604730
1038767 6645488 3891769 9980788 8329022 1735047 6565731 2947685 8173333 3168678
9744674 9179759 5966478 1464215 9556351 2113888 8502036 8024063 8434847 2894675
8834572 8320248 7608143 6808941 3501108 5189922 7787992 5978911 3571241 3434185
8770039 3559823 8081866 21626 4425712 6361296 8314628 9591721 5899890 5661434
311841 5333190 5405972 1832932 9130120 301287 1727113 3757770 1769074 3704791
4108610 1808682 1379734 1113661 3324748 2228705 4469833 3936780 6880634 9038345
8488948 6739834 4271337 5082766 8033763 5468091 2799199 8256924 3611736 2991805
5825174 8819878 551888 2739767 8007556 2474817 6163507 1844147 751426 5015505
4981596 7010973 648866 1528132 9254337 3507303 5325192 3560235 5024964 5787478
2052419 9671141 9113847 7093421 3748698 2855075 1824965 6214129 6137901 7454386
6382724 7868863 1594755 2280481 2981840 5582704 4135074 3967158 2832961 570384
9053066 6354180 1622775 6161065 307143 460882 291735 4316967 546351 17875
285200 3336230 5868243 6492723 2504013 7110321 1479127 2506826 1562149 4513016
6502591 8449464 395639 3292266 4330665 437829 1518948 2656965 4582934 8568947
4861038 45455 3861846 6045411 2374867 4569056 4321966 1385473 4070694 9411082
6395016 1367661 920646 8557849 1782530 4269888 7015256 6541280 4086341 1875209
6763568 934731 3362893 2790705 1271014 9713276 5735524 6172924 5462080 4229831
1543748 3104312 4614657 5309886 4409350 603999 5827093 3515428 7624598 8290587
8360341 7132479 8961185 5883096 5104507 9463143 1671405 9046951 4849736 609243
2966311 6581637 6158428 8822106 5778571 6985727 1871467 3268914 3753567 8132115
2060202 7827221 3096372 4859081 445638 4470836 7523553 4885276 5475108 2997968
3883309 7381645 8185438 6118699 8892106 7174668 1990270 3847140 6320612 1379517
5241552 8465926 744480 6316654 1572158 4923378 9413391 9172445 8513728 5730256
3735473 2465442 1258465 2117958 8296753 3804409 3706912 8490436 6170415 6996631
7156209 5626922 5662293 556088 5396496 3622438 1770009 3437734 5144574 4916769
5215293 4343221 7617620 6377333 8263014 4199911 1846240 9975455 1844087 6875012
283152 2646511 9522035 8319055 9105680 7035559 1204750 3231113 2087098 4058689
5595989 8966764 5344439 4606101 8121343 9921665 1848301 3979312 4898678 8866639
7510131 7985959 5325134 2727764 3960910 1198101 807961 4535152 7732017 667816
3458501 3157948 8174815 7684795 9326611 5858309 9983465 251140 4489621 6556163
3756811 974115 6236491 4326507 730890 5293399 6140490 7417898 183755 4021856
2138316 3460360 4011898 8316570 7268787 9835603 5824298 4286698 6393439 1820518
679870 6549523 2677115 7893973 3324022 5650503 2884566 7786253 8915148 2773629
8655522 4160594 8286148 9234194 5023055 4259495 4752009 920038 5248834 3344030
577747 2108547 5186293 7093840 8577458 9346025 5173690 4566061 9476816 8257435
7773340 6494541 5556736 3423445 3643350 5431356 4502096 4023515 2424112 6566298
6470070 9113630 4752947 283621 4078699 2679588 1069990 9602712 1867886 8193002
3648354 117735 4121231 1342709 1293870 8823677 1707493 5566452 5236831 3308345
2451121 4999068 5415580 8471925 4985227 6360528 9046604 6693019 8704617 6871485
6247717 8666847 4143366 1821953 2710448 4909388 2504934 7608833 1759787 9897312
5799801 2331481 833636 7536049 3198555 3014169 3673014 4100343 2877144 5509703
334174 5186537 4359215 4062254 2387085 6666857 4640879 1782253 2325001 9870425
7647316 2345613 9309711 808803 8264189 4446987 3391048 2835605 4560956 3406635
4758 9957630 9465096 2371109 4920388 4949988 2526586 5125522 2313365 9966751
6461713 4723540 5995281 8915404 5741560 7234802 672019 6474557 4770686 5969528
3109566 7309149 4562258 3966879 5076908 1665778 6349294 550237 5687251 5892713
8419063 4360791 615874 3213842 7240729 2060364 5931086 4930290 9987931 8719436
4593965 2558484 9133810 395130 9110140 7527863 9993426 5750470 7498340 3656753
1202879 241546 6808462 7475080 2488348 4715802 2756945 1177401 6667814 6728950
8066337 4485536 7925018 3652910 7255093 3929888 8907946 7915704 2742147 6543192
1495912 9793204 7726904 5019254 2594626 1849769 5484058 8721258 7928225 4726057
7924276 1799563 737443 5541714 234338 2580764 5550240 7060746 9093897 3243586
2936609 509542 7614375 3384959 8856417 9861052 4838094 4541175 8978297 3256494
7390123 2784490 4497435 7426273 9155485 9185553 6014961 1256469 1016515 3397047
9648594 8643290 4265316 207349 744119 3478419 7059560 9559022 1583454 1657745
9624749 6731462 2643387 6924848 7569124 2103798 5783811 9761136 195105 7361350
722043 5838116 8639455 9877587 3200489 9836623 9778032 6142557 3791174 2566251
3443676 786821 3003691 4699986 7117599 1605248 8639745 4329871 1309924 938243
2848821 2824628 2442756 1354575 4141153 6145703 4350038 1444286 8581112 5509731
6912524 6820088 4097753 5417650 8039343 8696493 893999 536585 2688217 5059929
6782209 3370812 102203 4235055 9986543 4257205 7151690 1693088 5359205 8012646
4007981 1459585 686125 3051933 6202331 7857963 6446690 2868798 3856124 3942438
7102229 8098699 5766315 9858367 5234527 1240433 3709938 6751331 6377011 7408223
8932998 3282781 7767871 2023584 8234739 8316754 9326798 5235065 4258162 1177625
3912089 5483205 33673 5623019 6771914 8107824 4791588 6791874 49379 7815032
4670449 6491749 6947499 4628279 51921 3902915 1101743 7135186 7758153 1070838
6542830 7677055 9588813 2302579 1249055 6140395 1326731 398569 9170345 1758514
6207163 1417936 8952400 4076368 1573780 1290600 5320648 9865947 3887086 8304877
6674645 2826294 6175843 8889519 1563154 6625207 7625394 3997260 111590 4505769
9770956 6495716 6038146 6921121 5285755 5427457 5904205 127350 4375666 347565
3692251 5899388 8891602 4355705 1898626 3798111 3350568 7433505 7823849 5379230
6824007 4175446 9164884 95973 8510125 6794265 6442560 8333295 4225904 6815721
2617757 9587214 1621775 5639253 7052827 2488055 1071329 7112403 8658762 2567941
3832670 2654639 5016323 2608604 2438251 7767580 7650447 7752374 1870118 3607719
9929615 7823539 2986671 1631535 4601729 6304988 1694438 6528722 2475879 1988613
7773402 3903979 3218422 2575912 6303320 344100 5144674 1926917 9958128 2499349
8521340 9180315 3111191 8302560 7605847 3631950 7708293 4536061 4130995 3169867
3006280 4846214 5190134 7550077 63978 3877467 2177919 3803046 9273239 2975806
8794352 5840463 4602861 8782880 2269007 580534 1676027 6414264 1471716 6594934
9865418 1902741 1712281 3754500 4159600 4909574 2950204 495741 5837174 4093394
6615070 9574070 9953605 4939774 4694288 5612686 9933053 8718620 7376708 2897456
2863068 2663185 4631807 5243751 5991695 8997490 8423110 2990825 6637260 5629650
579480 6072300 4699477 965663 6641787 6860308 8122749 9000248 9151735 8529381
2339429 3364477 6907636 3116839 1594722 3774521 33326 2192498 7115345 3949292
9652596 1683424 4433652 2003067 5537439 8533631 1935211 4420450 2203709 8214549
6701342 4938370 6135991 7484742 5554437 2609560 2975276 626258 7399880 9336747
4812679 9845182 718238 1527331 7606863 6485699 3628224 3250159 3959367 1193433
2447960 2588592 8902018 2568699 7710939 4999250 9194005 3803214 3539699 1888414
7629961 3608860 743331 8706197 3260564 6361090 2904586 8619949 8482232 495701
5275211 4260168 1449662 6984568 1601498 6935146 8366815 8926187 9121049 4224551
2081259 5578799 4655368 740114 4417300 8671978 6931467 4530858 4401716 4555148
471754 2577480 9641772 3909648 1817768 1334224 9776692 5121822 8797344 4025381
5264521 9794241 3351459 8252496 2595264 8181660 2252579 4618766 7855444 5046922
5063474 4744898 8171815 3334786 8056425 4956667 772185 9580490 3126540 952221
1661467 4268760 7514207 5497077 5932202 4410138 1386789 5746487 6262329 9973786
6984448 7888863 6185654 4444045 2370459 8319660 4530755 1246081 5154583 716609
1170153 572530 5451498 2942500 4086464 6727348 7289447 148120 194204 1098439
7359412 503554 6998826 8769016 2554244 131856 1205649 6578823 6705896 2222786
7338271 3534753 7788732 8887975 8805573 194897 6363765 6786130 2817805 9787104
8356061 8564292 706085 3209310 7057520 5554543 5818091 7894372 8831719 206498
8557336 2821718 6288587 953700 728560 7708379 1805751 3362426 4629858 3919469
9307773 906864 6501208 8352309 4469128 4777163 840251 9333910 3327559 9328700
1248001 5775770 7702053 6353521 2531046 9433844 3272544 2204322 4711240 4652199
760141 1710535 4466361 5168336 5441114 3475174 9849714 547151 2706253 5210954
3594302 1341807 2659813 9860772 8362321 6892051 4146556 4877101 6073972 6073344
9626653 7879611 3015721 2989017 712653 8099330 6295607 2254457 8002288 186992
1474143 2745996 2183935 1570242 9239805 8401359 5690562 6332314 8651304 8350137
6252725 5935656 1014477 1185892 8144061 4748887 8383451 7142337 1854933 2825411
4443692 5859019 6544497 613533 2937045 2585047 6128763 8401759 6637862 5437938
7731407 1064637 4801741 5472007 3603962 5859416 1375596 1912953 283381 5445390
8900251 8924762 3083844 4199123 6289015 4972903 4315589 6387465 8505004 4114322
6423110 3824642 8805953 7931282 4734853 1668684 8965904 5993244 4566478 636507
5107831 2654550 1632407 9558369 3366678 145500 6733644 9352793 2675904 7092783
3207866 7774887 2599883 8649304 4200224 3495001 9619648 6635578 4343821 978948
1888093 9386602 2597084 991137 2977613 7859376 2529205 3285315 8495968 2057028
5888838 6236249 4871260 953342 6568532 3543683 1468212 4183123 678234 1457092
9698725 7112720 4512111 4107506 7351958 1171962 1151057 8594857 4062160 1751963
5889921 5053312 4961622 2563955 7019618 5568475 1361285 7863104 4267824 9545757
5791501 6821464 8297124 472457 5554199 4044476 868770 3965196 598083 8233417
4595673 6042746 8937291 4352655 9625333 8591409 2289407 1856861 9507668 279914
3972104 3008175 1950489 9332187 6793845 7827655 6516500 3280626 7782088 7905498
3566245 8556810 8573906 3356203 9129495 2452174 7147118 2417776 3784361 8491901
898384 271857 7002116 7259313 2408788 2626587 2314062 975420 5727235 5055814
514181 9793264 9841538 377076 6592721 182856 9994147 1956470 8210135 559745
4534056 3318846 6376362 5250637 5719877 7107320 5787887 2286526 2937298 5478206
6613468 9626038 3983404 9593906 7387356 3670185 1393172 7843890 3826789 1010582
3318808 6043799 1400757 3485246 833554 9168633 5199178 2331854 8883950 2617155
4101495 8898484 4757053 8953181 3820967 4567827 1389909 7869772 249327 7457080
2890099 5631075 238905 1612885 574428 1363707 8891194 8209176 6151383 6594496
221125 5582016 2105585 2174446 5549609 5925882 1570885 9657263 4792399 503389
9766047 8172123 1466679 4190435 9375965 2195639 4149982 923040 5591118 77073
835325 4531665 6237182 7065590 4751386 2461205 1123583 1410006 4043359 8995623
3864599 461664 5578835 3086604 2834071 615796 5760629 4192521 9563871 9565523
1093722 5443273 3243984 1534414 8111647 8822903 599805 7772341 9068737 9855123
1354010 7989718 337641 4436068 5847108 5157039 7114007 6800902 5732339 3924620
647139 4580768 8384483 7657303 4904699 2813378 9087036 9695519 2410100 9946406
3459463 8919578 9471685 606235 9151752 7861303 1060675 5365780 9404319 3762304
9655083 1877130 6629921 1962678 2735591 435134 1430654 4014532 2606871 7034632
6210212 3307520 7131770 8929457 5799365 4847648 1560463 1775954 8664173 6474309
3156048 7384333 7951660 2230156 2868932 4338910 6069084 6958638 8605574 8343448
5503396 573913 5298854 7044939 9722611 3500276 8289187 225855 8588463 8764961
6865874 968088 4845271 506688 8001519 4109467 480620 5140134 9594265 2945053
825332 5043222 1148212 6164907 4700358 8328586 9030317 1158468 1666994 5361734
4482783 3549747 999384 4610936 9395760 9962150 6262132 5111261 1613624 971082
9879768 6343935 655503 2855214 2216862 3531285 3462474 6009541 8550560 8037564
7148961 4006803 5449765 2970928 5514971 562534 6537925 5969233 5777147 6766356
5769167 9143008 7245310 6359276 4087826 2568554 8220450 3147009 7421821 4614387
8410010 7412721 1608889 7990640 9133614 8268709 1760533 3645790 1279205 9421991
9752233 6446062 6289831 1383822 1061442 5695636 9018505 8445178 3303169 999592
1395160 8581271 5117599 7499445 3871082 883599 2487028 610377 9578391 5160886
1894460 9838916 1727715 502886 2410743 8308551 2375880 586459 169914 2774784
8831113 9324449 3326480 5577583 1020778 6093175 2227786 1386845 2871238 3828478
2891210 7664388 3203924 3353648 5511516 6613014 2634669 4568839 8453351 6942468
5766917 2334170 6413001 3718558 8646319 5086028 1015689 5024878 9365703 2062283
89974 6938880 9182015 1626673 2427887 5851198 4438526 1032346 6538507 8339548
2860450 9640428 5236234 8683310 5471398 2503228 8788069 1545955 3710526 4130792
3503128 7480614 5994094 7848619 9828836 3918162 4458345 5252435 9423069 995955
2574838 4024753 4520327 2333284 2832292 2398991 4436120 1166473 6444360 1504740
6640732 9809807 6617510 9536654 2839934 2910734 7242614 8290794 3934891 8945670
4393443 4106066 1564605 9552151 5177523 6035091 2467125 483359 6872034 5239141
6656062 7333332 8865808 5081398 3338147 8292645 6543022 2885885 503939 2233740
5991201 9635918 5369659 2027336 8573988 9636504 4545742 1454878 3207292 2873927
3050794 6869503 3073478 7963620 2189232 7734426 822613 7162673 783640 8676479
3648010 9389934 9424838 343561 8212910 9551624 9265530 6386283 6574446 5506881
9414735 6247624 4706657 4018444 6684904 2948813 6159656 9350276 3144305 192034
2356698 5743166 9337113 2439632 9922241 6212734 3721536 5395477 4762636 5707411
2818245 9941354 4180096 9780609 201512 1842487 5538751 8204705 1679769 75079
1896009 7440803 9644813 9973341 2622805 9095991 996140 4616818 2750831 8196932
9602570 79269 3903392 6624130 5949324 5978615 9279330 7578884 3033833 6567348
9856244 1902670 8929876 5672005 4892543 243131 6989247 4455589 3629511 9993204
4002274 9209586 8600612 4484779 9722252 3482702 8588634 5105123 5479127 4975126
5340202 4251783 858344 1733104 249963 212614 7718273 4437062 278545 4076902
5735823 3902068 1125308 6104746 4151983 5647274 1214264 7157952 1624321 866015
3030757 3479457 2180174 8885612 9183852 3918012 9859628 3801843 3643935 106433
5252407 3607493 7225277 1940666 4043814 2935106 9745504 6654945 7537495 5600747
1201630 2065867 3727002 8086003 3909682 6559299 5872061 4347884 5449465 1995499
8971624 8609734 592699 9890586 6265955 3238330 6001354 2968214 8130364 7270168
7809982 1587394 2653153 2533422 9132409 2614101 2279789 2214929 819809 669016
1041708 9743979 8146011 6146667 8323184 3590473 6597275 6693781 6055550 3372355
8108361 4570677 8774086 2359062 7610459 9188152 9372721 8552251 807102 1766603
2394813 7384924 8782433 6305454 2300988 8545511 2717599 9513778 5585964 8142349
9750710 2146449 2701180 1259360 5600355 9778240 5043729 2444739 1568022 2185027
9815901 7559502 3677909 3245951 1729461 8732820 1680057 1750627 5146637 276253
4321848 3293192 8717951 8007713 5602336 3147588 9401166 5633718 4908303 3389795
138627 6492425 5037603 9187748 7673448 5253527 1083224 3213067 9664229 3637431
8812317 9343849 1879411 2194563 5933305 7641266 5089803 3290430 6301963 3103976
2311481 6632044 3216040 5701508 4162490 2654133 7350816 4932542 1493518 3659977
5280039 3109429 5796613 3588373 9438570 5340171 4157636 1395361 6278254 382956
1676 1936737 5638315 6161801 8908930 9007426 5484576 8872235 2628519 6821474
854969 9774129 1523099 7224878 9540966 3826475 4658261 9171971 1040863 7537397
8640273 4723630 3915357 7182153 6691480 4181946 6261103 2136313 8416466 7991119
5158203 4652214 3746720 5617272 8304578 6013233 7339342 1960074 6114086 1953992
2181875 8708069 7255761 1606384 5962770 8327819 247203 6791739 5884088 6450735
1453648 1023293 4436653 3973429 40761 2892608 5960881 3256121 4898552 8033242
2272342 6624748 4458452 2973436 6808135 6714074 864810 8035345 6048282 8304419
9269148 3401368 1093400 7451905 3744163 9735888 6490176 5302984 131886 9695638
9831709 9611438 9973441 7547402 9555471 5700916 7639193 4388291 6723864 5642120
8230715 8750475 9855335 5739370 6489994 4072539 1656674 1125449 914012 7543267
3651995 8345813 3146411 3953443 1567821 930192 266503 7767381 4076988 2239301
1258197 2897405 3334673 811755 9737221 2488370 1580178 9822301 5938259 8459195
9283539 1611669 2303280 3144623 3445104 8675658 6215595 8531380 6823162 2235329
6070539 8389145 4158361 825330 438105 2460806 8697254 3712980 3161705 5327714
1936002 6369042 3131381 8822845 9484905 1900688 7781505 4327322 4262432 9708465
7359403 8455125 2409738 6361268 5766003 1813058 6991111 4990483 7997138 2014652
2857213 1569021 198310 1852675 1897618 3867682 5543651 6933375 8238422 1356334
7066060 23519 6157819 6167610 1250340 5269657 6072313 5413456 6740901 7249903
6734774 381169 630537 2772242 1891585 654022 6645022 6505635 4301341 8479122
2952674 1123346 4232971 3030393 9897800 3387814 7053405 9001143 3373844 7871877
6336119 2111586 22072 7452913 2708385 2787585 1499308 3689629 7384698 552263
1298902 7710228 2594340 5673057 5168138 5169134 8010498 6630387 8589031 2589191
7958384 7801140 9480798 9726500 5587469 4869502 1573857 3832611 774452 8008068
4520707 713040 2904249 5803571 87344 1103702 1424700 9405129 3218688 7684429
9766617 6483684 4596636 7555108 2728802 1838235 3093468 6515405 2985372 3021658
225316 8906375 1659951 5007034 4611500 2989477 8237201 1668450 8618306 3837088
3447288 145396 5864419 3750811 1075984 6902819 1012860 4287290 6745015 8264755
6132324 8571788 1466783 4206341 1125813 3466667 3216690 9777935 433326 8316266
4753723 9532222 5339389 9256330 9987930 3172332 7402511 8284436 7858203 2931226
6424849 2727120 8468033 663664 4337922 1382027 2443041 8835578 7444203 981273
7071789 6813260 8986082 6395246 8072820 5505579 1804458 4625863 5924415 6151406
1214199 9394529 3624848 8390134 3107429 9021056 3640696 5050602 5294299 9442243
8009916 1970354 2153732 4862597 6469890 3866919 9823952 2483223 8753923 4677397
6132389 5078863 96252 4950647 2444999 9049467 8532526 3743340 3588500 5439853
3781611 7929485 2444345 5800757 4292544 9110204 2492243 4897292 4628583 1971569
1565663 7235713 5654371 2467535 2998157 6225815 6795703 1407729 7411799 1859843
1703334 597823 665145 7220488 9564861 5576286 5398651 828045 5927332 3036364
1350 1308218 8529807 9506971 140871 9870259 8264716 9321867 9621962 378086
4264279 1323549 6000526 1465813 6163708 2415037 1949772 7064586 4914411 3475691
9164029 4753646 2877358 3148845 2761927 7493557 5704617 9791710 6697404 4021029
9020929 2996507 3174998 690834 7870205 2819888 9929874 6243370 7677877 9199838
9387887 3611837 4091508 8340196 6841608 7784105 6264617 4332785 2416220 470047
7702116 9787378 2899342 6615297 2621459 1645014 5598722 8430965 6995137 7204198
4397228 3567718 3883602 9835377 1724044 6597724 2551945 351675 8447424 5558120
2331027 4875638 5373298 4351892 8196815 6646917 8870731 7941524 8107457 4747724
9366900 1625136 4386203 9956991 7549185 9472570 2250921 3449561 463409 3699535
3805392 1676681 8820857 6844980 7805576 5232501 1701760 5340093 662919 6503652
4967946 9049180 2203573 333414 8193665 1472423 4840405 2731056 9455838 7560041
1277398 3934571 1785192 1112620 8384328 8862230 9174122 6344917 5298776 5860310
3363848 6658243 2028396 5672138 944701 1757696 1063882 8311334 9308014 3929312
4985145 5757160 5229245 7068641 2657002 5135719 7177087 2676631 8036312 4879053
2140859 8750155 3368893 8421936 2956964 247599 8996733 9335380 6150781 8351158
125139 3917861 6420894 5386231 2880374 6771730 7427944 8113416 2592662 5528605
3779712 7765288 4458390 2993492 4784539 9618041 5364593 9171056 7029842 1550420
2511156 4772964 4542753 8286891 1940066 8767261 2702983 5389654 8275585 3320825
2500326 9541041 5569640 3087399 6669775 9642304 3372358 2718772 91349 2355933
8431917 1700081 5519118 6792441 2645169 8190279 7729470 3409883 1357968 5904479
3739754 9881266 7234616 1210952 945886 4535624 7925 5092107 8649014 1044305
1030866 8554816 6304588 1856259 8743295 340483 1863588 8468378 477366 3117211
640872 1721419 6059683 3158431 3561614 2044670 5544196 2557133 1452395 2180486
7603817 4750139 4914896 188537 8405249 6206848 1551198 4709402 2081871 3150947
1851864 3845074 6577053 1268352 8958776 6331185 7353762 3247723 5855690 9930967
8677105 7877206 8195024 8841084 392879 6636243 9602041 8311982 8162349 8067105
1572634 1333949 8994956 8723577 9607264 8032189 1937418 2558095 9065269 9701072
106199 8190586 1475939 1382930 8890236 4306292 9071663 6300079 976423 536237
3089506 3736403 6540388 2930287 4276442 3546189 5473418 5212865 7250752 3791639
811219 6513607 5755917 9047304 1494525 5714034 1790690 2472944 9572753 5926265
6088675 3175239 5443237 4050018 1516399 3350540 327269 869467 7579986 3984291
5576068 7425611 5224545 5991220 8667166 7421056 4215237 3715627 9648922 3893089
235636 6588927 9998659 3963923 8413391 2924887 878092 3936671 7115559 4255195
1555947 6641498 5076871 7459109 3521053 5505138 80226 6802727 8894520 4323481
9486807 4244301 257015 9834666 5252892 643730 1106890 825712 7001335 7240062
4407646 844737 8292489 444335 5293546 281800 1866004 4002374 7824811 3103157
9953817 4604699 5755063 5315106 6006239 2941454 4893299 1193451 5882950 8423394
6457787 6757051 56521 1397061 3071501 3949457 7361810 4266035 5869935 870633
9172562 8744453 6590595 9771402 2576726 8223493 2133083 1679506 6670656 6637099
6492150 8082255 9869152 7878878 3538488 8213896 8399143 9562436 1617132 4515507
8178562 7769573 8445113 9382738 7287454 7864642 352879 2815434 3587902 7029516
3858390 1473908 536512 5907950 9415676 311680 1259905 2123617 9789113 976607
7212844 9532024 938124 610407 4632907 3066634 2653450 6888234 8661742 8378909
8752470 7814772 1207284 912972 4800070 8740414 8639024 6348788 2491556 5973341
8749483 9668671 5098432 6738079 9682240 2561594 4181712 975150 1740048 2012501
5761025 2118081 1228829 2173320 2209650 1410812 4474058 4255046 3688354 4492820
9696707 8370096 7039864 2717046 3321166 3998485 7679674 2260213 8890438 6513833
604688 3091979 2741146 5440378 1905266 8695769 6435600 9363244 3875729 326223
1784799 6447730 8753681 1462760 8463281 4534954 6843710 95019 5219202 62270
6814963 4973475 2502125 6920079 2147009 8046034 589410 5339333 7038180 6522173
2754696 7720218 7209957 4011718 3168974 6546910 2498740 6173960 9523273 7988983
1299821 5000544 9865423 5319419 3992797 5586589 4829277 2352040 5484261 2880691
7560758 1836216 3318884 482069 6454263 6099092 4275599 7013270 4535790 5498406
1647146 2995261 6550464 5509714 5866577 6536060 6609739 4433934 9719257 3539646
7035648 6050379 2136468 7670432 7246707 7050549 7794077 4554117 8616289 4006212
636983 2261342 5300389 2276770 9712814 9698201 2027904 9081947 5322291 4555313
3217845 335371 1357507 8169125 9523728 8939633 9121465 8407222 9507464 2909312
7730635 2894339 3491489 6924024 3451110 6731531 2144996 808121 3131674 4358548
5883289 4710253 4265705 3891036 5715319 8418399 3582412 8107394 2802344 6243368
7783564 2079416 961462 8990190 3480426 9150818 6700942 8116612 6436165 9971416
6368377 6800909 7241791 932036 6663986 3824576 9755804 7859280 1940995 9045698
6454480 4355263 5991269 6162961 6094445 5144780 8720079 5885443 3166564 300578
3491308 658494 6219675 8167614 4977384 7369311 7347269 630011 1059870 9997672
96688 7409607 5892318 6893545 5214559 803058 677238 7673535 3825701 3183623
1680719 6519761 3076708 1245531 5809194 4897121 5386582 880956 7790075 6479719
2619688 3384612 6865418 4383036 1918680 4454049 8038634 9931229 9785373 4404183
5780327 233360 5350139 7309087 2630527 1328048 7407669 203650 751075 6399414
325276 7706386 1109574 6113369 7362188 664674 8657602 6208992 8715208 2245688
5171118 6180611 1453003 7614201 1561689 2339381 1156774 8786191 3505343 9710413
6238636 7120236 419276 245444 8064780 6401466 7324515 9900666 5940244 4858365
6591920 6219619 2048929 781812 8019326 8749982 7765901 1143749 9294272 326889
3792113 5803805 7072643 3199491 1597031 3186753 7342654 2799738 3221784 1012445
2665668 1885702 8541141 6132145 4814484 4515843 6172345 7565474 1439474 3583453
399522 916295 6555383 3608044 2157194 3379195 3736121 8627666 997648 2898772
9049878 2116089 1723651 8183455 6549998 5703690 7744820 4361422 6441189 1631826
836579 7945774 584319 9762626 3983774 5868990 343133 8882052 2588133 2401926
5144486 1479284 3049939 9217395 5345026 34456 9023007 4395131 1467047 2448211
2638764 3545514 928350 5616400 1360288 5520536 8456511 4202952 5779361 1137829
3723624 625479 750975 2074149 9770551 4612060 6649864 887606 7531640 8182937
260974 9235323 1972137 3911794 2334805 1679964 3836667 4453821 8616955 24214
3184548 7393086 2996364 5474708 5566341 7830491 633544 7379360 9010800 9415507
4163824 460634 1183083 9688343 5351667 1764361 4634665 870903 8413197 4681676
8403480 4625542 1928916 950660 5147818 3392001 1726600 274054 7881387 6144887
284593 7692576 2576464 2729381 7327071 6353848 2473644 3714554 9062385 1145690
8059482 7061637 1582283 8367557 1563723 2683653 4585949 6248595 3257856 6362978
2299927 5265021 965022 6229644 4646230 9623835 1650096 1746125 4022230 3802827
7533951 2580483 9049646 1451804 6117809 3742716 6055608 4381954 276565 6226513
3540089 2827060 7540423 3965889 5341945 8351009 4986032 3277634 1244841 2713066
3809520 4600946 5865777 2133480 6389575 8810811 2701573 6150736 8745985 8851248
3285288 5645551 5306089 4689797 3709413 2735866 4311636 3526727 4344707 1040328
594740 8996455 7615858 78943 4911184 4252221 2510579 854556 1051126 1945386
1253569 1580554 5949574 531449 9899978 8353017 1038923 220551 8061221 6353784
605030 2778366 9372312 7180649 1894720 6976952 8345619 4554942 2125298 1758437
2597263 2870823 7514393 2763101 9013184 7934173 4947811 5711211 6998344 8427866
2878908 6749874 4814206 7373678 9490 4505800 6104040 6360069 6947604 5650034
4977404 1753519 6125295 7153345 2462683 6420035 4301055 5325067 2009472 6406306
4311144 5290743 516012 670417 3448523 3128364 4749738 7940578 1533445 8928483
2369170 8293107 8656433 7649030 3115372 3715750 7557637 5457004 4218564 4097259
4419275 7332949 4567333 6286590 644206 5218881 6746946 3694344 1700468 1228513
2241705 9821869 502234 2821981 4253318 3343129 3201928 1133625 4011289 1209349
896174 197901 5775676 1292271 2426210 3040914 1235739 4705284 8505646 3706177
9452664 5660721 7877625 3600162 7027135 872720 8636860 9065956 9007354 5467191
8272372 7882451 9653236 4504913 8384122 5540516 6100103 9725084 4249294 6982824
3280985 4991131 5202450 5409923 662074 2290808 6543608 4303900 1001663 591985
4084562 5226730 3029823 3756304 7762594 6782574 9605637 1267290 291908 5391724
4674554 3364085 2849754 5144128 4678656 2914093 8166471 5082062 4434011 788543
3814529 479417 3432445 6800447 7383651 2043695 1874247 5109217 8901904 160914
1224412 5758848 2051002 1567498 6683380 9272030 5047243 9919911 6699248 3919845
2350365 3802490 8836112 9781539 8036741 2151738 2508818 9532460 6640214 5292907
2424993 5349172 9049389 2845750 339723 4827418 334836 5514799 572217 3527159
8870224 5989699 8672442 3838118 4210794 4040694 178751 8378471 8618595 3562649
1806293 5978964 4847831 2134700 5610699 2317972 1101612 1931276 889983 7282796
6908446 3906875 213764 4885008 872964 1197695 5640223 3738513 8346889 4146684
9429105 5222130 1915904 1702770 2211441 5095074 5045088 7750299 9888871 7602779
7040289 9650579 4017929 8295074 9244087 3716083 3024285 4258462 9498904 3694825
5939995 2524571 8439110 1892408 2598121 2837829 7019980 2011147 4108531 9730684
8318145 1192819 5859274 5179183 4177514 1759955 4527077 1656795 2964762 1979473
3895561 7492851 2649287 5151917 39771 8860808 9749274 6958252 1946788 4022801
983457 2552134 9866219 7643958 8688822 3357884 1375088 6892100 512097 85066
9213275 6754730 5603694 8632165 2314776 1956726 5405052 135252 3536116 5437542
845121 62751 7301115 1851978 8435370 6116516 3328160 4194422 1141996 1788269
2088690 113150 2469839 9236353 6785923 3187742 8179450 1725559 5854453 3596695
9779120 601461 2356190 4193951 8305290 1332363 4192488 3606323 364920 9771907
1349802 9359114 8651008 2953651 2977482 2954012 8450855 6243086 141703 4318786
3863457 4576138 3055967 520096 5911715 480207 6107589 907672 3025451 3996533
8183951 1427490 8962460 2165295 6196954 7661391 1150078 2096296 5175610 7690331
7905677 6934127 4411726 7794366 6399521 225868 8833114 1554474 7608256 6036137
2112849 7470417 5720866 1200036 6121109 3495657 4859047 9067797 6540527 4430158
3998865 9073037 3372391 6079531 8668900 5898488 7395278 4310647 3172030 8156676
209137 4025666 5101920 97480 3400651 3729853 6751369 2916727 5062414 313432
861946 7894713 5455208 7145587 5617524 5673921 5940849 7405169 4860655 5515152
3460077 5576167 601439 4376559 3101833 7122406 1407323 551882 5691147 7170884
373132 4583816 2109835 5862610 4842421 1198646 4838692 1071184 2632810 545020
8805690 4322929 5924714 8167586 4522396 8014036 8104507 9252385 6823328 2135175
2977799 6181417 4594756 8854901 7717242 4440180 1154206 379208 1607292 6059677
8092201 4383095 9488865 6085406 5299748 1036942 659599 7103606 5581362 4941191
6043982 896625 7514710 3644897 2918692 6754048 7374180 8281418 2309770 5620933
671911 3820832 2043420 6277378 1482083 3830450 2448329 8841714 9498262 3652510
515578 9021516 4022807 5245636 8736528 6222940 4976753 9568556 2245841 9816708
758201 2714800 5431222 7895514 5643901 3615495 4670220 9338531 6586145 7871979
8818240 6388333 1203464 6097403 3085352 121064 2362117 37047 2253225 441610
893180 3346598 5830893 9996178 9339032 2999045 292608 2318681 1775263 6243242
4790484 7608040 2760918 8252679 4204485 4829189 8698292 8593591 6204957 237290
8921392 3482906 7612256 5207266 8767178 7039126 1361229 1873013 7721994 4972217
9092412 8060712 30262 9324637 6337575 9949209 9506248 869518 732648 8791830
4820288 3728428 5029388 9153261 9475831 6089006 1237591 2092809 5428483 8519054
429185 8854756 4032089 2272479 5803217 4820198 7225857 2174677 1690383 6428931
6366363 4757627 6848781 6580662 7292036 6340398 3095867 8854428 2344519 8259340
1426126 449617 4568378 7462788 7547078 5689094 2532819 5054155 3981731 9758008
9721487 6813309 9553817 7873170 1667970 1268664 7610872 9733778 2163088 8714812
3733235 5441436 3306009 2265603 9097625 3763950 3298466 1417984 6800345 3940896
7036969 6437944 137820 5739817 3249207 4820586 7047209 4894840 9947311 6670047
5846727 9406943 7196870 7333942 8257467 6414441 1889922 5509591 730041 6158873
2124540 8964054 6200392 6879893 3907600 1812640 7358995 9020758 1566263 3131986
792203 3183157 1098734 253523 1137751 5867255 1067136 1179255 7140494 3363844
2010710 448186 8231810 3676681 8973505 9496917 557448 9074927 2924481 8435589
9262404 3371802 2571806 2830867 8230909 3220162 9102160 3499771 7407288 7617000
4851506 7475258 2322345 6310663 9562051 5314456 9110782 2826133 1613550 7838352
5782257 4782518 8343418 9661753 8549110 9868370 4309223 8017145 1125582 6089739
9582303 5837652 9800150 5038345 4127988 7193908 4564518 7734925 1026855 3021851
3047955 1344508 9487319 3515978 5629731 2686550 5511374 3497725 6767765 8072380
9242732 4508861 7770874 4874164 5844909 2949664 761804 3579654 459965 5696213
7072937 8906844 6738608 3099583 9553469 7779282 9142472 5605197 9615376 8821241
6525833 6559672 2297261 9073375 38165 2650450 7648459 598486 1570720 4376745
9051803 5178825 7827192 9190535 1963547 1038236 5236858 379148 5745546 4524044
5068198 2248162 5679120 5555972 4836107 7217102 5364180 7361890 3317366 35150
9089266 301505 4077610 4722295 3971708 7892450 9314348 3996925 5888206 4478822
331280 4131293 8321915 9922473 9610509 8280670 8030803 7522596 5681687 8357044
8018877 2181471 7517305 8139514 344959 3632717 3356151 9664680 9041983 3734770
9065319 3024334 6883190 8184623 9314507 4348055 8421876 6203924 6654685 4664595
6128189 3882706 7162551 252093 703351 2469039 1178942 1981265 2001332 6539469
5657820 7134031 7045829 5624669 8908589 2477441 4049412 2278705 2175009 4635007
8089796 4470540 3808478 4476898 7806800 4272544 1523619 4200811 5964324 1638741
3412421 1972592 118337 6879093 5863475 939213 6459192 1417378 3667633 4684437
3899596 1968317 660836 3716496 6687079 8643075 9786914 5874665 5325220 1392206
6665118 123237 3528664 4019563 9042738 2522678 7621941 1792350 1078302 6349130
6909134 2739851 8903444 2271732 4071763 4287425 2164461 8813096 4759379 5177764
5618445 5276053 1228513 2664532 4663471 9862853 285298 3280069 2351634 3410638
371112 8479879 8237712 3925353 9957770 640887 4024624 4915539 4848641 965911
5163531 6165292 8433382 8185339 4853724 3589427 6040939 5197280 8630353 500072
2559174 4760766 2640301 9129579 499630 6970473 1889276 7387458 810810 263320
4555741 1451773 2497006 973981 2220042 5131353 7723163 3791895 141793 3746229
8785085 8615836 5723260 9933771 2793165 3028957 275654 7194296 1781504 3473792
9444623 1889562 6987544 5873504 7147477 9635246 1574068 4920971 587673 6262360
4913197 3241493 3292309 6815721 5176368 7039391 5839184 1240743 627027 8126103
8871659 3319315 6382294 6850853 3543670 654036 6049934 1200281 5767187 2632012
3009266 1405636 3825217 3138994 2008017 7339986 6809406 4364917 7229436 3226434
4146147 1814761 3156140 1566740 1391641 933030 5355122 9731874 1517791 3035782
4452295 9024796 2064597 5993042 4284180 5659644 6426747 1517859 476727 1493441
8729919 611135 573594 4084271 8426309 8488828 6535097 5303875 2345259 6937541
8412411 5299603 3783612 8617930 4909057 6592883 1092414 6414433 4749890 3790485
7944899 7110673 844407 1420886 3990188 8496235 197475 3394980 2008145 8476766
1351997 9848067 7371584 9456171 6497302 2040568 135110 2522374 5455048 3107210
3431171 1668920 6963094 6394948 8218608 5102060 1502673 2566990 6166823 283685
6513392 8392081 9471713 8861430 7005540 9357322 628979 5438384 7720987 5784225
3563136 2341669 7694562 1448925 8046938 7365982 5109734 2450347 6952976 921209
2151036 564004 1362493 4467387 7655215 4915703 9962094 5730374 5032945 30482
6235888 549372 3135196 1902399 9589116 7632801 4121351 7355919 9695592 3895894
5836860 1527374 7049259 7194031 3796384 2958646 2874747 6538500 4292979 8145555
7415736 7587799 4587472 6587002 9615689 2917675 5237634 2937936 8092314 5864754
9778436 4543866 4966483 2225387 5256328 8967096 6216823 3976471 5180712 779055
5850629 2730244 5726687 8658005 4464936 4821094 8047505 8022959 2909199 6565698
5788805 1950463 8145284 2161560 6660492 6472110 1754217 4141485 3691003 2126513
811978 7850941 6392433 1020671 4460855 9423236 1189008 7282901 4263753 9768199
3742870 8774315 842909 567118 9012079 9131604 5463334 7596678 7329308 5045891
1549873 3064879 2515604 9328412 5144738 6729273 2304274 915309 522241 4734083
7008355 9275316 3566980 7720549 2708652 220471 5830749 9890834 641978 1933937
429219 5541618 5629490 1226872 805039 4015572 6099725 4345703 2573659 1085193
1300028 1922625 8607848 3809921 7736355 8176102 8861330 7742659 1617402 300623
1577211 7209693 2219123 4224172 3347853 4825787 2299067 3499021 7239780 3978189
2979775 3182292 7081288 2424176 6640517 4010218 8440809 7457365 3041437 4290971
4330758 8924302 1530328 978434 7176014 7203001 3521254 3388932 3581624 29795
2320992 7160595 8227509 4684601 9799023 3535807 141061 1729285 375132 4483364
367394 1422415 4642993 7456255 1452692 8987298 1616881 6387206 6462332 4750051
886433 8665112 1916471 5441111 2401001 1758746 1555286 4223316 1756715 3168277
715174 6418312 8587343 6809587 9063109 6440474 6830585 9740039 6825208 2359656
2849674 3355006 5480676 5426269 5912474 5968298 4368591 1471842 3031944 1811128
1716970 2691216 6820045 344583 454646 1337517 5497926 1685322 9492057 4472301
7867900 7472327 9537104 1139761 1178842 2332013 6567190 4558985 4612938 343199
2028353 135828 7195296 9949511 5172593 122744 7442884 2709381 9512951 6980783
3230625 6361044 7220995 7036295 7521505 3537073 3769654 3674169 5008852 4244511
1379500 5146740 228103 356331 3172238 6900732 1868985 5127909 7599317 1499845
6311940 1577111 1492941 6560898 4626399 9554930 4729565 6585427 5905467 3835549
7742293 5766173 7508224 7512356 6630747 3665787 1917528 4292271 9904470 2131423
6438297 8687170 1858738 6523534 672698 8905485 4640240 2228464 9632443 7768199
7391522 2572486 1096185 929266 6293784 3480054 4639199 4862705 9588823 1538561
3804496 8115818 9164593 820550 9622348 1972907 1200716 2754893 9934634 3132807
8824357 6593034 6660629 1712256 2998496 9497185 5593229 4116252 2997501 3756034
8078020 9710385 178162 5768229 7362531 2987551 2887571 1466518 4969565 3793787
4915744 5803629 2626544 8687024 8264247 4915795 3408659 1145193 8884392 9542119
1881256 7783923 385793 1070675 5286124 2682175 7410569 1171609 9387437 1411775
3235543 9365660 2280797 9578903 4921052 7735725 477112 5459128 9236667 7470419
2559614 3046622 2495728 4792478 9918523 3622749 3741238 8847875 6309281 736702
2114586 5206226 6849233 7594248 1772294 6206393 104581 5743425 8339061 3172526
5826132 8849167 3297300 4914685 4792362 5848996 3837391 1751250 7731684 7782515
115044 7935519 9810447 5434361 9152884 9959918 8031824 7398132 5119813 8789076
4721488 3300683 8968979 9102688 7472290 8161097 1512411 7007930 9578374 4411033
6817835 9190971 4792786 9104768 6608042 7186692 7528377 3472907 8233937 2425676
5799535 1165599 687881 4080024 8699659 4302493 8399827 9800678 6437903 4697378
4572342 8985550 3966957 303129 1966601 5061090 7751523 6994564 3720312 8412621
4422810 2359676 1900787 7459519 6031915 763864 4408465 9789485 3522354 7139656
2999725 356236 5055478 4636937 9949662 2983325 6706494 1910816 8403480 7511495
6183295 8552980 6219360 1003361 1809835 5734186 9667180 1572945 9011500 9937027
6309438 3820381 4159909 4734388 9430952 7896330 6952314 4704424 7046186 418421
9490416 896646 6207399 9766745 8314297 741179 7261132 1821426 9827510 5379884
4228072 7851550 5967938 4041840 3105876 4412608 9887587 7612928 4717443 2968025
3128653 788086 2469212 546133 6823279 8479080 1364328 7128009 5202924 9101137
8675450 1174162 699991 1027110 2963316 2749221 842845 8800709 1834267 6880856
4213556 9469894 8805301 109086 6666268 1177121 2089772 9101632 4815823 6276293
2560326 4018879 2074115 1741978 3682728 4116004 276302 7334645 4867170 4924978
1290753 3076612 81732 9763121 8287653 2863150 3530397 3472668 7346172 1031939
4479722 2285674 1857686 9836380 976437 3110693 3899241 9855238 8534905 8153765
9789139 8949294 7385011 8849182 2089675 4709641 3629027 7203666 3075794 7328385
2186287 7377323 8669620 5089244 9782452 9158618 3516857 1491186 3803240 2824835
5724059 7763998 6156828 4517918 9094054 177051 8095617 3108036 6851840 9365919
612449 3505297 7960945 8278601 5311553 583554 4110531 9826937 7831929 5114538
1116165 3102858 2512074 1827225 9310610 9503117 7415664 6322317 8526928 9137333
7600053 3205295 4139911 7838244 7911547 9178439 5291900 6496634 433790 6344734
9490838 5853698 7382111 6296091 4979295 9346821 5882388 838327 4338911 127544
9850408 6650700 4797819 5484716 181496 7977946 854150 2350762 7689927 2358527
415202 6901596 5066211 8581429 3862971 9943608 6782180 7953372 5240586 4646942
77059 846926 9956386 33572 4549406 4787618 4860370 3185831 2624215 5392189
8999320 2243023 9684277 2794316 5979285 4426661 9521864 2310925 6671114 4931352
1251420 6306666 6183591 897685 4488697 7053356 7748115 7459123 9181980 2946215
1106056 3241554 5478837 6581296 5052272 8047326 9460061 4314649 8149068 1782383
5224240 9036772 5092857 4889542 1715447 9451339 4632050 5561385 2512234 2033770
7641764 3878396 8555962 6238103 2005547 1480300 1542602 9877877 599450 1256356
7110641 1868347 8991921 6797169 4640377 7543169 9899646 5425154 4618031 9037691
5474046 8576534 224635 4921332 2911579 3520062 9099902 34918 9213029 8946380
5917557 1354345 1361664 5161487 527165 585624 4761088 2173013 4897797 2776231
1036222 4847083 3525003 2137655 6357014 9967300 9099084 8921570 3618058 1259006
9312251 7466975 1639326 1639113 4530771 6219442 2625862 776105 7422451 4173973
9603067 936573 8614174 1563113 9882976 700241 8289607 876645 2080184 3298751
9698287 9541890 3937126 7208578 9470446 1302307 747893 3953479 9018721 4452529
5390610 1838676 569530 5882429 1213360 7253529 3893932 6129117 7750937 6137342
7971825 9067388 2906251 1619506 595123 1068536 7786575 703153 7509309 1267951
6899547 1614367 6166489 7025174 6291308 6524469 112538 313755 2490940 3329106
8301198 968521 9800174 3261369 4153904 3035222 8413038 6786952 8207457 7023726
5156514 8160894 3973088 1051409 7617983 1452494 4183063 4810053 2321774 2620738
8840127 1068056 9252904 492366 7823023 2033985 630911 7499783 2666216 7972048
6308878 6938826 7607297 6069806 9740705 3094523 5040052 7301127 3611744 2423120
5973210 7263467 5132990 4753691 1807138 8862100 3055160 9187294 8805712 650001
2106526 9219632 5952205 1572589 6313831 2839659 3617822 2904357 8664371 6527211
761877 3486666 1294548 5219156 8424751 6658977 2637968 5464159 9882404 6481423
8867642 5450850 94082 2063331 8167578 6917236 5873488 4767395 522297 6093702
9765769 8489982 1594242 8207349 1374829 4615402 6563676 3339684 8273570 2981204
5049727 6219785 1624909 1836542 3793332 2938849 3675208 3191676 8199693 4058910
9809077 8752261 7844147 5198570 247113 2991265 2453313 4050079 9657809 3709447
2231341 8497868 8118289 169682 5442817 2190614 6909620 7913116 4570599 537262
7540035 6712223 4624368 6532783 7018971 6024646 1243860 9899955 2663985 5894175
8994918 3842815 8258935 4454946 2698701 9459707 3079765 5570356 8087427 2098224
7667640 2821886 1483946 1717587 3484720 6566715 5638153 4116046 111276 259572
4511284 7183520 7689414 6692817 2058174 7433805 2988222 2699145 645866 6498229
9667420 3748827 2492349 4015487 5158251 2324692 6252627 1391412 8420509 2868836
9433160 9897007 6349069 5967533 765451 7426721 6246931 8410366 6165741 2721091
6149428 8734983 7407489 1487517 7988988 1306292 6881795 6681317 4098336 441931
2669574 4004030 6550381 8487086 6210968 2813376 3406219 5923189 8519416 1800642
6087131 647850 4964304 5999683 9640374 8925674 5190945 6514358 880278 6406946
9633150 7473666 3677324 2211160 7742126 3852568 1739575 3423503 2842500 3358172
2138549 8379140 7437054 824676 4650422 2273171 9994126 3299572 1767006 8571064
8710392 3424325 2965030 1374084 6956286 5576341 5904169 192016 3919372 2336323
8613010 8663109 6966125 4903536 4633887 2140222 7855026 9492532 1145662 8653113
2377098 437055 1232777 4267359 5348927 8934433 4132680 8094225 299056 1684535
7811366 7125405 8918110 7993106 9955764 8971073 331558 3611459 5323045 4935234
1575064 5840153 8590991 5026669 2065890 5131016 5837061 7445906 5281839 2588810
4428892 9169652 1540309 7835138 4733364 914151 2182512 8866237 2843322 3893180
2813737 3338176 6438937 9812673 7781849 2395925 9865954 5482668 5356952 3137188
6498131 3616762 6994347 3374594 5762004 1958023 9841395 5885923 9350074 7282727
4227081 6049099 6672711 896685 1497579 2603387 1622672 9966319 8009660 1059581
1915743 2896181 4957192 6120778 7393109 995197 9956638 8383395 6544175 3058550
8025655 8857224 8559871 9846057 4152105 9337020 1099712 6321151 4399027 7491901
8561808 3399395 1746154 1508291 3613369 4671472 4501651 3025715 7362352 4385455
7737265 4910139 762127 4030070 5687529 6410953 1268521 6879903 8242640 9517595
2633177 4551866 4348941 7337804 7784771 5755879 2652676 9326306 6977434 2555743
2356345 2063713 4386035 5495732 548781 3558697 3504353 4882828 2401594 1311556
8117313 7528361 5045793 4431000 7685440 9143364 9688559 2231276 2478815 2689378
1236319 1540478 8305553 9900965 709185 3480223 7406 4422529 5658382 4194086
8339558 5822390 3996543 8810169 5996154 4044855 4563289 3315579 7695018 2493694
5507529 50988 2456747 3767642 3989405 5558611 1721325 9395256 5909005 9212914
9395616 6117552 8099967 6878749 8510304 1124918 2517459 2043369 6136326 909869
8852069 5415235 2426114 6629109 2042028 142911 5347885 526848 5332609 5466773
1835269 4288683 7300161 7156328 2069936 7142678 2411389 2966301 560282 3053085
5348990 3075805 4149277 995861 3398806 550486 2244577 2160115 6793798 2808418
9947242 6913477 5852373 9184755 7461446 8691371 4148732 1551229 1319240 7513119
9020031 2635537 3599365 1570603 4293887 3483000 6027910 1672106 5796266 3777624
4257913 4965892 9617985 3231680 9255927 9955507 7184701 1505380 2053279 9300310
8806798 6443702 4446500 6758540 3888504 5796226 4514647 8213258 1313580 5423372
9366487 3575033 5097484 9979952 8108314 7856807 3887508 4163591 961458 4954017
4510397 311592 3950352 8574152 2854187 5991506 9976290 7544455 7327583 5468098
3568498 5090664 3312360 9984140 3394999 431179 1367845 3884930 7953795 1063829
8157936 9269978 442475 6578830 3660139 6277595 1000215 5361335 2907347 4338369
8493047 3825221 7330298 3759061 1386073 8276356 3601421 1787645 8557525 1696294
7167641 8800122 6115364 4935916 3502034 4883905 6372254 717814 1755419 5494902
77596 3532007 791585 4841714 2188907 3597194 206953 6177636 6265380 100319
1129387 4228807 8376019 2049332 8012525 6276326 1131161 3114976 8018603 3382587
260364 6123729 5548447 5291800 2460859 6697287 4606675 5248329 2410792 5721939
8629924 4395390 6946386 7678833 6961866 44906 602117 1287421 8181625 2972859
765904 1866552 7426406 7101070 7095808 50663 2060072 7832214 8332827 7064918
8852545 3396845 3252266 8027565 919662 8004345 9142748 8150772 7527121 7318641
7251511 5690555 6132735 4241597 4716607 5687739 2006402 1272724 298064 2859268
8922907 2248386 7195019 9005034 5322140 6699652 862083 9716438 9841600 9477941
4142025 3221190 6124443 7193399 7053916 80155 6906085 8861567 7137843 8004655
7156477 2892130 1620391 4561506 4154774 9103321 1050686 54784 775001 6069140
4772388 4904413 9395621 9828251 3301899 5568462 2141861 1303455 9775386 6066036
9981399 3426624 8138428 8302720 8890729 3667877 8551511 3226076 3557803 2650901
3708498 1740899 1074539 4012624 2330175 8860798 9453744 1282680 2217750 8903500
8240769 5060803 9897879 4790782 3530702 2402537 4359082 4831142 7327631 2542152
7229705 8169350 7951059 1725119 7316755 1675364 7419033 8638965 4415119 9180315
1047601 2962320 7609184 6410392 6934404 3982517 9396331 5658098 9151027 1697673
8016071 7118645 5970095 1017187 2048624 9611973 1666970 3843199 815045 4269120
3965454 8630804 1538798 6029982 4502051 9869334 9134179 355733 3811030 2893334
1010537 1792646 5532890 425847 6848513 7080629 3162505 2601054 7900612 8282403
9255163 762955 9625875 6939906 2536120 162676 3739542 1658359 8372230 3326009
7770753 1892143 933849 5737570 5773403 9904439 3841852 3716585 2674276 6860086
9313438 4377062 5261842 9844734 5249818 2051534 3423865 6229153 6430266 6064888
6910196 7150459 251459 7656166 1305554 9153684 4509994 447968 1463215 8330257
1340520 8110642 942452 9007266 6573103 7612295 2024416 3921984 8783750 1007839
7950697 5954647 5324963 7828162 2654038 4944891 9175094 1409348 8595324 4345694
4597543 4536267 3224119 35684 9698252 9999775 3245311 2947354 2734364 953715
4641306 5189349 3135103 6840518 1032675 6291080 8903044 3068367 3250337 6004619
5028023 3138535 4179086 1058283 6049216 2233810 6494520 198525 3610940 1913790
3424685 6188105 2941842 9283650 3572247 7836765 8036345 1462815 8733265 5411240
2355581 4818518 6455280 280089 3608621 9154276 9011000 7123994 7486374 6636670
3628599 3625365 8362380 8127919 4025656 2197849 4535968 1795050 5085294 6785205
1528231 9654753 5845330 6127080 3793698 8698144 8281975 989135 7370328 6138693
4034722 5879121 3693915 3002480 2115631 9163118 7740583 3767333 8622198 4472491
7729368 279935 2355234 7381699 1543101 8198644 2977390 195623 7460696 3753423
8550127 216327 3524605 9695151 7984673 5798732 387979 4623378 841903 5544159
8689752 1001735 7270365 7392462 1747656 4520590 2787566 2992740 9449274 1653635
1094921 7695960 8184201 3901895 924616 5873798 7769686 7090964 5756250 7736677
421021 694516 2798771 9435545 7309109 9001199 8503594 9307106 2646876 4805108
9390818 2577203 5623945 7041633 5083126 2527374 7949653 1169631 354055 365448
656703 5858497 1262726 4412629 802345 8981456 7828358 7372444 5042733 5415641
1443910 3612017 9041977 9124415 4481693 6931376 9230634 7664725 7997754 5258144
4108930 6001440 662985 1123532 391472 5029650 540241 3895503 7292427 7545254
5145560 6371866 9856213 4786565 6387808 1428594 4752963 4954682 6174205 6887799
5501491 2671272 9767506 4460091 5740773 4048450 506225 3656047 6933141 9001224
2704189 8290379 7998398 1356706 622439 1021386 9077609 8187758 2743933 3556480
6167471 128996 8020118 4825238 3703440 4907131 841274 9090218 8219997 3316923
6216957 2009145 4891291 6634030 5031237 4436579 8561153 176403 7222814 8906178
1348843 7031121 3546368 2008344 9187754 1726829 8533113 2982259 9980319 800908
532840 9283353 116192 4641703 7958494 4439390 1772004 770492 1237432 3054580
9361054 5027706 2697621 51111 4350032 6143143 172930 4330826 7186895 4077289
5657615 4927673 8109759 5789190 6326384 10281 4506511 5900518 7719693 3392978
3320359 4809000 122958 1995425 5719748 2405432 8015635 4148590 4743461 9017621
4384135 5315456 560544 106167 2066708 525553 7925350 5081542 7423703 4446001
9738831 2317597 2526489 646265 946754 5197533 8699575 7559950 4927737 1361908
278020 9522144 1472015 7937244 7438052 6833551 7364620 4840726 9553773 4533294
5154535 636160 3877446 9181635 2931150 5871843 5334411 1426902 5144201 5000135
473437 2087465 2340589 2639790 9408242 4492963 6999024 6067161 8661374 875476
1216039 3056105 4578725 838294 513643 6720879 3071774 5325790 5925666 6760472
3202027 1731423 4807415 9473907 4287452 1048926 1347540 2991772 4110152 9746255
7249950 5766550 7673686 7820560 8968101 2535197 9089347 4531633 9100415 899435
8008590 877045 1828363 7922410 9933494 4553683 5791987 9355797 4261574 3481903
6518120 2677787 3494061 2164099 9798753 5061882 1858507 7291383 4154328 2970146
5397710 7438192 1435880 6188039 6427125 8679742 9791531 3030762 887876 8529254
2603073 3290034 884345 6524595 8283950 7355898 7488975 8962950 6575361 8418503
1760243 7110939 1427217 5255182 6402137 1931838 8843945 3686748 7366286 9561547
1510469 8768488 2420605 9671331 5449802 5484088 4993527 3512503 8581229 8857591
2999674 5466344 3142221 8759707 9348555 1520934 6798774 5265421 799406 3548138
5489484 5961079 9873236 8022431 55303 572401 7099950 4788777 4686681 2953003
970682 2354934 4284325 2047133 1487592 5269750 5937906 9692960 6138795 999287
6170387 5790609 9072678 4120417 8081422 4770103 6335159 2598712 3688495 2708501
6505256 9077875 6988851 3580870 2703217 4622371 7849595 7415646 1242309 3898389
8164394 2625837 6355086 9029387 6868473 9038513 5055203 9869091 852892 7265658
1331653 2087255 1256096 5268713 2982495 4489409 3114581 5011083 728949 3855379
7080672 4044521 4515733 4304559 3945486 8522588 4727229 9141158 8111689 4073932
2653041 967462 4779420 4835543 244473 2125236 2278893 673064 6914960 3145819
4422573 3380215 9118777 8776394 6440125 5120244 1369120 8366579 979912 6170424
5012611 1335193 5903083 1917859 2014622 5618993 7736514 4546516 5949442 3164820
6894535 8763892 1430211 7456121 7255708 5516686 7423776 6378995 9412410 8826797
9825666 838560 3306593 8942115 8624733 7422121 4793429 136848 4163518 2102181
3499715 5016954 2363573 8076130 7354571 1156401 2458219 7804768 327358 319839
6076256 2254058 8016262 4232613 8719985 7774256 6961307 7470332 4627053 3197631
2507768 4319113 7812148 4054614 8792086 9642417 2087980 278730 7671389 8024217
3078697 2463424 5074016 1323064 5778998 9980659 308340 2333473 9692818 2048227
7759 6875200 3468322 5601007 5763366 4633006 3570143 394509 6105259 1703458
3760016 2843050 6023575 4218517 2958946 2010479 5570899 2402214 4619132 9127679
2935248 5350615 8039075 6012342 4729968 3628994 8573096 644733 9157366 3458012
3076827 9268080 7620592 7253533 5593283 284958 7048086 8940068 3372620 6859360
3730468 4182796 1275408 714527 4085499 172675 4376396 3130635 5331882 5291644
7765274 4518340 2376653 1617862 5265223 3976787 9751224 6352702 6010597 757408
2180849 737157 7116735 4908550 5789164 4365980 2911509 3529770 7490691 2716328
409711 1881411 970735 8113783 5528208 1971467 739223 5575265 4097032 2646838
5483545 9019795 9410724 1621190 3665470 1055567 7428975 3715522 7542054 4825045
4439552 357897 5860932 7529448 9815391 2179073 8686640 266802 4182890 329167
993691 3558561 2575143 4461234 891586 6697126 3996346 2552367 2832969 27421
8236213 9102110 8759901 261780 4758895 6755798 2850354 7810793 9503869 9029982
9260460 5923031 9576509 614046 7767666 9539592 7855025 9193769 7557112 1474563
1224979 2585988 6562441 8223672 7846873 5481995 855790 7885993 4942095 4963482
4113120 4953859 2328059 7787758 3989053 7917990 738580 9599815 7711824 6492712
7378925 2702974 838450 7248357 2638044 7459905 139035 5535532 95303 8561146
8009600 2985633 1629685 8450713 7487822 2889786 2108830 6265965 7667315 3448975
6602152 5039287 7072016 2323669 724304 9803485 7865890 8776767 2229637 1222433
4188810 1950785 3137839 4111376 7263788 2800447 3239596 8342614 760656 7937952
7496856 1691441 6247985 6593511 4558332 6491082 2206099 7466133 8604309 2374164
1157773 7801533 2845600 6761128 7482367 9374343 4109156 4349227 7639436 4994774
1228660 3752488 4929161 5684793 9387568 5184158 9343954 8051678 7855741 1629127
4407326 5102099 4805335 2456278 9145929 8478428 5330688 2206149 6912691 2108847
3634828 7423722 1717135 9286621 2897326 8878660 8045624 1973436 6213124 2908785
3591983 5297834 2834238 1528943 801962 2014413 2500080 3335502 3947303 7517124
4180732 430989 2145230 9502022 7690550 2218882 96157 2004718 8728438 3108358
542938 592941 6504286 9122065 3751194 2756378 2073446 6833799 7813099 8374870
1165848 3200176 8130048 4465052 8236538 1813273 8539551 838871 497147 8563235
741189 6992258 5197701 9386369 8786803 8101562 3405051 4845512 6519378 4007559
8727608 9027876 9958384 7948327 9528445 40378 5799978 9338604 9532698 771846
7726629 6870355 9635650 382842 1766140 714030 5750538 86335 7657631 8389642
8765012 6223833 2483079 5411141 6735564 5849584 4620413 147309 2654024 2194285
4150705 2236287 6527231 4597153 8947253 7074773 8189373 4314495 5162141 4530087
623258 6918754 5903626 2392771 7285108 5357512 5059489 94073 231595 3567629
288781 3911920 8691071 6534126 3439991 4612393 8217159 3779842 6116093 3566653
1277637 906911 6263749 9688589 7286521 2215072 1109385 1742224 4070176 8853908
9437617 7619977 1536325 9748968 376908 1983894 3407898 5696223 5438900 9320337
8883666 3571228 8067917 5948720 9225154 3878304 4240154 8691527 6418489 4316067
5673073 7793253 6282450 4241201 3470082 2400405 6264611 5983166 5335125 4480338
8042889 2283354 4241200 2208014 1035415 458672 8706671 8074141 3450111 2742838
5037327 5451605 999277 9647459 3821737 3050016 8167652 9469054 177988 4006509
7939272 3741605 7540365 9225368 3332446 6802952 5173729 4673806 9109200 4553376
7908307 8999592 5320143 996885 16711 8753398 4988014 2591076 928222 9441771
1568876 3913131 3146871 1971434 320155 8539528 815749 5886590 3382129 310105
3808905 6962970 2816656 7254773 4166832 8539527 1439119 9532904 5935548 6356716
7158769 9904942 7406469 1481363 1792381 3073507 5748964 4632639 5638453 831575
2982505 603952 6508111 8878106 8831203 4079902 402572 7619840 9063342 4396127
6094027 3980235 9719125 7159962 3652469 6822191 9887593 1792906 2284519 8337838
6109579 6405350 2044673 2915706 9316050 9205293 6444936 9252013 1794973 6606760
5473735 3888554 2799079 2848691 7426182 6766902 3612758 7831835 6949496 3915970
3481331 6095964 4023563 6277974 4570582 4708967 7911903 7647913 9438059 1986145
1692952 7872010 1386999 78546 6998647 2844018 74266 8721316 317457 2944494
3617173 2233695 8195774 6482934 2538598 2060187 9271216 2263633 5656945 4287544
9008928 2801177 2174263 8257572 5592764 3197305 2855407 7852760 121952 8059260
249271 1357337 6813054 2701730 9594633 6535298 3426972 771649 3844793 8290036
1081490 352401 4684529 5758444 3753948 4949187 2867690 1460721 6935192 2478032
8325578 6588368 3083839 2115255 5327643 3085214 8227949 4029378 8155714 5583169
986223 5572918 7539543 4780993 2813595 6377935 5790124 7701428 1650546 998108
9810807 5220908 6725758 2063759 127992 7513162 360944 3399705 1500931 4681114
546136 8608413 6511009 7459666 7444092 1475973 332787 6271989 3311339 1714756
742942 1487780 1792457 819927 9449149 4584060 4581329 7884942 442581 8556644
224991 9565596 7023782 7024744 4730048 585935 3739463 573450 9341152 9693143
7738963 1082814 7268676 2443564 8226426 4144958 7908803 3465250 4548855 9844598
3134172 2516467 6078869 3956640 5799874 6117589 7751219 7284186 43403 9816704
1274493 7327223 5867185 721478 1262025 34452 3886364 8715492 8169373 5178561
2119227 5798577 9555017 3807890 8487030 247736 8753395 3674181 430443 8780124
8902600 6169960 2605902 7701741 8673376 3771897 5494104 4618268 6129879 6995103
8886974 1501214 2316176 9859049 6571871 2196452 290713 5136294 2384927 7566731
10407 7213328 2730228 9813114 3057691 8770292 5866402 2083721 4211632 8440320
9004318 7696324 8072202 866595 7172029 3059340 8747550 5073878 2712568 6520338
9594419 5620967 7289312 7502629 3392459 5074323 5144939 5052733 4452563 4302509
3664080 6469138 6688192 843663 8530312 8766139 5751055 1208637 1410855 2594113
853513 1712176 852629 1626210 956161 5681657 7919687 1478711 1209214 8012497
7606976 1366946 3371376 9432371 4193734 9774873 4106926 9748926 8682793 7661307
4722415 8847731 7250505 2367350 5432845 8363271 6340140 6235504 8092660 5089882
526668 8383669 8381003 5480163 5290267 1133743 1632643 3711975 6436911 4872449
4463794 2484154 1659853 4374595 3428700 5149548 2100269 9871324 8606815 4170614
4737239 2785799 6518001 2607772 8322618 7409154 4409063 3032806 7878564 102306
4621437 2172141 3329170 1455865 1837694 5516618 36917 1801870 841796 4650204
9439966 3437227 551437 2967561 4288214 3823068 8749882 3347685 4532631 7275898
5216228 4796371 9192522 3214491 8395873 1851973 2254538 7681822 8969602 3227983
2216043 1734313 9747378 7221695 7148197 2459500 449071 8688617 7479553 1209301
513357 4490960 8015438 4701843 2087667 5482125 2189050 4241108 8349230 3208485
9077153 1677142 5008983 3116130 1451439 2671675 7979166 7020832 2534478 3865010
2555888 5832977 2952677 4613870 5308960 5334127 8817134 2747585 7747067 1273754
2150666 230978 5466122 1202870 2621397 810689 3559934 5994213 5334275 8834629
9087002 1719312 7976552 7536225 8528194 8407036 9890416 5028038 2544266 8704163
9386774 1166028 7625267 2895175 1978864 3391219 3059993 3099473 3652734 5523472
6502916 5004408 5921176 2520442 6151966 9560184 2421730 2453484 1862259 4631163
336605 9556921 3946251 6699273 9442567 8411456 9088680 9950697 981709 4453490
9874930 2609427 6213670 6513735 8061791 960391 1934584 1743458 8833402 9179547
1885520 2873373 9218419 6908551 5175852 7472778 7675068 7514714 7666904 9292938
9313355 1239102 4636577 9196580 7817478 2535044 9897402 9470149 4022468 6859751
290567 3266639 8490888 8785600 9320302 3979922 3273436 5523108 1034144 1750216
2781634 1387753 6618797 4611913 3891922 8222942 9672109 5457759 75633 8070843
13947 8655342 9292394 2016281 2787243 8375025 8553219 6819896 8213873 8559748
4047387 1256891 9787857 7838236 2715348 8904032 9189502 9489173 9369255 2481086
5129849 5048721 7181709 6497094 2549037 8754493 4667970 9381924 1162551 881307
129118 8304197 7823571 7292951 5340244 738738 9638248 3313794 4274084 8072799
5288642 2999941 2125353 9505097 8554635 9518661 1337944 5319606 3099685 1341042
6182982 5534132 9424840 443302 4067465 7035357 8727052 9431896 6178124 4019415
6141320 7083233 3079323 4204003 5018347 1112243 7084652 8593929 9570563 6263044
7529767 1906937 6331357 2378180 644958 7040947 8906148 4892221 147731 9705003
114813 7910842 1615146 2932668 4212291 5610713 619247 636835 2246629 1526745
6837608 2619468 7414982 6796668 8960543 4783135 7061021 4390159 2289040 9311521
8120533 4725948 5253106 4872057 1808250 5659798 124060 7529134 2006141 5419751
4365044 9055916 3801809 9137564 1445724 9677053 9743001 509734 1072180 7597625
3439413 6049388 6430268 7298765 6433600 2374708 439346 2393956 7518705 1990805
1613770 483417 4915684 1873521 3438368 2324719 1813386 4731395 9827608 7759296
6456908 268945 1860146 5877305 7682252 6740961 1200262 8110637 2033717 1566637
7978873 7852352 3198585 1244051 6479976 9388465 4377807 9794942 4316224 1895113
2441136 5858056 9964533 5715042 5676067 9012719 958122 3618288 7594236 41800
2603152 2961849 516699 3146619 9782757 5587818 4948441 2695142 3955822 4449357
7855964 4992827 3896093 1374138 8444903 5315780 2755749 2086034 789044 8151038
3601164 6184450 169714 3667728 3634158 7896644 8148344 5177506 3466914 2238744
3293982 9442874 8536693 7020856 7913943 3009230 5684957 2579304 4486098 7433404
5892198 2623148 8488384 9537311 4158730 4876680 4473052 5087732 9048509 496343
1512837 1202490 4380546 7224297 7410618 9451584 5762328 5830127 437787 9634661
7105516 8666241 3859228 3651712 947645 8379856 9425194 8350808 2277892 1812315
9798223 4905933 4269396 4488532 9871248 4412595 3081714 7784658 843211 841501
7620100 9111494 973293 8564170 3330254 784110 5458979 8889274 8528307 9185279
282647 5208875 9197760 3178920 6355490 2328691 1226480 4373995 9232792 7966842
6119022 2920822 7247938 5620056 9687124 8733016 9026490 3722236 9119268 5914035
1195343 9841190 2748527 1836127 8749932 5865819 9599895 7922495 8779079 125716
3167104 6725187 1036470 7459782 633888 8006940 838213 6828700 2631412 5158747
5515750 2691544 4005603 8267311 7438688 688294 8060960 700582 7287836 7174245
6551471 9382313 4753203 8360496 790163 2487715 9850484 6070601 8866336 7813383
6929011 2494780 7320958 2322251 5012223 1024593 7017051 8745289 5810905 7190034
9279630 9586028 2575867 7100290 5884383 1730670 756552 454056 9027278 6373646
3016800 6408776 8082239 6805835 6838999 5666424 5814535 9491534 3272619 1246366
2624971 402924 3617246 1775335 9777331 2884015 7270194 9984129 6963844 3013894
2322530 1381546 4870082 6203858 680662 8585628 9882713 6338052 10939 9989220
5126375 2278025 2666829 2642573 1015479 5986901 6778735 4645698 3869182 5250888
1851156 2878086 5722229 1802679 7688742 1961882 9406935 5725842 6089633 2025445
3158682 1816519 2052641 4339989 4223720 4384714 9157930 2026624 6887999 9420154
9297989 2365265 1207904 1062731 6857406 8471225 7450150 997492 4024216 2956538
9378443 9767800 5117235 6979214 8998157 6187689 9609634 1353622 1588805 5223035
3291650 4800489 7592617 7565451 2652098 6861646 1984996 9523130 786092 9851814
1097843 2752483 571375 2917442 1737910 8416649 4576735 4730869 3299519 1283949
6832982 1918190 4824711 2744293 47881 6935813 8046721 1254088 7233784 3878667
2617051 6275741 1954628 2773175 9194749 4015169 3235073 4139392 5235256 918315
382035 3009277 1112096 5125937 9754831 5647532 8406223 9698858 5202684 8801205
4490061 7640399 5399786 6274805 8137536 7081168 582617 7173868 3245336 8205309
816950 5787528 9034067 5649122 3372610 3105875 2489893 488715 8844955 4916811
7005004 7162866 5056707 44363 7647355 1660296 7170916 7230170 6292760 1473032
5776452 552371 2259171 6642275 3973985 7420129 8968410 7016336 9239484 4887319
5915116 7978002 6708813 3246449 5140752 4280779 1602815 290535 6839158 2849495
3951853 1606826 4828425 3501679 5976570 96544 4300215 3421282 6331517 3717225
142869 5455290 4087161 7419898 7454185 8279377 642077 9099525 6842713 3362344
335056 8906862 5630884 543775 1501851 4919646 9171733 9345632 1533829 2972540
779089 4324034 7694390 4300348 346168 5792600 9550294 2495422 4481508 1040596
1538730 3182680 4300444 3720527 1241782 5498348 8152981 6349900 4398634 3128070
3886332 8580226 9181193 4251378 1682064 3159024 5861161 7225006 9808234 2047838
2872151 8653456 4203721 632960 3381785 7275825 3626500 9335275 3737392 3372512
3319791 605726 9729142 6157985 3339468 6800775 56049 6202493 3639774 9768982
5752409 2569611 2390757 3410066 240230 7667308 4763450 3275653 7798102 8024619
3018603 4510108 2132867 9814858 3188893 243091 6443477 3132199 7114529 1935009
5192137 2846373 7354078 1494327 8815381 3586427 8348341 8604598 5338246 251096
5010679 458539 2088289 6556669 6127185 1610761 1275531 4888743 1270218 1606564
8486940 1350348 13528 9346363 1306552 5022427 1160726 4709932 6627351 8498201
265135 1477705 8823218 1664064 3146044 5523125 3445094 6321449 7534647 9173966
8640609 9843438 6329743 9365198 3147111 6330560 8901924 9043106 396259 5960890
4936245 8120441 5875113 7987328 9758402 8911562 9742807 3389731 4859400 4085333
3620034 2160282 7105411 2529077 5480029 1257982 8156534 1320338 938632 8603685
7556358 1038313 9122818 1346401 6182989 2828026 682891 7015566 554579 5793595
6267090 3082915 3379387 49568 3892821 8592342 5632427 643418 5049780 706843
6965881 8746541 1424169 9809165 9752651 2981590 1375050 9439689 3467310 938057
9339513 6935244 6149751 3246623 8953301 239706 7103788 5153542 4253489 2823972
5980878 5455340 508037 4774008 5149597 1783194 8471908 3837940 5236686 6093828
3627744 9772377 4615920 9610589 2233048 1057594 4009071 6016993 3226609 1448129
7827484 5696296 8397805 7531252 8395037 2759577 2959268 6588042 2367196 1420358
7640288 9955797 4412898 153629 485691 8359433 1595839 6036453 8402982 3614359
9056102 5381628 5313663 7824560 1563480 9084230 5111252 9383741 7612134 1150574
5419030 2372494 4218655 1333892 3685841 4565320 4500739 9229556 7624290 551437
2925782 6645579 2351836 2851772 7135637 3662949 652052 2977126 5635850 2471614
7430483 1974427 2355651 8094587 8362444 1545936 3032740 8250863 1308278 7978096
9429150 8962803 1847560 9320206 1270542 9821455 9718207 5311233 3101858 3071068
6797243 1075186 4284201 3232000 2177848 63565 2269401 4411045 1948822 1674008
4047383 3295671 4231578 9984466 2688840 6138982 284531 7303040 2164272 3937704
6004174 3144543 4315383 8223323 3867978 2663550 8595139 5994446 4825633 1936957
6136208 1982835 7016681 2948217 9700785 4493793 5740022 529556 4308844 7697097
6244397 1422733 9894363 5470887 7646616 7171857 2052760 6755859 1657405 8744273
3539567 8629283 1722530 8422923 4604790 9825246 4369515 6641665 8785796 7757915
6066662 4302626 5947569 268640 1528060 3133336 4501065 1021585 1227751 8875112
5442361 8445818 5503454 6431341 9813295 7840534 2674174 8294893 1385824 2063856
2074743 1312489 1729378 3633355 9933131 6181956 1811488 8309779 780283 1412127
5243562 8950031 402021 7486199 1639552 952768 4995148 2831869 8444878 8044384
1877270 9517661 2949746 2712984 2079809 3149407 8578580 366834 8117781 7826531
8517152 5660082 7440564 8228799 3868660 7982228 2638775 2963855 813654 7545937
2354041 35130 9332678 6191201 7122919 6032222 6592956 3743151 8542552 6798196
7600093 7188701 366890 7967691 9045500 601547 9591680 369240 2650261 9670990
4833201 2330897 3556777 8878758 9471854 8772435 1148503 4672806 133040 5761932
1731302 8138234 1053087 776351 1805256 2201827 3015123 9462618 3471211 1586790
1296893 7084918 7833146 904319 584436 1590374 4145754 4337693 2042429 1736672
8410280 6245380 4880091 8323892 6335606 7104529 7981334 7404239 4021593 7085676
4480232 4114088 7757620 1488547 8099008 1564173 9138534 3015165 1631214 9818864
5036141 6730861 5691032 1264444 7990318 3386218 855837 2542164 5556855 9410500
3660591 4354994 9334624 8339248 3853717 216592 3826492 7945685 3878046 2895788
6244364 9031404 4307924 9837289 5222138 9686508 1719555 6256988 4369442 2289868
7961487 3569203 5953652 6624824 7077880 9156707 9497301 8475666 7974154 7031586
4258089 3949703 2450751 431035 4398527 90857 4783945 878830 7898486 2186183
1644701 5810563 7519120 4898534 7677869 6603221 9952957 2227686 5255068 2100032
3032593 6673768 9536911 7338313 671593 7966590 3095471 6809083 9267905 9658756
77330 9597477 4868586 8489631 8478299 9933161 6889136 8071047 1258229 9249222
5046939 8734725 4287671 3953940 9097787 653304 4966928 9483359 7971063 7773051
8810051 7051410 1992815 8922435 3387874 1712665 6223488 4177326 6882665 2909734
2524361 5546674 6190421 7870579 4853772 5419423 3496710 4469243 9933924 5597346
7323467 2487046 5482027 862606 3658638 8828137 4578736 5912513 7085608 7256359
4580872 2128829 9313451 7956068 9313742 5233204 5578540 1766268 3052588 5719883
1722434 1093624 3428644 2824974 4183674 3529821 801937 1822667 9444506 922256
9104561 8756035 7751464 5131531 1877811 4992039 205334 6125809 9839759 4269452
4894191 2010083 1061593 605957 4632801 4033618 6813656 9558080 6486117 3808884
7559393 2637464 2271850 5827422 713176 5351710 9978145 2510601 2484195 7130452
1871281 1494622 7081339 6888276 8699515 6921048 6250432 4304500 1683933 331716
1839768 7171824 7448543 8275262 2330773 5748958 2445554 985477 6696062 8522315
1943347 6049133 3246638 1326268 4419127 2101667 4569293 4390266 666416 9880735
2523792 3938681 8839457 4706563 8034537 6210132 237992 3013297 1509578 912885
3265498 7760381 3114922 5301462 8034319 3799378 4652571 2615431 5460374 6487433
9040262 6917188 7129610 9554323 4361670 2294621 117886 4889338 2362586 5791657
7938123 2002496 8798975 7199607 5272432 9529610 495309 3368261 640571 2492043
9413766 3575054 1238552 6963003 6745844 3723424 5320982 3594371 9651115 5866945
7339259 8282866 5187489 4968706 5706773 6258219 8763349 5964061 3908600 3373542
231386 9485095 1120639 4501265 8708699 1239801 7540012 1801422 4714177 1498678
5262528 392819 8848280 3341713 26822 8749348 3753849 9492763 8336869 2044418
5063206 5525404 9824063 6933201 4063136 5546205 3396077 5687228 1185191 7990678
9966354 4813040 4347900 1703756 8520129 2606240 3027525 4711045 9894144 8885009
1230642 9603924 5875490 9416914 2540967 7813569 3698952 2617223 4383421 2688294
2461301 9542489 4897623 2254048 3323100 2247997 2142576 9929301 7567729 1082207
3755576 8258869 790463 6283933 7601768 4061451 7064677 3806883 5462379 5429665
9196403 7821756 2937093 446983 4685713 3776918 5587706 5674771 767406 5065668
1617408 1985458 9443213 105216 414865 9555987 2792335 1783430 1667944 8972558
2537117 8212923 8769614 9466399 9534253 7547684 1327634 6027599 9912347 9034763
9722914 3377447 3648703 5460300 9344580 8304150 17031 2633691 7331768 5410085
2482127 2424673 4735490 4335406 7779363 4477519 4692784 624957 9900184 3061664
2513901 3261147 9926324 4903981 8710440 1598436 7612491 1068971 7132650 5056224
3821362 8664420 2127391 8938087 2544268 279944 4998128 5585742 7523612 3649508
3531379 2487355 844402 5937887 3887809 1684355 7162183 1532092 4834369 5082819
412910 6960893 5869300 6308 8907988 8351841 9874028 7482660 3755197 9194553
3356052 2338524 3508618 1502410 1338562 3168516 5765626 720455 7402408 9106521
3709510 6401227 2424060 5952582 6119127 4132343 6356957 1330776 8691251 9299653
1397831 9872090 8863043 7396705 2872329 6714540 5458750 9816412 2117496 5505196
1371409 1681835 196877 4964724 9856586 6477408 6837387 1686775 8939991 6609254
6582427 5782739 7029546 3648723 6629141 7094973 8562458 3146870 6630658 206788
4339756 3910843 7902251 6816326 1900757 6732179 6783029 202556 7549791 8893009
8872396 8911490 5493294 3596371 1888469 9750610 1717847 664809 9975983 1941556
7745391 6753773 6179395 4683217 203579 3232288 8483354 3266964 1155064 1533620
1011746 325770 345449 6960139 5324737 2999291 2333796 791366 4675118 3626274
1685038 9695925 3858317 2438116 1258935 4413793 6783342 6368699 2022949 1011329
1842165 259548 5022839 5457412 5471756 2733336 6551098 9718698 6379786 4510681
3970213 5473891 2117515 5218457 350933 5285626 6661954 2083190 1085247 7259563
8271975 6151472 4416050 2384148 7904629 1411522 2909182 4293819 7322850 6431098
464521 5578362 6694116 1989395 7269456 1973659 3747102 3148575 7760107 1565490
7546300 7429969 2884615 6508976 7652418 5320036 8647272 2808656 5342206 6855234
4657540 6207630 8795598 8497475 1530352 2757088 3429053 4240981 3087535 2526120
9244104 7629473 1242913 156384 4964863 593100 6413294 9152376 2969709 8576235
1873979 2013760 8922639 15235 8467463 3274612 6118152 5763550 7052386 4485880
4195214 3831821 3410619 4894637 5625630 8173616 8896911 6862592 3376606 796826
4771413 9388048 4684343 9879332 3750957 7236140 7151131 852422 6774871 9382359
4288676 2422255 6300806 7255434 638905 4013786 8242538 2347225 3537551 4132775
6967078 2270280 7737429 6200408 2718003 3394530 9160289 3260462 2985024 940727
6546921 2673433 9657272 3402451 9711278 3277363 9643191 1534118 7231140 4500351
324788 4559157 4845394 3214575 226976 3938204 7628893 7234999 9229448 1997997
1576471 6346193 5134230 3968576 6377160 344959 1592343 9169565 9971109 3804996
3553635 8645533 7418113 4111461 3164302 7993762 6787939 2843157 9389078 5572091
3829249 4130941 2916892 6740243 6552827 1959354 3955484 3024210 4910131 7755240
116462 1607349 7751533 3921293 6810050 4546448 4024685 4432339 5415908 1163510
191474 9664232 4808482 7791678 7708673 9062316 6842981 5836163 9456695 3400206
4368214 9688854 1276475 1170947 3670661 1843945 4018171 9302765 8253622 912329
833712 9091974 6090876 9400668 5135208 5362782 9790319 6908788 8581597 7679154
2659105 943300 1731198 3687686 3411176 8104291 3784269 8435129 4655054 5427343
7559439 9622156 9351637 8120305 7000267 3983962 1277512 1542156 6728692 5754522
2973156 9208383 3413744 8449079 2230782 6100865 3413043 7351254 58189 8520951
7325206 8549293 9637869 931921 734099 6131718 7126348 4817633 1949462 4489023
9750819 2275083 276507 9764970 3779866 3808969 6775540 5824577 3464440 6002927
1719520 5386855 8125176 6903026 3752723 8146068 7896772 295668 9981936 7399492
5475802 1107069 1288067 6360039 6914303 516517 8699645 2423268 8371174 6448372
9153120 5490540 6366103 535438 8699086 8482682 213406 8494283 4880006 4693448
2394198 7090723 2881223 3849965 1165854 7402019 7000591 6175505 8278027 741914
7988666 9314195 9114223 5813869 2906361 6203329 7223 7669698 6097521 4384849
1504919 9120045 8560953 18492 835377 7283246 5530921 6248507 8928346 3173288
3170071 2064632 7201272 9348002 3778526 5714683 3740968 2933201 6948511 1942195
7200133 562749 1612664 2811915 9022367 2958193 6598879 63702 6727489 2939546
9178745 4779724 4594990 6678932 7631944 2649428 7982871 4312393 2402161 9567548
9561757 7762997 6713378 8572211 8169168 5911801 5943379 9213059 9900485 2302422
2859618 5310332 9265729 6477715 8862649 6819366 7024933 2713741 9631297 8606707
7722813 9582216 8369866 9206699 7219830 5282181 8857296 5447501 8268206 8369221
7044880 1306007 9151256 9459237 554466 5717928 9380805 9714180 2864443 1155545
5707331 4054235 7993618 4817289 212407 2022504 8409780 3991938 852310 6826377
6774253 5030054 8460531 1912393 7197173 7206480 5174199 7024789 9976708 1125005
8766387 2774589 4009109 5652159 1568236 3879513 1603240 5657076 2335273 9681318
3807851 8832916 9007293 1671424 9075966 7124264 6131721 4148547 7538563 574287
4418695 2641346 5198493 1292190 3527146 4088275 8640897 629435 736388 5705133
8852008 1652885 9223294 2879030 693888 7288736 3800971 7481845 5340678 2870536
4277922 8600037 3788821 3343280 7342618 8005341 1623758 8267547 9500676 6137561
2272583 1518785 5541350 7274017 2512576 8405421 6982595 7601513 8874377 3364162
5708724 5467523 4894371 229430 1483922 2148270 1557170 6862479 2834082 8152233
7954398 549408 742956 9591648 425949 8825321 8711180 194232 9830787 2976775
1659841 2412075 6851986 226441 4996681 7410197 4905640 6574841 5020340 4240890
2139550 9601291 5160064 3305444 4459247 7338553 9589297 9529760 4949428 1440913
306612 7320669 3809647 7319866 9872127 3360990 4916229 9489011 9356883 2060779
1265172 3861375 5419103 2628054 6988667 3353195 5194831 6640519 9268299 9160050
423592 7470691 2633982 3546289 1087464 4136935 1444647 3901624 2010633 5622524
3304570 1725259 6034672 5763525 3758290 1681158 613042 1563829 660025 9367602
3380633 8342643 6840259 8421469 4482533 8214058 9322678 2628383 696891 1541197
6685803 7740713 5604640 6450308 227441 8190661 340356 4755291 5886775 2794794
2214746 4419458 4009248 7437709 6270257 3346731 4506945 2390259 4420122 1679143
4928780 9460392 6654193 1982305 1323354 8370239 6747498 4050553 6708110 737944
861444 1235346 5575371 1259504 1487104 5795222 4259241 4605948 7065719 7627678
1523145 6483474 7935808 2414115 3278904 1737972 9856385 8655753 704841 259035
3289930 6143429 8901102 1951619 5648842 8309355 9243456 3425666 4183451 8796295
9644189 3731816 1543225 6284756 6849753 8826898 9333574 2710933 2684571 1164302
4559781 4707931 6801189 4540648 4773208 1473709 9215715 2044336 5948476 4626261
3302825 6397732 6619134 8196307 4486997 6850956 6967022 9216442 8702464 2450874
3184011 9084477 8588906 2762041 9910775 913530 7766806 1041296 9201769 1235556
6856625 4789945 4445395 5553593 1899404 8219043 4970368 8665089 8753859 9497013
5234800 1700295 1429314 5956891 8879015 1995722 2254534 9682738 4634939 8333518
2195841 8108434 6927441 8854880 9881791 3595075 5073471 1094409 2707157 221446
4858844 3401038 6212772 1150212 8255671 1563159 8570313 6391705 6348499 9927205
8861329 8491608 8070112 4453150 3340238 3868449 3172181 8544030 8305343 4544394
9134654 1631034 5000416 1770805 5428635 2615237 9310841 7223430 8374929 3112654
720110 5141637 9964625 2052806 9004395 9724082 4210083 8230860 2052489 1999824
9924140 8975010 9892899 2377296 2529080 4022675 1577856 7737466 5659288 7546874
5067532 2745055 1240385 4397295 9300225 3027716 1679419 9086072 1654568 9580673
5496333 2856265 6260817 4459717 2165789 6116071 8513402 7220099 9636497 4920795
3113146 6116901 4475945 7558838 7738533 7295584 7655806 8114709 6458326 3728567
9958052 6843431 5819686 8884365 9499815 2584784 1206920 540309 4894664 1944676
8993199 9408834 1711960 9183201 2904239 7480881 4299531 6153137 9319812 2791426
5378464 3233100 3395456 702869 7434133 5446063 7235712 6043766 5598721 5624123
6685347 4251603 8797080 7650209 5037605 7031141 2482655 2993382 543110 1024494
9855257 7268306 2675990 7129635 8748946 4017254 8119999 6823482 7181794 4660714
1241470 7948037 2569944 9087308 9249696 4953392 510313 8978411 3307095 2942265
6840944 879594 2910284 5928159 8048421 4419926 8503545 9429944 3729563 9839266
2463804 7185417 1646001 8849414 84352 7539544 3184595 1351623 217169 1157621
4639232 8554972 8110705 6877701 6107073 7136923 6504037 2621191 4398298 2621685
2852511 3543031 8804079 1714821 4878525 2330069 7884055 5967517 6990995 3336714
1050564 3053981 1863897 9661251 8106505 5881772 3978085 6163584 3477514 4783861
242977 5257263 6067062 9297397 85866 7232085 1989113 8739231 4878691 965517
4747632 6297094 8311824 2619545 1222216 1474534 2373935 3441385 1561782 6566748
9962731 2822031 4558851 5859644 2312133 2764364 9080256 7398856 8950115 2265402
9373587 8564990 4384842 8102006 1417734 1191409 3695231 9164454 3561650 7378367
4886207 9046253 3679415 5557005 6011357 9925416 2660928 7137912 4605149 4237393
7639088 7828450 2188388 3748527 5054785 9264587 835974 525596 1744075 8235298
8427788 586022 359872 3697149 2629951 4000030 8982086 1526202 9453268 4559272
1703236 2170642 961865 4765125 2115380 1056556 574262 3519259 5473241 2508123
5215832 1737809 3919903 9338267 9959613 2268333 2852556 925173 9510959 2696173
5038357 6994345 8714193 8413907 2980500 3397670 5561699 6609785 7288727 9564975
3101514 1327112 4711813 895810 3141164 4628972 1440406 2153255 5455291 1664046
4276905 666210 9445232 6591122 2419468 8883534 6407719 1455063 9353838 8323113
9488721 5514797 6759945 4645510 6820758 8738930 8296904 9423006 5238593 5247891
2504145 5566513 4375434 2133733 3134263 6500528 735917 3682347 5436796 8436979
9976628 8415870 8616141 6504267 3431342 4545979 7440476 1773761 1211223 1542652
8519362 9324022 7594248 7137417 8069362 5884116 5292235 8908680 4680795 755766
5944870 8114299 3290701 979355 337958 2012194 808765 7766379 4168579 4785608
9783694 9357690 1692355 8997580 156321 4838754 1297673 5852642 9098838 6914170
4986619 6782273 1043282 4334789 2456340 4583046 2675082 7139023 9787675 4387061
8918009 6330563 7593809 3997794 2234241 7586227 1030963 2703596 7147576 2040975
7500591 6032292 468044 938637 404336 3950711 4697400 1043039 6935746 6237394
9432632 8072862 5778321 9163161 2219776 8038387 3467200 2693123 4339806 1422549
6652475 8885137 2794872 316749 9190744 8185149 3628366 6982405 1551479 663871
7944451 7618240 2565845 1572205 8702345 830958 3594791 959614 9885784 8764410
3250922 2270566 24433 319291 4135105 1743697 1961628 1218641 3409569 1615699
2222481 7141650 6049302 1074036 5551717 1785062 6017808 247574 6055396 6556870
3949555 5181674 8204790 3966959 715707 2179601 1716862 2903899 6796000 6443965
6240586 2063289 5343851 4898148 3735415 9986842 4890386 1793612 4805072 32550
1984741 4476059 5015688 6585828 7557207 5389469 8103047 345177 9372339 1746573
1422967 4832019 3905306 4111174 8938939 5208354 8046867 3959550 1294379 3009707
1141526 8109572 8054119 1556585 898885 9386873 9107670 984362 4055058 1296845
2204795 5839915 1413163 7240273 2693088 8282292 9259403 1218791 1608114 4587812
2444948 8500456 4787736 326084 1962830 8910833 9540460 731839 9264794 3756281
4334297 7976491 9385239 4132564 3189506 7178155 4661783 3075970 5516720 3554398
1919293 7488364 2865487 645392 8341341 8075514 9647430 5358459 8578904 244192
7587889 5308433 8430281 7545822 2651368 9252923 3776596 8615290 8114858 8441545
3143015 1290331 5983383 2087252 4423655 6018641 5153737 9795093 3276120 1466722
9978130 9612371 7985255 3389924 7685719 9123117 5313484 2585815 4569400 6872671
6598726 856092 6457795 849001 3295039 4945591 7968534 2142400 9968086 8687424
7979663 1407832 6066579 8928860 7749279 8987512 1240534 2159438 3818758 8492404
1119984 3609327 1920524 9662336 3998822 635681 3243337 672098 5857941 6820876
7979237 1883737 4062859 2215481 5734200 2349042 9536902 46882 2152532 5825885
6998627 801761 5066122 4345412 1958832 4170086 3034670 9672892 1737287 6764046
8647433 2753268 5413082 7701607 1786366 6678611 8436727 6334058 7004563 2464092
9984352 3275096 8636459 6624487 5198448 8580321 3160313 4279906 6085490 8876445
9686770 377906 9670819 6225572 5387439 7568054 8666588 3466363 4177482 6946662
2861089 2965359 3112656 2730169 9234689 9089348 1780516 4899502 7300231 5160005
3528518 520176 3291918 4899279 1235007 1365341 4258289 401576 7419573 4972483
1826302 8876367 9499711 9247957 1081997 7003426 8823434 5080309 7731981 757571
252266 3068929 3372837 8505444 1155531 1175532 7346287 355789 4550496 6187723
3770901 7011625 127509 7459863 3160805 6549393 9412997 8750141 8355648 233909
7307639 6428023 7470450 919712 5655354 5544149 2162556 7867934 6574017 7612630
5307001 742848 2181982 4475883 3642725 2022025 7316596 1278729 1780493 6336679
6687621 6453283 8870934 7372822 1980528 1448833 6626587 131960 3954353 4370624
297475 8216167 5940200 7008568 2526656 3983697 9111935 6717995 7039986 5122138
5103672 4760175 8224477 8885800 3007184 8413679 2508425 191396 3202990 9668253
5089511 9369824 7171199 1275294 890864 2337627 2812424 1703175 7530507 3204919
9397507 3905504 5850471 7510571 1181724 9387073 8188689 9670648 8292673 1206692
8862339 7667567 2663103 5288955 6858868 9486725 9783984 8370729 3507057 7939412
749652 4317565 191126 8734435 5152040 8921909 1047084 6691562 4965166 8016539
1724230 5650586 72652 8976223 4416943 4507524 7458593 9858796 5292733 4885012
3838920 3832883 3252860 3970447 3564653 7409194 9769628 6807437 1625888 9876169
3924310 4997265 3317778 5813310 2505633 9409023 2375292 3367730 9356030 6436966
3448882 2406901 3655744 2879624 4796596 6454335 3384899 5698442 1192105 6337998
6808492 7767511 4959460 9134669 9878828 5224523 8848804 216106 9700094 547638
4662565 1411042 1220419 5718124 9885360 9577446 7125979 5355569 1695831 2610032
2954794 3978606 1565144 8087473 2261063 4578246 5791650 5441664 2874940 4369307
6661390 1834544 5938703 1844643 6472247 6461537 9630276 6182116 409330 2413042
1413541 8143165 5269593 7354706 5591264 4692595 7173779 2665747 5394061 6715693
475269 3277951 6230798 1534426 7495322 523877 8928608 3106155 6786858 4843868
7301710 9187525 6523610 7956626 9913266 7452844 2098392 2435387 2435097 6784704
8869902 9243831 2062025 958922 5912099 7127462 128959 9350327 5744152 7280395
4881197 2924322 8751109 1989385 8864892 1400213 6402852 2507073 392798 9801400
6127790 6112527 5921619 6093216 1001232 5218816 7824989 5959022 8990207 3518164
7614186 8740563 8914887 6693856 6830924 7680317 8997276 1459134 2376696 1663283
6222229 6190615 9251920 445208 6543753 5532372 4891869 2949101 6378303 2459573
2170345 4280714 2273858 2948666 8326737 5844505 1809523 6930572 8381152 1771243
4376943 9709399 3266389 9500494 7570103 2744899 9318762 6078739 6648004 3526090
3793792 1698199 7508540 3737893 6803719 9695037 1932438 926105 933427 3113571
4618754 7046756 8809962 9108367 5918736 3727886 4445074 6566313 6257997 6570174
1066492 6921792 592288 6501646 326814 6427011 3205155 5684773 3477251 6055433
4353133 5403653 6132577 7025937 4329214 7365350 3720516 3194239 6076528 951279
6521751 3429615 4119127 9513767 9204356 8821799 1288236 4063443 6092123 6938633
4515533 8940984 1315237 5405997 3026806 7874770 8282421 4140581 5797920 901891
3995552 2867809 3941214 8310251 3708050 1842611 2810022 7712154 4680776 6409878
8451482 3403443 8321698 9814820 6010440 4463145 4887370 7618427 7129531 2148186
8678060 7693368 6835843 6598872 3878314 2949066 68120 987757 1760519 2337272
4958039 6539679 6686705 9006511 7634095 9026797 8889960 7081125 2327326 1634212
1640307 7546617 5825953 1885453 7808469 7039794 3976393 1632181 430433 6459462
6131351 6976388 1988431 9693479 1073287 9840619 2678010 686074 8270334 4970689
9698473 9509297 2917767 7064450 2164876 4926076 419028 494202 3679636 6316411
7376600 6965008 3546944 9240408 3291268 1477267 1665150 9822371 968319 3466549
7622714 4361054 4303777 1099586 8512032 1225628 9754320 4326143 3905440 8091800
1173758 284899 6127314 8093134 7683828 6752903 6747502 8058805 7775712 9224708
1387730 9977165 407316 8320476 8574526 7915244 114813 6920515 3879389 5437161
328224 5836810 8008048 3780917 2713201 8657217 8686562 856255 9620257 1601627
1597404 1062170 5076045 2512020 9835282 6288621 9645990 9810794 5488974 4945535
6254029 2301663 7247130 9268497 7726606 6131342 4084935 4793511 4838635 8821144
2858930 3595122 6868810 2472922 1399719 3561865 701600 3992691 6475583 2606975
2055058 273318 9041983 4754480 7262089 505943 2242187 1470599 7170774 2094537
126900 9712343 5671790 26977 2617251 9038591 3177709 152448 821619 7193822
7783979 921200 2180023 7111261 2009246 8560687 4718153 5967184 3724594 1065115
1178536 1486863 1770145 6938237 1789279 2559178 2546060 9383824 4548329 354745
8064216 2038723 1255677 3108652 1188598 496084 6116761 8676535 6748099 9882212
7343601 8475087 5379960 6271102 5214483 9136781 6110800 6073618 5484476 2236572
540441 4967942 5774470 8044029 4115684 9165232 3887578 6158558 1710730 7674422
2621689 4708843 8098786 8241848 7371717 6981788 3607830 3666483 685780 8158588
5326242 4396000 9053490 2083308 3409834 7118588 2300761 4429454 9722061 163395
6021754 2399988 6726011 1355823 8197793 2039696 6331725 744515 4754339 7404379
546367 8648212 4569602 1902757 2756907 942557 5349853 210354 934884 952351
9439473 8783671 319787 5113580 6534894 4979451 7749545 903614 2547576 6980566
2598024 1640786 4793859 6195130 5684457 9901059 4515725 2315985 158904 2328442
9784904 5032405 4001488 6793331 9632298 6935197 4696786 7740699 313616 672483
4124651 4717804 6597266 8111572 9305642 6681415 6474762 629044 1978320 9378703
3925016 2136875 565389 8959137 7344109 6536926 748843 4049681 1144596 9703480
4179547 7493110 7367599 1949286 99849 9048486 8765598 6629486 3309341 8017274
3475339 4056069 413708 7948405 352535 548487 2120130 9855771 4427347 567692
7991356 4934276 2492341 8137430 98729 9460288 989281 1366454 1471058 816399
4288344 6972968 7100515 3679312 9366616 667862 1422927 9540879 6914461 4890370
3860749 1924858 4023015 9536030 1001758 9868404 5998306 9972435 9693594 693565
8282540 9210010 4497227 4017445 7185702 8376149 4211846 2197504 3476883 9668239
4102225 6692035 3213145 4894956 7024038 3684553 7092633 9369452 4076189 637201
8015591 2896834 1365435 6303066 289481 4068133 2642151 8729043 4481935 2739895
7144063 7525596 6480427 7182647 8228928 5211001 6680039 3974975 5720817 1430680
1648276 3769861 5399056 2675790 7605437 5464743 3141861 1399272 9421787 2384560
6894950 2262193 4006264 4078288 502470 547320 8829686 7665288 2413163 5170063
2919150 9466909 9800588 2077509 2289901 898701 4155392 1073045 9098174 4298854
4544994 8323247 2455577 5419468 6184069 2140230 8176352 9561589 9448731 6802565
2890006 2731599 5917980 1717027 498510 5804786 1721163 2577927 9773392 4462785
841407 4731955 2775843 5161130 1721335 7257753 609890 4337757 6937724 7994915
738655 8284121 7109236 6047652 1058657 6954 3815034 1929661 7786991 6342012
4917625 9695930 7623118 8392607 4822814 6887419 3425779 4137876 1656115 1373589
3907795 5654312 4796119 5265445 9356343 5058198 371693 7863590 3674203 9113901
9478490 5337341 8369896 4155463 4474765 6511580 4376670 2693373 6256857 6060278
8812455 8445275 271700 954764 7601661 530543 7691803 8045230 2790049 7135553
8960176 2264494 7812597 9727953 4061685 6503731 746052 9310975 8569043 6656931
2557801 6252854 8642150 4294708 1035468 6169948 1203426 8277445 9825636 2247211
4619068 8961617 91382 2314158 6706574 2298239 4552045 764024 4975148 4220538
2091191 8729541 207992 2019848 5667664 7332206 918249 208229 4554670 689484
9935436 3503586 1255836 8767502 9819707 1923325 3087080 6325330 597557 6977365
9265712 4455606 2199211 9219100 2143186 2943324 81799 8388659 7675437 3056654
3319383 9704552 2285397 6528802 3757516 4840941 2688376 4166033 6173333 4506631
9918921 3435075 6844771 8554323 6860278 3995358 1395867 3805951 7462504 3779168
9378113 6835832 4986485 9476601 9827086 5823485 3729496 655044 6547503 7262611
4765321 9321540 1919104 9905042 964181 2938054 2326810 8761269 6635607 6739578
5237666 8996998 7002865 5321475 6701893 2435608 1761412 8217383 1621646 2071720
6346586 5599735 6871848 840125 8816504 466617 9610755 8933045 1556355 839795
1776487 120635 6249706 6814971 319740 3141051 5219452 4812783 1100728 8889040
4173899 7083758 8498148 7499292 6707624 3879974 9510745 5006106 1489138 2274791
8605707 607967 4069976 2759571 1112392 8067009 1329818 6072005 755960 5119272
5359163 9385247 1664237 9315310 3543689 9663274 8035146 7291619 401124 2103075
1684 1894711 6006508 4762816 7131256 8042478 6865252 60800 424271 7076172
885158 3101967 7865539 4275945 6271820 2256511 5954185 6674660 1516522 2709072
6349202 5806612 7652888 1089149 9608742 7711367 1352828 3203284 4521173 621540
418403 1164040 6873351 7637956 4168893 1948487 2984093 6830506 1358548 2463787
5083440 9761801 7294347 9351729 8006925 2686391 8292624 822488 9060 8499780
2658105 9597910 3937196 55570 7118953 1235489 7654668 9773823 716733 1581402
4679942 1033277 3007846 2851105 3002398 1252006 8212389 6526971 2968606 7989000
5413544 4121443 215310 3294423 7255184 3859591 2442721 9957022 9452109 979559
6197720 4831717 2696526 1409974 7050729 7674859 9128739 6797018 1754479 4911087
9707031 534547 4381709 4992853 7059016 931559 6302874 7367784 2917609 8953253
8536872 1934572 3164385 6969910 8661438 7740616 7227866 9523642 5738243 5199038
4314332 1026164 4966181 2158456 6358596 4326857 7124140 3319861 7137318 6129763
1289477 5875283 9141606 4985137 9271520 3624240 8179855 1658829 7438548 8388430
6348854 8257459 1481866 4309526 9003691 818013 3435321 9057130 4840065 2813232
1205080 3255544 7671871 8860904 4082386 4173084 3348153 6092903 7819271 9221379
268544 4392616 593383 1387202 8993909 3940220 6669272 6522864 2939168 3476564
2885112 1104956 3802243 7177236 1894299 8408574 5555147 4502399 6931717 7597043
7940176 795472 8106373 7469733 1418908 3106239 9431594 8313108 9804809 5293352
7737884 8435590 8526349 8573854 4374171 8444815 803550 9768732 2038057 3570608
6042526 5721301 7954018 9454268 8627535 1726561 8915456 2193148 4199922 6880782
2839748 1777975 99868 1181268 2856669 2957580 3458063 6368171 3464023 5604825
7363860 4934397 4493070 6401550 9399287 6110006 8589069 2966265 1498815 8521143
9260618 864556 9451044 3054436 8256349 5807622 2663331 4446780 3583799 8922997
647922 2733779 960414 7706722 1676529 5244106 8751497 5773605 1266625 7132622
8732963 5407089 6821311 486601 3482866 9419517 7206785 4313199 1810527 1939267
9973008 339866 2378765 4897803 8475749 6474399 407210 3490171 7089708 5677760
7827014 7761301 532545 1465841 1915331 1715969 9954407 732055 3642776 2001544
7547425 6341660 3391521 4422379 1818063 8358186 2803951 4324216 2620626 377147
654720 602117 21910 7266050 2967 3090642 8446606 8534082 1092271 995012
7624026 7538418 4334506 4343250 5337947 2299038 7660278 1791341 497534 4499096
530282 2757451 522321 6471780 312444 8609621 9739085 5257936 757933 9975098
1977109 203903 538769 1865305 8290849 7038228 2658888 5266388 5386686 8515310
2710535 6684427 5441503 5077159 3259236 9615008 9198162 557597 795187 1526059
8897938 8197493 7871777 8338276 8151716 3198933 2716630 7457026 5995673 3402089
4769847 1538111 3613495 8229842 9250001 5477012 3815803 3906542 8716064 436308
5647695 1945054 7903118 9126307 8544822 1920636 1913112 5953800 8449290 952120
1856107 3507977 6267782 9481660 2317975 6448318 3054588 4237466 8540347 1927844
6273388 1284197 6279432 5756928 1203800 6719079 5379260 5154439 919364 5640784
106905 2632735 3422459 6257339 2087101 9683524 860984 6254930 644406 8092762
3651930 4289216 8578387 2898928 6784453 4833685 4541115 9759835 3557354 3209302
961690 9144111 8202767 2465551 1275625 3912038 6927689 7972539 7286591 2181199
1327495 6338696 1860423 9935909 4714528 1067472 1726549 8240758 9301335 8502149
2029415 4542919 2267240 401331 8299597 3321415 6653553 3244425 1371033 9084698
3441786 4453318 9669128 3814495 5793678 1085858 9330406 5751300 6451965 428427
6522087 5478817 5622007 4603706 9257246 1995851 317597 646618 119928 4655967
398148 7797759 6251618 7893434 3708857 1253355 7716543 2292612 9642155 3626452
7379176 7748093 7181808 9142652 2523081 7394643 4380100 862497 9315974 1585236
9939405 3896166 6598827 9591524 2998535 8461193 2041964 9523088 7056883 712005
9401430 3003136 6067733 5265095 6299105 1046515 9858188 9430661 8186605 8154817
5320674 5232842 9658361 5440063 1653782 8363784 2779307 4444389 3831862 7787818
7884215 1247562 9286236 2322271 8852052 8142148 6573394 8537306 1114402 7060830
4562411 9218915 1039062 8486204 4418994 2689649 1066083 8595270 5318489 4008287
5076926 4742499 9678239 5817349 4823414 2939151 2607852 2782154 1486613 8103621
4347572 1582677 2395440 3174401 4558007 490564 4076293 3497850 7076017 9205062
225406 7333045 6608371 627994 6814380 6206674 1296875 9115382 4544408 6393882
5184408 5297208 3914421 7756480 1534157 5710908 8408192 6809062 7671602 7738909
4955074 4762339 9678123 3425034 1906972 5009910 2420887 6624644 6768054 3132300
8025543 7166421 8712884 6973850 4502674 719857 2284680 4491959 8137612 1221325
5584055 3031215 7309012 487841 7339480 5617221 768879 8440609 6731610 4652888
5505283 2541496 6255193 845270 7785555 3003926 8862947 8202266 8492838 4280774
8169331 7733144 5057807 7312883 1803867 6112697 7707055 3909766 2925313 1953465
2766915 3597626 9778846 7783612 6694379 6280883 8595455 8946249 57933 810843
6551743 1215351 454729 5212195 7223624 6019448 7747001 9012720 5660260 1441344
8548949 4213630 2761084 3028096 3148116 4280754 1351415 904733 1337422 9311422
5680857 9041436 3422061 7168894 4735796 6846413 8532044 4339046 4027835 8555920
8994324 3722875 8600063 6155379 1190931 836411 7102454 7011556 7027200 2693792
3993069 1953153 8620569 105589 9740172 2639377 5294255 1420725 617416 6719313
3205066 6194324 6065616 2901636 1412079 7130296 2800056 2344170 1179104 5466959
1478707 5557640 6036958 5126606 8611226 9270527 4797867 2642435 2609060 3909643
6403158 6649462 9923085 466906 8317781 6984354 1021916 1172941 9651416 7344054
11515 4257904 3795314 6010988 3228326 8361825 4711884 4076133 9315846 8592534
9308437 1234350 3850517 241653 4618646 8961958 7393632 8276091 9590484 7543869
1827593 4416702 6460551 7075978 9584833 2501824 918603 1093266 885840 1163296
2029459 6893208 4602446 9735263 9380158 5566604 504419 6613038 3636169 2478884
3868969 616268 6170560 4387895 6035694 4885481 5697494 6883417 6304812 9951916
9091799 1823325 7477464 2172796 5222917 2788022 9312392 2746315 4638778 662260
6681449 5454026 2681891 6891529 9910541 7217578 8785568 6586761 3598447 7116096
450319 4330356 3646322 9437645 3581348 8998287 7539554 5857376 5814373 7206719
4959934 1812259 7121742 315906 6935831 7861817 6038863 8083311 7160000 9173261
1697674 1615655 665749 3605210 342449 8361461 3027571 9498221 2127071 633818
4478500 8815843 7788455 4316549 4473414 8680914 1533451 9210618 3619987 7238377
8493743 5976607 4315413 6084661 5945938 8868498 5508401 4830669 8315657 884800
587328 1601772 6054616 4506607 5650075 8995348 6892395 7981522 98629 9536471
9152874 2522698 114408 1401473 6891381 8538158 9656272 1608854 1338355 3390471
4995501 8721266 3695638 9575531 3614786 4321929 9916276 3255096 5899215 8864446
2993116 5347736 5399283 5948556 7456657 1438890 4061797 8835535 2703706 513959
279160 4114927 3675332 2363696 6134330 1506633 8992698 5055833 405515 7473305
7599272 8230117 8138664 1275315 6251648 3762782 404 2083519 1923524 3060109
4277594 6839546 2028407 3287711 2753692 4072454 1612885 7856230 6823483 5925399
1557709 4662293 9528085 7831888 1786823 2773987 2282141 9199268 2043405 9654050
8860878 758578 8559076 2303332 8756416 2691457 6131136 8829501 9349839 8383860
7749388 2136636 3468792 5687540 7277004 8786133 9607541 9678758 4518570 3852243
4220976 2720556 1084065 629943 7144523 2824441 3662915 1395076 613958 2116817
317682 1870044 7318847 7651931 1232862 3844521 4133636 2201082 1725870 8005926
884539 6681923 9170168 8478193 9898751 8483506 827006 6877758 9309449 537582
2047223 1157699 3759297 2939901 9507305 1940052 2437760 7600913 3655302 2948369
658716 7224468 8808103 7401054 9456998 7899640 7507213 4385532 5475983 3611283
1850688 137887 8648126 6925768 2454529 7223138 435544 5394641 7212997 8340217
5994683 3013657 3857403 5837867 4240486 4207246 2359333 724276 9220744 1559366
2768145 8133502 1244139 8065309 2019666 6222084 1209196 4354527 4834051 7531403
8628980 6476242 2911284 9981821 5160344 5154506 6093323 1681535 2529274 7167370
9944052 6221557 2884160 3372837 632248 2982807 215052 3366484 9434677 6112651
2770362 110735 991959 4945882 5431606 9199162 8432511 956876 2104379 4466707
1423456 4051182 4041386 4157555 7041929 5650815 106518 1988712 5532043 3097126
1009261 8928038 7410242 7613167 1097423 8837483 2750818 3969507 5329245 5005991
5270354 9347553 5797003 4565008 7894537 321930 5742174 5279509 1416981 6761146
1844237 8732233 3567755 8730164 1162955 9997042 6410622 3070998 8564835 1983928
95623 3231476 9985839 9820224 435989 3138667 6931045 4520269 7111862 3261288
6356673 8264169 1284138 4589529 8826482 9100170 6987894 5799846 8959404 2190011
877211 9881954 5606745 7304449 3201828 2640985 1662276 9635134 2571918 6384369
3108124 7775510 4318375 3192273 6387895 7044173 9955898 8368744 7866175 9393487
7742245 1358930 8932665 779137 7560914 5774974 9864659 2835795 1913058 3069291
2380093 5986868 7166237 4274457 1050758 4207072 3519118 1410864 3253714 7890076
2834212 1531870 6677604 3056934 8474780 7951017 7161248 7900466 4548372 5472559
1964473 7780470 5831197 937132 359576 5252016 3836547 9690971 388475 1405679
5182848 9341993 7525241 5677692 7115891 8646458 4403162 7253202 5486520 1592941
8775709 5734076 6764139 634354 4706453 9824616 3979303 5931695 6574771 8560124
2838156 2433415 8054333 3971954 6556242 7535249 1416735 2473675 7299333 2038410
5169236 900719 4446793 3929706 7593812 711476 5366076 8748293 8963807 6083002
1223480 2271265 7077067 7071078 4662154 737586 2315180 5801357 4536802 4501959
9438255 2871783 8069085 3404825 8694103 873823 2743462 1449985 5030130 2740458
483575 868833 5216726 5962269 4997745 428923 4782899 4137551 7752402 6229780
991894 6762488 5271519 250166 2668251 3091511 704254 4973883 1189834 9178755
5474005 9553179 3263702 5669227 6834095 8310303 7579764 1698195 8668539 9495025
1394873 6377601 1808952 3018312 4069063 5168265 9278904 7006039 6243721 2699700
8781258 5655017 4430915 1972887 8792695 5360005 6200989 7651475 6351880 6666179
7750999 779488 2155026 6234096 1147053 3051319 1050486 4023437 5213999 5226807
5886419 5268784 4475486 51856 2784891 9655119 2147232 2097708 4327085 2510077
9285252 3540091 9603756 4115482 9488256 526773 2434437 4107535 154915 4118815
6369949 8311 2698562 8449690 2865372 2303993 8538135 6941058 7463180 6550977
188619 6397098 6491706 201137 8321695 2950171 2670640 5146425 8532981 4839975
8253230 2609488 9407186 3829500 8307145 5358006 5845283 6150945 1617995 6786434
6085395 1645000 503204 5405745 2691020 4445103 2080989 3784246 8113658 8304370
8936448 4040298 3527987 8544064 2348540 5473233 5943039 7294136 6823134 789045
3702965 5890773 9991386 1126589 5453491 3573020 2491619 6674268 9639063 8383386
829444 5251124 7240878 849378 3551733 7982931 7902658 3326061 2744924 2121450
6822088 9820678 6653681 299827 2559022 1261270 811323 981340 2694719 471303
7978194 6292991 7302093 1643774 6622946 4028241 6341610 407450 9192441 3727294
1917897 6164915 2871305 4178162 991500 5571502 3653487 8660713 141403 7232460
5732814 2935232 6630563 6868595 3157904 5497111 6229378 12753 6150349 5243389
9887737 9976310 4654487 6206950 9682319 5318577 69973 518583 7766847 6500958
2451513 6527114 6405710 9027551 3564376 4968795 3053829 3463218 1856753 396543
2874886 4270968 9147439 7217427 670860 2330759 9834553 7611483 5651441 9376479
5200145 1275621 7956323 7909616 7528395 8154779 8955594 27228 5146053 1476673
349282 3697031 5042753 4607691 3896261 834102 8085912 641785 3868281 4873511
7222163 4918288 8500166 886976 9166988 4996752 4150331 2986060 1493533 1528741
5504663 3018759 1283157 7795424 8267300 5802745 3988453 4711338 957445 7329167
2453667 2076483 5643705 7867084 7665841 2458806 6718675 5454933 1436931 7511144
9530886 2484292 3963276 7718875 5331172 3008010 940662 6550054 7673941 8858961
9336406 9140531 6355205 1981823 8350749 9897213 659816 7991124 5013007 4438347
8540492 612293 7756667 8543161 2854122 1172239 5326629 9626617 8709914 9052087
929271 963300 9537452 9786116 6260667 6183309 5101016 3627785 8034565 4510094
3659089 4980591 8972989 8816315 9907296 1849353 7318845 6833259 9018120 472165
6771986 9817427 4250169 8867294 8465887 2151887 6301826 8204677 6278956 613420
6476775 5636235 8599920 5401506 7572421 7604290 9713284 4857670 7301665 2722969
8524399 6259485 6322815 6158073 8947438 6623487 2139481 9381603 324020 4881296
4421961 8371901 4095285 1994933 4394105 4081575 5561120 8602756 726684 9898293
1849821 3336595 6453867 8023857 7998662 3306723 423164 9229811 8103982 4767421
614087 5809885 1630661 3490061 7475550 9781228 7485379 9248603 8796701 299575
705945 4066346 2224873 6551016 2743540 9097169 8252411 1215604 8066929 48480
686761 8886421 5594804 1786537 890979 3469169 2403867 881670 8038332 3707165
6762288 3258475 7134373 5402862 9416937 9271337 6355978 6580718 4984440 2691382
7220519 8290933 3332547 6857537 26479 9930736 7201080 2819740 2689452 4116635
160900 3027508 2460543 1213601 4017375 2007592 7205494 1430538 4208773 7967513
7344954 6898650 5176786 9607817 8452455 7306476 1780084 6009655 2964350 9638791
3298865 4793514 2944368 4558362 9858328 4189946 3385355 4958923 725512 7572354
9106758 1241773 1056819 1784315 7275038 8840028 2238872 3308851 4313205 4379814
3464766 6243870 2740432 1587646 70242 2631621 4914171 8093526 2462542 7646726
1542672 3119811 6111949 3491571 9839667 5745799 4870356 7559457 6451832 7331590
5790146 3573945 5416149 1556972 9713448 8394238 5087559 539258 3692458 3053192
5323912 5658291 417081 6462560 640516 3969375 7169100 12631 5663602 1613127
1345790 5286393 5183688 399098 7439171 4368978 4826760 3299631 6042512 2590152
3457464 6033875 7764163 1173005 8893704 9508571 8816509 8101678 6009108 9609161
9950473 4198905 608889 8978974 1799663 1562434 1092897 6053912 2342304 998218
6634489 6147296 9655507 2586206 6494393 6868540 2143228 8518110 832553 8478845
942668 7866651 9520702 9182260 6875086 9644410 8758117 3022462 8862792 368467
5820106 1501240 2692053 6620754 8352305 6119998 1155851 4449903 3266767 5509369
2144612 8400788 7711083 1882781 2377974 3722766 3455407 7782296 4828239 3015357
4204862 5582664 4206242 176229 5718218 927949 8403929 4820020 257033 8277133
2636546 9318173 5287354 5929587 5176727 6988335 6099022 9767399 7559838 1110191
1596892 1997767 8166586 5900378 1524015 3292203 6280792 2173800 4101763 8493110
4471467 1502128 748151 9574354 5360759 724010 6793586 7761046 4010101 4614107
9139460 1284801 2321208 4722114 738739 5848645 6086026 501844 2887410 3937811
944262 4897663 2204248 4915697 2778493 1899068 6799374 9895498 9294210 6772031
2173150 9863830 6279552 1563047 6600164 880330 604949 6759051 8177838 8093326
507910 9304551 5620915 3866790 1871706 9281131 221264 6196849 2649055 9338259
6231390 6490644 6239932 7503846 1874421 508111 633425 5527898 9202 8790786
7596148 8396559 2544632 8724407 4134679 4018170 7388297 7977399 2294074 1280128
6795018 9678892 2178871 919863 1971233 3743322 4430350 9981577 1570099 7632130
801747 8437603 2533800 6885884 1356736 1663429 4832478 9170401 3499283 785891
5110087 6346378 2963850 2268089 2881377 534255 9339584 1819415 3824782 9525637
8475833 495829 9462141 3112412 8176457 2654733 9893176 9896414 614646 4752765
6835532 4040705 5448642 5434181 5634841 5854453 9498131 4477470 5454683 3694383
3497250 9935777 8538623 9376874 2134765 7332762 3761627 1345414 8354886 777
1681087 8328626 7576741 2116106 9434170 1517874 1347617 8228776 4072006 628994
9845255 7954345 3958479 7524796 1048515 2424456 2409736 68083 4522267 6220541
8874021 8882409 5175619 3178290 7328959 5653647 9947761 3634464 3446458 2107126
9256536 3042229 8800499 9905428 9499247 1958628 9396721 456310 1270113 3894078
1891570 3638842 3767415 8357126 6845785 6837099 6180912 6318122 1160446 3710779
5666039 8967881 9866041 6051005 1962234 8730080 8225506 1603819 1405761 9218218
3483721 3600568 7366692 1925641 977302 7067797 4685104 5002607 2534266 8147101
1451008 1238272 4239399 722029 9928238 4745243 6980928 5273551 9262560 3467707
5034967 6263990 4375661 156917 140992 1911255 8434024 1274327 5397705 6538689
1969934 1079988 974076 3415970 636822 5783387 4143214 8286330 7054594 7207779
8360270 2205935 2240500 3670528 4737954 1267120 8026405 3591591 1033688 9254571
138369 428000 1625362 7769392 1672256 1494310 1241562 1995974 8405148 8481709
9440897 1598373 4034300 5746793 4182614 6411776 2328157 307506 3069659 2920520
3831580 6923597 3543014 1129823 9991956 1856377 8159272 6359955 5792340 4452823
6455951 6010345 6137246 8314926 4016373 7394874 993584 7235024 6831313 6107863
2574285 5403409 8707962 9423531 1052950 4151457 8418535 4890385 3666801 9519040
9230760 9694512 6816867 145952 7094226 5929416 9854477 1529673 9439374 8913442
3060099 6543668 3649911 3299504 8852878 4311651 3654310 3671844 8368091 3821899
5886765 5410993 522006 4721974 4412726 4823556 1560984 9745108 272996 8863047
8938838 5686713 1188374 1675109 7915110 7001025 8385127 9391151 4459426 9159568
7794869 4634061 4769501 2651563 3812803 8298413 9232929 7001753 3332665 9538776
1744571 7020859 1042776 4757200 939208 7739142 8935834 8601862 1203794 4355621
9174570 2398793 1976818 7064085 4290917 4465309 1184865 6456241 4498892 4327535
2865028 5404212 6801290 5597503 7810032 7126967 7565434 2335329 6671026 7370379
8866146 5871158 2671636 9014233 5642232 7627372 1315826 8088625 9960762 5315340
5835275 3713937 1900223 2721616 8108166 2451656 238593 7331745 4875397 1010709
9871277 4599314 560329 4892854 2492103 1151830 7750526 6985394 2228625 9048547
5463520 479980 4915157 172969 4325109 1368043 3256258 1636925 6164503 6283519
4388535 3661278 5165029 490143 7841639 2864665 1905197 1553318 1651393 2301255
2929923 1590466 3179567 404318 5447059 4232637 4915919 46072 4277317 9686100
8328879 424163 1497249 8402523 7338806 8031265 8909208 4643323 3472040 7139948
2253838 698575 8696920 278585 5924739 2259236 9132610 2794420 3730905 8882895
5569324 328680 2051564 149474 9793507 9607029 2908447 773213 6350281 3758586
7564006 9095109 3963817 7115531 2882062 8225694 8114143 6223336 1260571 5899971
4678710 352392 7105506 632259 8424449 9680002 6375146 3504866 9345482 5756762
7826456 8209157 1158217 4610957 7042489 2555594 8688530 568740 2249433 7462888
7555043 5220183 3296720 2292400 4210787 3850136 7620255 6848876 4809207 5069125
6580767 375591 8508114 9117674 5841151 9348100 7881360 1909617 9440167 4051236
4412276 323558 4138514 4652788 3862532 521169 4814954 5723774 635500 7785372
4408722 6372490 4165359 809662 4411953 7767159 8557621 1420785 3825172 5416014
2796367 4927950 7485770 8971995 573084 358912 2053343 1347251 5623533 7215095
2682187 3243545 4541087 5006974 6189694 3657666 1281603 295298 8033823 4703244
6113544 1317331 2599213 6081709 7434707 2602730 9605990 277342 9616498 5901561
5454710 4971187 9060493 575132 1110409 7231057 6871645 3816900 3504787 6104785
1709156 2373977 8989300 6170864 6423978 5261677 8740256 309716 8454327 9476650
7885013 6697371 465316 6041676 3136622 1255016 1667945 2390589 2530624 3634486
5022709 3559195 9212200 1242379 2209613 3107940 503412 3853654 8006213 416933
6407907 2791019 4680145 6008954 3402142 3256538 8949308 9092139 1350452 5863577
8052649 7372437 5212718 7233 5469862 6633539 4605903 4309558 1552084 9899945
9391650 9549942 1540757 753751 642946 1051831 5548841 2135083 826802 1965301
173278 468294 1647709 6368319 9817952 3595016 807251 2903795 5549481 6290579
8267656 8428635 2136860 9490290 12083 3352252 5149851 2548846 384765 1112350
8657442 560245 4666008 6642658 5933589 4880779 2820832 6803474 3039276 7590288
6467746 558088 2229569 8535904 3861217 7294650 5120891 9652386 9061590 2627447
8745731 6301243 9224468 5624084 3869959 818027 9137284 1649595 386992 5388847
884651 2780251 6647195 6353764 197965 1350636 1992361 5435726 4570111 99582
3489856 7231823 295551 4342532 6178557 7818725 7854561 6741131 2408838 4442388
1790350 2963784 7978082 8130665 3303592 1687264 802419 8230791 6631649 5542075
6295431 8241550 4099145 9416693 836609 4128209 7488807 7684794 1475246 8064170
2764448 6376212 5780200 447640 6211843 6619464 9350084 4118536 5393653 341014
2888004 5346048 589556 4867835 3259424 3357948 7769902 6573508 1334350 3038408
8089317 4338376 7468588 9208947 2084156 3663412 4559757 2793366 6616878 5894374
9859021 308153 9290387 649484 3682002 6595301 2069620 860968 8656724 5441004
285564 1478675 3490990 101337 9062970 5084925 254580 1830666 7623031 3624598
1347608 1727251 9853372 3671994 2772533 7720750 5942099 2018476 3270568 7768439
2402617 6634307 1751797 1841525 2195504 4872369 2211829 6996235 7131069 8863457
4600621 2836569 133316 4745430 1212945 5906402 4473935 4914471 6239009 8473692
715859 726653 6797484 923455 7296062 9432996 210871 1564071 8158076 5557851
4484004 9946965 2300437 1771156 811204 1282445 3447253 8261535 6485478 7935631
1334021 4171250 8040757 7841281 2715187 8104999 7583298 7453040 1609730 3348284
8509128 7965154 8672374 6352297 2343003 6640435 6951240 3035451 6833898 5781665
1457559 8538724 3399398 3010807 5909339 2332433 1798641 4333126 4065566 5553246
1007349 1380282 1919897 3103307 2092759 5930495 834963 7879423 8694501 9587923
6211128 3075881 2006319 7668853 6558195 7757690 3152475 5909756 3062454 6182961
6010647 1235864 1980791 8438704 3760226 9632968 6434768 1928454 1120613 6669711
2322117 6775864 2927079 211926 5034189 9026650 9846576 8133951 1267876 5527827
7687534 5951526 6637412 949708 3714375 2802299 7796023 4906802 6674540 14729
9678565 7060731 835225 5361976 8144428 1563954 628523 4967989 6944907 1467172
1972815 695046 6872189 8181096 3267558 5467302 7902544 5793430 293830 5380809
9740737 1664497 6367091 1361451 9600695 9382479 5035349 5273808 479168 5746335
5551759 436514 4049224 7403639 4583832 7692799 9598413 7775181 6028215 5181857
1408447 4766175 649202 935380 4714479 3207199 1877164 5877496 7868541 8261075
2245618 1719573 6081245 4577769 9936740 7659365 6397881 1423426 6006856 2142861
3139589 3274363 2443795 893494 2746151 253118 9627450 4701281 8893688 6890252
6608754 7584191 3232801 8849121 1596561 1325630 569478 9788125 3256107 2131208
74321 511532 4656833 6703646 6874905 4470094 4248828 9510077 6116829 2567590
1218464 9756593 1835965 1484595 4352704 1969995 4704228 6523790 2843705 2835628
1639681 7439812 3433636 7013932 1943280 1528143 872594 4888109 8584567 8536161
6495304 9189073 6558054 7119158 7534383 3425218 7983673 2918242 6122876 3852558
4327693 1862437 6660392 9490632 4334778 6029174 1283009 9693056 1428636 8617664
518141 7064854 1132802 529405 446727 4489274 2453765 1027138 6325009 573556
2903063 4030775 3481187 4332971 2114763 1192623 2620354 1181100 1788030 7756994
2277895 2229066 829523 1839279 7755971 9828435 2232313 3446837 2496864 3860970
1166787 2915926 5300132 9317618 6517904 8785392 9486455 9806237 353371 8160277
853705 6751283 596910 1529032 2428205 3625557 6997280 3396818 2746442 6695549
792288 8501989 4622826 5977063 1127938 8965331 5294073 4954547 9091587 4404527
7406907 5223603 405851 7641492 4784903 1413991 3781649 4157343 4487123 7723799
6241250 1046446 6142319 4671718 3461585 2555149 9876414 304665 994533 8638459
7320035 8275375 2285978 9091233 3852541 5357459 7014319 5845298 4361888 7595310
5608753 1805416 1086841 2556718 8963251 708726 9953812 47705 3020669 3777251
4495163 1404853 8146128 4835648 1705986 1983595 1658464 1338138 5460197 6616733
6507612 5017415 8693952 3479766 2693714 9943450 2356088 1717278 3448938 8851079
8497752 8083554 9279065 7360745 331723 9590877 5366665 7537627 8878772 7058182
486985 8403976 687657 939589 8484120 5913860 2533120 1556051 4245444 7361946
4908475 6975152 6372328 1693393 1345414 495196 2842317 1209927 5779392 9959383
9600178 7921083 9459140 7479725 5924441 1618073 8036442 9625989 5135917 650199
5898692 6595410 8780833 264325 8292699 6767636 7086059 523436 6786302 9543282
3897818 651091 8156301 1630271 2154839 4431923 9623305 5918799 9325708 6982383
640203 483821 6926964 6629644 427316 6751697 8966056 4637440 1362362 9374249
6137037 6636693 8661269 4593807 6568041 2414337 5218425 6179647 9028847 9847671
6394055 7969856 8706579 6173422 8031756 7711298 6602359 9596792 4721070 1255436
8919095 3351657 5866301 4234573 8842368 4836537 9602974 9099671 6915106 3240061
777854 7545341 1423166 3725674 7062412 4740386 7626089 3173258 8040123 5096861
8043991 1799467 2654290 9141000 3752065 5295132 7755254 2492605 1207633 7223382
5663047 3751864 9791408 5693257 4250975 3969855 1157223 3267115 1005816 3160462
3496893 6820692 7487873 9733108 7090940 5505570 3654972 251213 6850523 4225502
1669233 7415248 6511551 1830704 299959 8029138 6657005 7659054 8390749 2056671
8975260 2067639 1854560 4260794 6900519 5845343 2230595 4321938 3129232 643365
7677145 3283850 7763673 1098906 6279874 6230318 1340491 6320064 9178466 9360885
431738 8270235 3376863 2190356 7168070 5969628 241076 273467 3484990 6575968
8294623 1310364 5486198 1231781 7271916 444583 7568047 1825541 9410547 5461786
724257 5028981 6917499 2827537 9068980 9275340 9266757 6563528 9764637 2150424
2221723 8567739 2643027 9157333 3261619 3484682 1433901 5256429 4678823 3767872
1896983 7327356 6683717 9913997 2789304 6124808 2550186 157731 3192784 1098665
5319711 5562611 7847487 7515576 5436779 6329393 5709224 9538289 5100647 1156466
5439042 3590279 2676664 5430797 2993836 4222988 4046552 5795449 3764586 6147296
2243211 9227052 1258299 5328177 681675 2926932 8672478 5655438 7269127 9633157
9973827 2389619 5553296 3841078 1571273 937070 1848414 4154237 4079071 6269713
204887 8149446 5607501 9901317 2336907 6087057 3534193 5408058 9241354 7982910
2373627 9512168 9951279 7463929 937158 9445003 2108500 9604274 34662 1650885
8144353 8872807 5204378 4468362 9989772 6945258 5269204 4408524 612791 9339476
3271497 8925461 2943338 9311273 9650915 3153260 5716266 9575477 4229808 3890629
5289426 5144644 2214471 37589 9888020 5433751 3192738 1613733 4233985 3887007
5292715 2126291 335860 7085437 5989147 8106905 9275945 5303486 5125194 2449635
2847572 3931084 9237350 3932467 9809730 2691032 472818 5144511 2655631 1793752
5999910 4029773 5048830 5866656 1919506 1067917 8365122 936319 9214382 3233713
7737912 4323798 6633340 2474021 8446691 4459681 8911336 8765140 3006078 8460531
5338006 5964453 6857303 5878945 8480071 5145017 7955386 4678622 9979091 4595842
8253858 1740067 6778437 8658996 5841773 9676047 9969588 2956435 9345628 3847012
7502402 3305388 3402800 287040 7133445 4786023 7128746 4969148 8512323 4734918
7223187 3184850 520003 5791773 3418326 8508213 2791092 7309107 1789933 1353311
7556076 7502344 4485549 2934493 7358932 3633557 9363622 3035991 7323729 8133767
2351575 789805 2654543 4871595 2111125 2945641 8199283 7058407 5786987 8538328
2113372 1048313 3545884 7079545 7001789 883195 7750408 3242917 6871165 1949516
1031325 8367999 9625858 3041703 4455359 8282636 8210004 7126649 6855237 2493689
1451941 6949906 5502799 6497263 604534 7240466 1575654 1608906 6168234 159549
5206066 4628981 731656 1734781 3027515 4608440 3571874 2909833 8380225 2382955
3209572 5007826 4134896 2350387 1480782 28843 4511311 4331429 1176955 4850603
6829351 2094269 4731142 5635348 6852043 3089302 896740 351361 7679834 4522107
8374495 1752085 2158605 8003888 567916 7515782 4972405 9565851 380925 3112287
5821513 4399442 4129244 3366517 4539322 3650082 3579413 9308402 5842361 6772522
733239 8129665 5218558 6240756 6212857 1605381 4891656 1612134 751196 1776095
2889392 3384398 2882755 9718769 6689827 1394851 3776958 5623293 6459161 5239597
7676005 674046 8992573 5595058 4272431 9522759 3364130 3553552 4195368 2102621
8627663 3274665 1047023 2517169 8310005 7612830 4919232 5970060 8402769 9164738
2143480 3701460 6004457 9849605 4327273 7536489 4364903 3228493 6482100 6092465
4687202 5356371 5111739 4537146 8969880 2860838 1941432 7050958 2649664 8652593
1300354 555787 4388968 3557104 2335904 706136 5142399 9908566 238181 1611205
7744299 7606845 3375152 9343993 9092221 8411068 5664350 6733467 6593681 9092954
2176612 373665 1578475 2007481 705573 4640483 4740334 4766064 5056450 9665703
7556075 3523968 9653153 9149763 1038638 8197276 8536952 7297061 8081723 7044206
5469563 9119880 4740246 2421800 946272 7890143 4437660 3516013 5717844 2153441
1587942 6784197 478625 6543845 5566676 6834495 5504927 8754437 1428447 338168
479813 5737324 3165204 2851589 8329474 6651300 2737368 3039361 6749614 7407821
8196023 3920846 6584914 8341819 8507464 4290604 66903 8594503 892576 7572353
9728220 8595288 6107438 6967270 3239967 4534078 4079864 5038847 3492934 5734507
6876942 6012641 489284 7519571 7848687 5324665 3485057 2899959 1638970 9900640
5453088 6613506 1169951 9227939 2647212 3038375 9162340 3485621 5158451 1501671
5861134 2205022 8660968 1188069 5406137 45587 8440078 7879066 2925125 6772763
6959721 7591580 7530179 4201699 7739411 3890281 8903312 251493 1460164 9039620
5264630 8743873 9201385 9411628 2659199 139104 1376231 668175 380328 8353924
8887215 4811263 7885428 1986026 7040020 2293087 7986240 8171741 5626929 6097388
9404841 202974 3957774 712315 5923749 6292275 3312776 1952806 2708781 6860251
3119124 8672520 3462763 9217010 6147211 4194999 8037053 9799991 3946954 9486673
5563130 9746377 7853997 4598100 5741088 6015862 1164115 9835357 1085225 271647
689231 7122467 8680035 3107664 1875420 9078192 6686463 5971636 1490312 4527629
3006492 3800549 5320465 4093659 5846235 9911053 1891338 1109919 3485574 7874549
1093292 5114135 6027887 99775 6735643 8862432 3253590 2654298 5318915 1022953
5903639 5210989 9037063 260711 4143872 2279858 1498259 8906418 4892053 3175088
4393508 8613719 8388717 796708 3006592 8104937 7007280 331149 9948735 2981432
1172096 7460437 2713313 4801677 288911 7734310 9834696 6682618 8660552 8533342
9851737 115317 6668825 9630654 8173824 375431 660516 3383413 1433587 3432250
7251423 367038 7674312 6127219 7211359 6437462 5522596 6970402 1206874 6908356
4004616 5909570 3542744 7754258 2489692 3437914 2321398 7758017 8954674 7540936
9993406 23478 4716441 2522864 1402082 379299 6317798 9202414 9337228 7339058
2089026 9353995 7775259 5314720 7130971 8230581 5598010 2580028 5016543 1948484
9251295 1854603 7473477 122389 1459518 1040210 824643 2463456 6665338 9396368
2949076 3531442 9767397 562513 8952970 7074221 13380 5913577 4139316 654814
1603788 9138248 9375147 8108979 1540183 9433208 5624027 5831087 246442 3503365
5628097 1173092 4387348 5172663 8707243 125936 2995818 6491273 7650858 9799829
8250667 4798414 9641955 9686251 8358605 7670103 3100769 7413790 2101514 9564699
42102 8187299 8934874 6526572 8671227 1298507 8761853 2644492 385682 5857188
4102721 1195799 8700738 2381694 5406496 3477078 4257832 5061436 5230441 8378798
4047025 8585811 884040 4959588 3348667 2792190 4171483 8984756 8242223 8695512
4054910 7054460 8910477 692935 2913812 6037849 8858465 8723699 3639522 2756876
7450781 8910675 4746368 2395859 8339209 8689396 3910824 6530324 3963214 5891642
4608262 5162897 915353 2183675 7773233 8628100 9114824 8060656 3010433 8676113
4694335 4404354 8390604 944562 13117 4755463 760544 8739399 2523291 4014424
3768991 4151025 2353085 6655798 5253070 343675 6065346 4410440 8998024 2265583
4816768 5133150 6421959 6539771 2312053 284937 9585946 6379853 2656440 5359225
8786265 8584474 3630682 6774976 8432106 4494730 2519890 1486868 5057970 9287804
7818 6247721 9141435 6894848 7965062 2282895 3090258 3474116 4340809 5343253
4425125 1286179 5231854 9614459 5572738 9247949 1065644 2770946 7616945 6086506
9378565 8889601 4816876 5453651 1948786 8726824 7200226 267422 1417402 3289170
9396843 4955374 8114561 8129139 3108799 4047763 994774 4392557 3504899 1053728
9711578 945763 6022398 4947961 8245416 7635416 6881597 7324443 7070156 2757385
7829332 8520437 3528087 629766 1916637 1291149 5327452 6315370 3909936 5896950
7023324 7647172 9627528 5412910 4355000 557196 2777362 5301653 315853 1482668
4575230 9827763 9801764 9168693 3479491 3412218 8467870 2717477 6711833 1146444
5953469 4844206 6524926 2193508 3289668 8514487 5454572 5603274 5439959 9133638
2793368 6785668 9305604 527733 3681124 8322141 5910083 8305816 8457486 551555
7059078 4005982 6892390 9480349 9183756 2046173 3573207 434028 9237344 7896237
6146900 1195862 4923720 7978329 2922321 5413889 6346975 3461834 7357849 1084420
3884384 6371146 8902139 9737812 8390291 6997146 1584329 3862055 3521981 4828504
4580716 4565611 9442345 9982970 4147354 1800214 8825775 502011 7899326 8015150
7389974 2172721 301319 860098 9134352 8672482 932391 4101305 5528302 1702994
8711869 8921458 9161392 2328891 6547640 1769837 4053798 138183 8687417 7014488
2563088 6851387 4419777 9361003 6967017 1783553 7688673 5630604 497715 8799383
619779 9070861 1352863 6760526 7480284 935483 9552500 6286782 2584078 3233088
1091779 3832430 7160905 6116962 2573371 6797919 8839619 6884260 7367882 7438270
6189853 3398020 9920356 3528749 7754378 3890549 3248010 6373943 9699162 5890245
1179318 553686 2394160 1688641 4291187 8191547 7510654 1130522 4374735 6351652
6236126 4182815 3551919 3476329 8131307 6730260 4719326 3220975 8905693 8571398
5903753 8609028 2536913 2688544 6826181 3730515 3769038 4444965 4391212 3757989
4646541 513917 334744 7300418 8567055 8565347 994631 3354418 908435 483746
5074419 2488187 2631485 7028375 66208 7909778 4776707 636324 1267601 2452894
2072063 7983704 2494233 3606731 2698782 3822236 6313766 193421 525640 3914794
6530545 7624222 1986760 4711126 710690 8391385 4116062 1139656 6202912 3494600
9520276 7933415 5779064 7543829 4052232 191577 3935012 8210592 9666751 3471060
6730375 7618134 1816632 6637726 2918454 9639458 9706889 4954887 8155498 1523733
4877072 7409316 4528628 193460 7638124 9709157 5232994 3665515 3410304 2751028
7492148 5632560 5210424 7259530 9974677 4478329 7645421 2969623 6327056 3424001
6604045 4129842 8154703 8185507 3366799 5332294 272866 9976759 9457655 5193541
7681754 5819252 1249232 3171229 5916166 4241907 109212 171364 3360230 601760
555998 3059526 978177 9013385 1181838 4589796 7177522 3979796 4812877 1906725
4095663 3893343 4659478 4229215 3070925 2270444 3024187 4367975 9164689 4538160
1593789 4637122 7828084 9705674 1460915 7212594 2533986 9012085 9741103 3237860
4382227 5430224 6118911 6993942 615751 3295514 2885681 7044884 7083860 8853294
693567 5482428 4212754 3371643 6724353 6469535 6207578 6742409 6385485 7156495
7511972 6798097 4430471 4018177 840721 9258663 9753482 8982608 2867546 9784593
1940150 8632067 140215 7827909 351704 2382769 6484064 2958243 9726732 6624759
8111421 5099854 2997335 9427414 9031079 4833644 6753939 4490314 7407276 4867913
6973253 5264034 688818 7063738 5499252 1511241 6812671 5832988 6746529 8129038
3016547 4055498 5668036 4064144 9904840 5225516 1574064 8794759 4988629 28145
9370595 5591928 3759914 8847437 2160789 7521192 2132089 6698773 6523405 7490830
6521659 9119507 157159 4756411 8421616 1823300 5994189 5140360 3021223 1755834
4370212 8910819 4375155 2217230 5822901 5594107 2859023 3358332 2212013 5967006
9055310 7597066 6291023 6674004 2517220 4862211 6405357 7673756 53785 3924221
2240230 5309926 1143155 8755930 8973616 2581021 4229759 8625318 8353522 6137459
6308774 232208 2292942 2130171 3982777 6423553 2902054 3336080 4752684 27792
4094940 7924927 1787805 659488 3606853 342826 5139987 1236977 906868 9011420
9312360 5281278 1056811 9219086 5469265 7319405 1425268 3067629 5802118 1417845
9239988 9640784 2827768 7398314 8844667 4906241 1968705 7250283 8801234 5690596
1274282 5162846 428667 2965237 1373102 1006300 845659 8234990 3055885 1527588
5466767 178 7246163 8230109 9325533 6647914 8270925 9726030 7979361 4708421
2976357 3681629 3511687 4706550 4957746 8263895 7848723 1042068 1636684 673887
5428879 8087445 8312604 985351 8935536 318026 7790456 1366185 625354 3076134
9564612 5814030 403695 3469187 2337527 8714672 868726 3469973 4506849 3871432
988100 2812731 134948 9324033 7379251 7329783 6878126 8225546 9258353 8922956
360154 1940057 1284493 5019756 2566913 5102321 2282410 5130641 4761455 202313
1893477 5195498 6850166 9620988 9165164 7227401 8058107 3958009 6632480 956593
8735882 9030499 1390725 248934 4939422 8052669 3493226 3609265 2779893 1898011
8346308 6094463 2810789 1484365 760746 4506301 7607977 7201556 4827242 9109267
1894854 3587496 2719911 2795631 821662 7030609 1234741 1084875 8240495 8052429
3353438 4666634 3482442 5023884 6205508 8919771 5357995 3404982 1962361 4811276
6367902 6903089 101909 3595086 6982846 4914589 7708727 3760713 8469936 3427939
6508931 9007666 2639478 1836414 4867481 4823170 6376483 1363022 1500370 7727742
6966171 2287746 593176 6407921 6404428 4405339 3365409 9105519 3886193 525964
667392 3968697 3366260 1947210 3479036 3086382 3612733 8907931 3600975 3565366
5222458 1327460 6668908 924509 4342720 1376163 4375823 9813122 7984583 5445672
7180361 2150343 5198141 7521280 8763900 713955 7017445 5396914 4829554 2840618
290949 6092867 3774307 9501186 4215305 5724750 2542715 685912 5808982 9448182
2192080 3007977 6984791 7452890 3572097 5738606 1104318 8750292 4716517 1823157
7516853 9238209 6018162 6369164 2609728 3280745 6101955 9794060 1946903 2896407
2024382 1123599 820871 4513160 972051 8730384 9709284 6005552 3609007 2920245
1502183 9502796 9095328 96255 4277547 5987715 1993644 1135008 9712116 1870427
9660508 3591079 2694794 2610579 1980012 3989057 9372123 2350479 3699286 7788286
3745638 6068775 4998813 9960323 5397583 674494 5719847 3845795 5916772 7108738
519623 8308471 8719345 9958046 7782334 8660687 3261229 9521155 5960333 8528142
2323973 6283566 1233861 9540250 8784356 4901832 324688 5820520 5729693 7653610
9037475 4469579 3924223 6625978 2917767 2630235 6751046 122348 3854022 2122495
3468759 4627211 3458605 585182 8760303 1973374 6768947 7839835 8585000 1221019
5304138 2670442 625872 9227157 628343 1335754 9972665 8132501 8384855 5997978
3110087 3354863 2413032 1029410 3407571 221633 6612065 4258100 4495307 8738821
247583 7499347 167103 2666306 8888299 9578822 9423346 4638124 2020541 7368911
1262995 2650378 4527240 4617038 4054679 3362593 6108576 5811150 9887356 4138056
8167969 4490080 79696 6709424 4036200 5629764 4246098 938152 4105370 2937681
8658872 5220475 3287647 4490035 9049901 4574160 9518551 7362280 2950508 3329258
6717619 9715926 5074254 5466596 8814517 560672 1717441 7607799 3405230 4309466
4132160 5155870 2286765 9101187 5269623 1751512 318983 1034435 541142 6910653
4620951 6644274 9369336 2638143 5792404 9923194 3482010 1967302 7850498 3145526
1819013 9315273 2183302 9405089 9323912 2776994 6125781 973165 8068777 7157816
706365 9695383 7282503 8181720 1736448 2791516 8945771 3961863 5837050 8374676
8112064 7427517 3522710 3469275 8607636 1220493 6221002 8685875 3899579 5555389
2361939 7412654 329835 8237076 2755873 9677495 2124504 2818216 8652705 407911
1020031 3271218 682539 5971200 404590 7176465 9948797 6150331 7290754 1769356
5022633 8012080 3432186 3239012 295002 5484170 2707736 4680610 1695417 4876640
8735518 3919762 5676993 8647093 6005634 7011348 7231147 2199887 5985663 673180
4079847 1009147 899044 5252852 4169731 2547370 4636533 8087554 5803496 9085856
5894727 1710475 2288691 3825062 4692603 6746892 113871 9183249 4935838 2232248
5414352 5844957 7878278 7167171 6621018 4607644 163264 1007033 5205325 4595305
488345 8650445 6969982 4616750 1180968 2096436 9643835 2607887 4274038 5733423
8586667 7441735 377176 330457 594506 4743298 3710082 3311163 4308327 3940475
5402521 523660 6994070 7993865 6462352 8084164 7939117 5837903 9235210 4407442
14852 9467642 5631670 1843936 500442 7891342 9238163 113720 3977764 848936
738174 5819126 4220844 7692404 6244011 3811459 8815566 4222617 2192338 3695091
377824 5309685 8324487 6670499 356356 6087042 3449941 3711853 7069911 4659646
4788067 2481794 2782651 8705847 1479651 9353105 8150434 2769411 3018127 3797462
3934837 2739468 5112644 8748369 4212461 5401112 6268104 6799549 2966210 1218099
6760231 3005389 3439052 7603913 1045957 4096406 4786972 3255111 4071310 8214472
7849275 3410347 5020594 797425 1806793 7620820 9057060 1637824 1939598 202624
7872090 3304630 6896284 6663171 9124033 2818229 4178349 7745478 6256889 9361620
3350838 4526218 1160073 3598809 5772961 4994288 4047897 6040475 4579359 678529
5098042 5301226 6567808 4420830 237999 394983 6805836 3744184 2348292 4855835
4461960 3317105 4372549 6381911 6556462 4415029 9377990 8022767 6984574 927475
8301035 757120 650730 9426733 2488027 3826439 6713491 7412979 1966850 1526983
4145810 8731666 8233432 9294146 2726546 5019712 8492868 1836304 447272 8942317
6647636 2934701 3065182 2640187 1606611 6461991 2165552 6622958 5630565 2812270
1156230 9345693 4743559 1150399 4719557 3260962 406603 5329328 4948700 2627532
7233702 3986612 7460724 3548998 6078939 815399 1537975 1351369 3283573 4730519
6921685 4562122 1738042 3194574 1198702 9199306 1572760 1570062 2980516 7386113
2910779 9162097 8642887 1978887 8308048 3779713 8710352 3128083 7561580 6338379
5514202 9683076 768426 6883975 7634913 5354864 2265817 3376910 6820378 2126294
5914639 8271811 3729022 6520266 7772588 6036295 3986785 9613676 3096358 3528250
1923940 1323330 5824727 7833554 6002034 2132291 73625 9648292 386505 9557503
4450122 9763657 175597 3804789 7405892 4089934 1720854 5333328 2953774 6676554
1437875 2903667 2374627 3609883 2209379 6591644 9605329 3656426 5955981 3204606
167715 9948954 2019307 5287695 7207656 9323596 7555183 5114282 7726901 4256191
486075 1455295 5249788 699431 7186653 186839 4391730 7099601 5988842 3170130
4046699 1213867 2656488 8385030 18625 3968977 7252054 6599522 6337839 738187
6164037 347219 8414933 8886351 1073417 617616 5851601 4755490 7169349 1332313
6472462 4187896 159151 629252 8932090 3665430 8715953 2508010 8041910 6089493
4528395 3639404 261005 2774744 553391 4776010 3183706 4743593 3010738 5148573
8839234 1114199 9326423 4816559 1976103 6356137 9594279 3524590 9505029 7090415
781709 8022833 2073360 9724047 9953031 6102676 2218081 8169984 9620518 1028954
4971203 8403323 3806656 4337442 888573 3068217 5766483 7662269 9847400 5541931
2002186 6026700 7445534 921965 4966844 9913009 9078077 5954167 1357172 5185590
3583612 3044208 3347112 1342927 1826484 828075 4149927 3174953 5770367 6953170
6805362 6373047 4079808 6793619 760687 506933 6250499 7095181 8736864 479918
8859924 1847551 5941842 9495059 1963781 7259932 1393265 7744601 6448847 6337491
3168927 4775832 2882838 8785031 4312054 3467036 6300654 8259269 7647719 4646896
6438525 81421 1889998 3200420 8588677 635301 5570054 2276381 3679253 7352693
7282229 7820690 2719609 5532112 3063983 299944 4894719 4165528 4019977 9694071
466061 2427457 660487 9438465 1365204 2941571 4387826 1201377 2803926 8970775
85308 9396016 4055097 9168240 6214327 3578667 4674112 8364108 3985783 5233162
6661830 1191649 7790322 6590080 2823555 8457947 8129522 2929677 1147364 3680477
2285425 8404468 8875576 5205669 9854879 7949031 2565582 7401295 1599371 7585495
8481156 3460917 7989003 4026573 6003206 7377040 2589271 6155664 6876245 677267
313451 3121783 3083350 8612226 3896484 8168459 6189347 1697226 2828984 6823487
4188853 5846691 4545210 4271837 1408594 2848638 1227623 4775027 1069899 3168661
7651663 3730867 8714326 8661295 4167519 1333291 1617767 8876719 5709067 5325567
4544478 7094145 4882105 5105524 1219774 4953912 9581239 1974379 1216795 5958324
1735418 6577745 9908137 5692960 2783640 9858547 5220803 3276906 5699564 6338424
171351 4436396 4585439 604272 6875585 6413610 2231035 9762603 2782584 390694
1227397 3607667 354869 5883713 2869358 104763 6242209 2411935 8482296 8611404
2002082 7795565 5448998 9725026 4563532 3337890 4798595 5489203 9822608 5041657
9766185 9978178 317787 6944070 3878852 717173 9833436 4558844 2825057 8823619
